Numero de Telefono,Fecha de la llamada,Preferencia Partido,Gubernatura,ID,Colonia,Codigo Postal,Sexo,Nombre completo,Lat,Lon,Direccion Completa,Privadas,Edad 2027,Rango edad,Partido,Servidor Publico,Beneficiario Estado,Programa Estado,Programa Federal,Distrito Federal,Distrito Local,Municipio,Seccion,Nombre Municipio
6142859079,2026-10-03 14:44:04.102713,-,Alfredo Lozoya,6478905,ROSARIO,31030,Hombre,JOSE ANTONIO OCHOA ESTRADA,28.611366859922,-106.077562461643,"C CARLOS FUERO 5208, ROSARIO, 31030 Chihuahua,CHIH",,70,65+,,,,,GOB FED - ADULTOS MAYORES,8,16,19,530,CHIHUAHUA
6563958302,2026-10-03 14:45:00.880547,-,Alfredo Lozoya,5439297,EL CID,32538,Hombre,ALEJANDRO DE LUCIO DELGADILLO,31.708262028037,-106.415506883718,"C MEDANOS  OTE 7632, EL CID, 32538 Chihuahua,CHIH",,68,65+,,,,,,4,5,37,1682,JUAREZ
6563517281,2026-10-03 14:46:21.339292,-,Alfredo Lozoya,5480761,AMERICAS,31510,Hombre,JESUS FERNANDO GUADERRAMA RONQUILLO,28.414766415627,-106.878277729904,"C LAGUNA DE LOS MEXICANOS 730, AMERICAS, 31510 Chihuahua,CHIH",,60,60–64,,SERVICIOS EDUCATIVOS DEL ESTADO DE CHIHUAUA,,,,7,14,17,276,CUAUHTEMOC
6977330114,2026-10-03 14:48:43.897499,-,Alfredo Lozoya,5979471,PARAJE DE ORIENTE,32585,Hombre,GREGORIO CASTRO RAMIREZ,31.596244262343,-106.347544904029,"C DESIERTO DE QATAR NORTE 1212, PARAJE DE ORIENTE, 32585 Chihuahua,CHIH",,67,65+,,,,,,2,8,37,2954,JUAREZ
6144168189,2026-10-03 14:50:26.302479,-,Alfredo Lozoya,5692017,ROMA,31040,Hombre,CARLOS TEODORO GUILLEN SOSA,28.652287599038,-106.057641774921,"C OJINAGA 4509, ROMA, 31040 Chihuahua,CHIH",,95,65+,,,,,GOB FED - ADULTOS MAYORES,8,15,19,443,CHIHUAHUA
6563011460,2026-10-03 14:51:10.570270,-,Alfredo Lozoya,5418178,RDCIAL LOS ALMENDROS,32537,Mujer,MARIA MONSERRAT MORENO TAPIA,31.699523058617,-106.407627797022,"C PASEO DE LOS NOGALES 8231, RDCIAL LOS ALMENDROS, 32537 Chihuahua,CHIH",,58,41–59,,,SECRETARIA DE DESARROLLO HUMANO Y BIEN COMUN,JUNTOS SI PODEMOS,,4,5,37,1694,JUAREZ
6142308549,2026-10-03 14:51:28.417232,-,Alfredo Lozoya,5203131,FRANCISCO R ALMADA,31034,Mujer,NORMA IRENE ESTRADA GARCIA,28.59703313494,-106.068496343712,"C SANTIAGO ALMADA 5619, FRANCISCO R ALMADA, 31034 Chihuahua,CHIH",,56,41–59,,,,,,8,16,19,541,CHIHUAHUA
6563147057,2026-10-03 14:51:43.862504,-,Alfredo Lozoya,5278300,CERRADA BASALTO,32540,Mujer,MARIA ROSA GURROLA DE LA ROSA,31.692601971441,-106.354704581169,"C CERRADA  BASALTO 870, CERRADA BASALTO, 32540 Chihuahua,CHIH",,47,41–59,,,,,,4,5,37,1706,JUAREZ
6141426396,2026-10-03 14:53:17.892683,-,Alfredo Lozoya,6106735,LOMAS DEL SANTUARIO,31205,Hombre,MARIO HUMBERTO MEDINA DUARTE,28.631349275183,-106.094047318256,"C PRESA TINTERO 2401, LOMAS DEL SANTUARIO, 31205 Chihuahua,CHIH",,85,65+,,,,,GOB FED - ADULTOS MAYORES,6,18,19,840,CHIHUAHUA
6144065497,2026-10-03 14:53:44.086790,-,Alfredo Lozoya,5776097,MARGARITA MAZA DE JUAREZ,31416,Mujer,MARIA ELENA SIQUEIROS MORALES,28.600460662786,-106.093815390996,"C GUELATAO DE JUAREZ 2019, MARGARITA MAZA DE JUAREZ, 31416 Chihuahua,CHIH",,51,41–59,,,,,,8,16,19,478,CHIHUAHUA
6565625857,2026-10-03 14:55:05.556510,-,Alfredo Lozoya,6803379,INF FRONTERA II,32420,Mujer,SILVIA XX SCOTT,31.739319448009,-106.417970795094,"C LAGUNA DE SANTA MARIA 7280, INF FRONTERA II, 32420 Chihuahua,CHIH",,55,41–59,,,,,,4,4,37,1947,JUAREZ
6144475655,2026-10-03 14:57:56.661562,-,Alfredo Lozoya,5982391,RINCONADA UNIVERSIDAD II,31124,Hombre,VICTOR HUGO ALARCON ARMENDARIZ,28.7010459801831,-106.14117911,"CIRCUITO TESIS 6016, RINCONADA UNIVERSIDAD II, 31124 Chihuahua,CHIH",,48,41–59,,,,,,6,12,19,3210,CHIHUAHUA
8182540926,2026-10-03 15:01:52.776003,-,Alfredo Lozoya,5295407,10 DE MAYO,31200,Mujer,LAURA ELENA LOZANO GARCIA,28.662627813715,-106.081320823208,"C 10 DE MAYO 3705, 10 DE MAYO, 31200 Chihuahua,CHIH",,65,65+,,,,,,8,15,19,785,CHIHUAHUA
6141886328,2026-10-03 15:02:28.127636,-,Alfredo Lozoya,5533364,QUINTA VERSALLES,31313,Hombre,CESAR RENTERIA SOTO,28.677749647143,-106.039648431372,"C KINSHASA 9112, QUINTA VERSALLES, 31313 Chihuahua,CHIH",,48,41–59,,,,,,8,17,19,3229,CHIHUAHUA
6564011783,2026-10-03 14:45:04.875821,-,Cruz Pérez Cuellar,5265007,PARAJE DE SAN JUAN,NULL,Mujer,LAURA VARGAS PONCE,31.574155432905,-106.344076640133,"C MONTE WASHINGTON 1743, PARAJE DE SAN JUAN, NULL Chihuahua,CHIH",,56,41–59,,,,,,2,10,37,3147,JUAREZ
6143492046,2026-10-03 14:45:28.308497,-,Cruz Pérez Cuellar,5380392,LAS AGUILAS,31124,Mujer,LETICIA GLORIA COTA SOTO,28.637594806058,-106.098917953324,"C VIRGINIA 2025, LAS AGUILAS, 31124 Chihuahua,CHIH",,76,65+,,,,,GOB FED - ADULTOS MAYORES,6,18,19,825,CHIHUAHUA
6142235544,2026-10-03 14:46:53.254065,-,Cruz Pérez Cuellar,7038738,CENTRO,31000,Hombre,ERICK EDUARDO BERMUDEZ ESCARCEGA,28.637631553522,-106.080147859678,"C NIÑOS HEROES 212, CENTRO, 31000 Chihuahua,CHIH",,33,31–40,,,,,,8,15,19,434,CHIHUAHUA
6562700029,2026-10-03 14:47:16.606903,-,Cruz Pérez Cuellar,6122419,CHIHUAHUITA,32800,Mujer,CECILIA CARREON BERNAL,30.616657189381,-106.510365803964,"C GALEANA Y ARGENTINA 112, CHIHUAHUITA, 32800 Chihuahua,CHIH",,65,65+,,,SECRETARIA DE DESARROLLO HUMANO Y BIEN COMUN,APOYO A PERSONAS MAYORES,,2,11,1,4,AHUMADA
6142357895,2026-10-03 14:47:27.859219,-,Cruz Pérez Cuellar,5200977,QUINTA MONTECARLO II,31170,Hombre,JORGE ARTURO CHICO RUIZ,28.7457318743,-106.148407262712,"C ARBOL DE PIPERMINT 621, QUINTA MONTECARLO II, 31170 Chihuahua,CHIH",,46,41–59,,SECRETARIA DE COMUNICACIONES Y OBRAS PUBLICAS,,,,6,12,19,3344,CHIHUAHUA
6563059155,2026-10-03 14:49:16.822301,-,Cruz Pérez Cuellar,5702912,MORELOS,32590,Mujer,MARIA GUADALUPE PERCHES HOLGUIN,31.660985962,-106.417559603,"C FCO VILLA Y F MONTES OCA 35, MORELOS, 32590 Chihuahua,CHIH",,61,60–64,,SERVICIOS EDUCATIVOS DEL ESTADO DE CHIHUAUA,,,,2,8,37,1886,JUAREZ
6143568037,2026-10-03 14:49:32.377640,-,Cruz Pérez Cuellar,5952690,SAN JOSE,31100,Mujer,MARIA LUISA QUINTANA ORTIZ,28.630723333,-106.01360312,"C PRIMERO DE MAYO 9, SAN JOSE, 31100 Chihuahua,CHIH",,46,41–59,MORENA,,SECRETARIA DE DESARROLLO HUMANO Y BIEN COMUN,FORTALECIMIENTO COMUNITARIO Y PARTICIPACION CIUDADANA,,6,15,19,661,CHIHUAHUA
6591011057,2026-10-03 14:49:33.369539,-,Cruz Pérez Cuellar,5854465,JUAREZ,31660,Hombre,GERARDO DOMINGUEZ LOERA,28.761585715116,-107.254838816475,"AV INDEPENDENCIA S/N, JUAREZ, 31660 Chihuahua,CHIH",,67,65+,,,,,,7,13,6,82,BACHINIVA
6565565927,2026-10-03 14:49:35.151019,-,Cruz Pérez Cuellar,6375538,LAS LILAS,32695,Mujer,MARIA DE LOURDES AVILA PRADO,31.660985962,-106.417559603,"C PASEO DE LAS VIRGENES 10533, LAS LILAS, 32695 Chihuahua,CHIH",,39,31–40,,,,,,3,2,37,1914,JUAREZ
6564132527,2026-10-03 14:49:54.259578,-,Cruz Pérez Cuellar,7236906,LEYES DE REFORMA,32090,Mujer,MONICA SANCHEZ MANRIQUEZ,31.727614627093,-106.496164429233,"C ARTEAGA 2036, LEYES DE REFORMA, 32090 Chihuahua,CHIH",,49,41–59,,,,,,3,3,37,1980,JUAREZ
6141256170,2026-10-03 14:50:13.080917,-,Cruz Pérez Cuellar,5559683,FUENTES DEL SANTUARIO,31205,Mujer,JUDITH DOLORES MOLINA SEAÑEZ,28.6340767420721,-106.093627439,"C 24 2703, FUENTES DEL SANTUARIO, 31205 Chihuahua,CHIH",,74,65+,,SERVICIOS EDUCATIVOS DEL ESTADO DE CHIHUAHUA,,,,6,18,19,837,CHIHUAHUA
6145402976,2026-10-03 14:50:30.917011,-,Cruz Pérez Cuellar,6066149,INFONAVIT NACIONAL,31120,Hombre,PORFIRIO HURTADO PICHARDO,28.67683836663,-106.114858158918,"C QUETZALCOATL 415 A, INFONAVIT NACIONAL, 31120 Chihuahua,CHIH",,74,65+,,,SECRETARIA DE DESARROLLO HUMANO Y BIEN COMUN,FORTALECIMIENTO COMUNITARIO Y PARTICIPACION CIUDADANA,GOB FED - ADULTOS MAYORES,6,15,19,707,CHIHUAHUA
6143458354,2026-10-03 14:50:59.050493,-,Cruz Pérez Cuellar,5796435,LINCE III,31300,Mujer,MARISELA TERRAZAS RODALLEGAS,28.673234483541,-106.072348498773,"C MARIA DE LOS ANGELES 4911, LINCE III, 31300 Chihuahua,CHIH",,61,60–64,,,,,,8,15,19,740,CHIHUAHUA
6143762346,2026-10-03 14:51:03.910747,-,Cruz Pérez Cuellar,6117754,MARMOL III,31080,Mujer,MARIA DE LOURDES NEGRETE MORENO,28.604603090946,-106.033570844537,"C ISABEL LA CATOLICA 2630, MARMOL III, 31080 Chihuahua,CHIH",,69,65+,MORENA,,SECRETARIA DE DESARROLLO HUMANO Y BIEN COMUN,FORTALECIMIENTO COMUNITARIO Y PARTICIPACION CIUDADANA,,8,16,19,599,CHIHUAHUA
9512430119,2026-10-03 14:51:18.287660,-,Cruz Pérez Cuellar,6235360,CAMPESINA,33110,Mujer,MARIA DE JESUS MACIAS MARTINEZ,28.068183333,-105.473714444,"AV DE LOS OLMOS 309, CAMPESINA, 33110 Chihuahua,CHIH",,41,41–59,,,,,,5,19,21,1024,DELICIAS
6141082401,2026-10-03 14:51:39.418931,-,Cruz Pérez Cuellar,6259482,PANORAMICO,31107,Mujer,JENNY ELIZABETH OCHOA TORRES,28.6692689421305,-106.116480546,"C IZALCO 1015, PANORAMICO, 31107 Chihuahua,CHIH",,41,41–59,,UNIVERSIDAD AUTONOMA DE CHIHUAHUA (3ER TRIMESTRE),SECRETARIA DE SALUD,SECRETARIA DE SALUD,,6,15,19,734,CHIHUAHUA
6361026802,2026-10-03 14:51:45.807300,-,Cruz Pérez Cuellar,5897866,CAMPESINA,31410,Hombre,JESUS GILBERTO ESTRADA CHAIDES,28.6187034110465,-106.099492763,"PRIV PENSAMIENTOS 3809, CAMPESINA, 31410 Chihuahua,CHIH",,65,65+,,,,,,8,18,19,425,CHIHUAHUA
6142279531,2026-10-03 14:51:50.337501,-,Cruz Pérez Cuellar,7119484,VILLA NUEVA,31100,Hombre,JOSE CHAVIRA ROJO,28.693839362639,-106.100222019039,"C PARACAIDISTAS 135, VILLA NUEVA, 31100 Chihuahua,CHIH",,64,60–64,MORENA,,,,,8,15,19,666,CHIHUAHUA
6565653475,2026-10-03 14:52:10.714099,-,Cruz Pérez Cuellar,6318466,AMPLIACION AEROPUERTO,32690,Hombre,IVAN ARTURO PALACIOS DELGADO,31.662427785755,-106.423661484179,"C TERCERA 7124, AMPLIACION AEROPUERTO, 32690 Chihuahua,CHIH",,40,31–40,,,,,,1,7,37,1815,JUAREZ
6562871458,2026-10-03 14:52:11.277760,-,Cruz Pérez Cuellar,5780551,LOS LAGOS,32360,Mujer,KARLA JUDITH ICZA FONSECA REVILLA,31.7259012910723,-106.437073359,"C LAGO DE PATZCUARO 1130, LOS LAGOS, 32360 Chihuahua,CHIH",,56,41–59,,,,,,4,4,37,1646,JUAREZ
6142523794,2026-10-03 14:53:39.230303,-,Cruz Pérez Cuellar,6142445,FUENTES DEL SANTUARIO,31205,Hombre,JESUS JOSE BAILON FRANCO,28.634069304776,-106.094851474564,"PRIV JOSE DE SAN MARTIN 2403, FUENTES DEL SANTUARIO, 31205 Chihuahua,CHIH",,76,65+,MORENA,,SECRETARIA DE DESARROLLO HUMANO Y BIEN COMUN,FORTALECIMIENTO COMUNITARIO Y PARTICIPACION CIUDADANA,GOB FED - ADULTOS MAYORES,6,18,19,837,CHIHUAHUA
6562658838,2026-10-03 14:54:09.130568,-,Cruz Pérez Cuellar,5567830,LA RAZA,32360,Hombre,ALEJANDRO SANTIAGO RANGEL SOTO,31.7253425500716,-106.441171606,"C FRANCISCO PIZARRO 5141, LA RAZA, 32360 Chihuahua,CHIH",,66,65+,,,,,,4,4,37,1663,JUAREZ
6563048440,2026-10-03 14:54:15.354736,-,Cruz Pérez Cuellar,5620779,INF AMP AEROPUERTO,32690,Hombre,AARON ANGEL HUERTA VALENZUELA,31.660864544874,-106.415924386315,"C JORDANIA 6321, INF AMP AEROPUERTO, 32690 Chihuahua,CHIH",,56,41–59,,,,,,1,7,37,1833,JUAREZ
8712406612,2026-10-03 14:54:17.581120,-,Cruz Pérez Cuellar,5128636,RCHO PIE DE LA CUESTA,33180,Hombre,ELIN REYNALDO PALMA AGUIRRE,26.820171455,-107.070366393,"LOC PIE DE LA CUESTA S/N, RCHO PIE DE LA CUESTA, 33180 Chihuahua,CHIH",,48,41–59,,,,,,9,22,27,1111,GUACHOCHI
6141774499,2026-10-03 14:54:41.759997,-,Cruz Pérez Cuellar,6049254,POPULAR,31350,Mujer,BLANCA ARACELY PADILLA IRACHETA,28.653548075191,-106.058455913355,"C ALDAMA 5500, POPULAR, 31350 Chihuahua,CHIH",,48,41–59,MORENA,,SECRETARIA DE SALUD,MEDICHIHUAHUA,,8,15,19,439,CHIHUAHUA
6142080081,2026-10-03 14:54:39.644246,-,Cruz Pérez Cuellar,5622596,SAN PABLO,31107,Hombre,CARLOS ALONSO HERNANDEZ BUENO,28.662478783476,-106.110136046126,"PRIV DE CIPRES 813, SAN PABLO, 31107 Chihuahua,CHIH",,46,41–59,,,,,,6,15,19,761,CHIHUAHUA
9361013033,2026-10-03 14:54:58.850564,-,Cruz Pérez Cuellar,6505317,SANTA ROSA,31050,Hombre,MARCO ANTONIO ESTRADA JIMENEZ,28.6555786,-106.08790499,"C 8A 5002, SANTA ROSA, 31050 Chihuahua,CHIH",,37,31–40,,,,,,8,16,19,551,CHIHUAHUA
6562690354,2026-10-03 14:55:23.617522,-,Cruz Pérez Cuellar,5106928,PASEO DE SANTA MONICA,32695,Hombre,MANUEL ALEJANDRO HIPOLITO VALERIO,31.62157781032,-106.411049806704,"C SAN FRANCISCO 8821, PASEO DE SANTA MONICA, 32695 Chihuahua,CHIH",,42,41–59,,,,,,1,7,37,2711,JUAREZ
6142536229,2026-10-03 14:55:58.929241,-,Cruz Pérez Cuellar,5449173,UNIDAD KARIKE,31100,Mujer,SILVIA ARENIVAR ZAMARRON,28.676960868145,-106.104911857333,"C TEHUEQUE 6702, UNIDAD KARIKE, 31100 Chihuahua,CHIH",,66,65+,MORENA,,,,,6,15,19,720,CHIHUAHUA
6145113424,2026-10-03 14:56:40.440512,-,Cruz Pérez Cuellar,5084413,DOS DE OCTUBRE,31070,Mujer,LAURA YADIRA MARRUFO IBARRA,28.636873713365,-106.038653893691,"C MARTIRES DE TLATELOLCO 48, DOS DE OCTUBRE, 31070 Chihuahua,CHIH",,53,41–59,,INSTITUTO CHIHUAHUENSE DE SALUD,,,,8,17,19,573,CHIHUAHUA
6563203230,2026-10-03 14:57:06.437447,-,Cruz Pérez Cuellar,6780772,COND RIO GRANDE,32560,Mujer,AMALIA PORTILLO MUÑOS,31.661686809576,-106.358385303225,"C BROCOLI 925, COND RIO GRANDE, 32560 Chihuahua,CHIH",,60,60–64,MORENA,,,,,4,5,37,3037,JUAREZ
8712733581,2026-10-03 14:57:09.292887,-,Cruz Pérez Cuellar,5135274,CHARROS,31210,Hombre,GUILLERMO GUTIERREZ ESPINOZA,28.655276422492,-106.119304634174,"C SILVERIO PEREZ 511, CHARROS, 31210 Chihuahua,CHIH",,55,41–59,,,,,,6,15,19,775,CHIHUAHUA
6143943482,2026-10-03 14:57:41.399132,-,Cruz Pérez Cuellar,5864999,FRANCISCO I MADERO,31170,Mujer,MAYRA LILIANA TAMAYO SOTO,28.670760452859,-106.095773916578,"C EUCALIPTO 1902, FRANCISCO I MADERO, 31170 Chihuahua,CHIH",,53,41–59,,SECRETARIA DE HACIENDA,,,,8,15,19,719,CHIHUAHUA
6142340072,2026-10-03 14:58:47.309664,-,Cruz Pérez Cuellar,5348823,CERRO DE LA CRUZ,31460,Hombre,LUIS CARLOS MARQUEZ ACEVEDO,28.637590028105,-106.036088809877,"C 60 1/2 2810, CERRO DE LA CRUZ, 31460 Chihuahua,CHIH",,53,41–59,,,SECRETARIA DE DESARROLLO HUMANO Y BIEN COMUN,FORTALECIMIENTO COMUNITARIO Y PARTICIPACION CIUDADANA,,8,16,19,496,CHIHUAHUA
6562689766,2026-10-03 14:59:05.968434,-,Cruz Pérez Cuellar,5189362,COLONIAL DEL VALLE,32552,Hombre,JOSE OCTAVIO PEDREGON GALLARDO,31.676115836797,-106.36261456011,"C HACIENDA DE LA LLAVE PTE 1719, COLONIAL DEL VALLE, 32552 Chihuahua,CHIH",,69,65+,,,,,,4,5,37,1743,JUAREZ
6562694430,2026-10-03 14:59:16.667899,-,Cruz Pérez Cuellar,6250061,INDEPENDENCIA 1,32640,Hombre,DANIEL LOZOYA MORALES,31.692472408382,-106.451351505914,"C PRESA LA BOQUILLA 7591, INDEPENDENCIA 1, 32640 Chihuahua,CHIH",,40,31–40,,,,,,4,4,37,2104,JUAREZ
6144862772,2026-10-03 14:59:17.813100,-,Cruz Pérez Cuellar,6252306,CONCORDIA,31375,Hombre,OSCAR ALEJANDRO VALENZUELA RAMOS,28.673502277,-106.094462106,"C FRANCISCO I MADERO 303, CONCORDIA, 31375 Chihuahua,CHIH",,40,31–40,PVEM,,,,,8,17,19,850,CHIHUAHUA
7441181422,2026-10-03 15:00:42.707866,-,Cruz Pérez Cuellar,5272783,SANTO NIÑO,33470,Mujer,MARIA ELENA GUTIERREZ AVILA,26.092302578,-106.961992369,"C SIN NOMBRE S/N, SANTO NIÑO, 33470 Chihuahua,CHIH",,44,41–59,,SERVICIOS DE SALUD DE CHIHUAHUA,SECRETARIA DE DESARROLLO HUMANO Y BIEN COMUN,JUNTOS SI PODEMOS,,9,22,29,1136,GUADALUPE Y CALVO
6145422455,2026-10-03 15:02:16.780310,-,Cruz Pérez Cuellar,5510213,COLINAS DEL LEON,31313,Hombre,OBED RAMIREZ TERRAZAS,28.676385911497,-106.029445978827,"C GUINEA ECUATORIAL 9732, COLINAS DEL LEON, 31313 Chihuahua,CHIH",,45,41–59,,,,,,8,17,19,3222,CHIHUAHUA
4171779066,2026-10-03 15:02:46.412495,-,Cruz Pérez Cuellar,5928945,QUINTAS DEL SOL,31214,Hombre,VICTOR MANUEL VEGA DELGADO,28.6253405050575,-106.099716461,"C MAINE 3615, QUINTAS DEL SOL, 31214 Chihuahua,CHIH",,71,65+,,,,,GOB FED - ADULTOS MAYORES,6,18,19,839,CHIHUAHUA
6142431295,2026-10-03 15:02:54.471843,-,Cruz Pérez Cuellar,5889381,OCAMPO,31030,Mujer,GABRIELA ADRIANA POSADA QUEZADA,28.619735896876,-106.062649630971,"C 18 4602, OCAMPO, 31030 Chihuahua,CHIH",,55,41–59,,,,,,8,16,19,549,CHIHUAHUA
6142357462,2026-10-03 15:03:14.157878,-,Cruz Pérez Cuellar,6249291,LAZARO CARDENAS,31075,Hombre,ALONSO JAVIER BEJARANO TORRESDEY,28.610423602448,-106.034218969771,"C ELENA ARIZMENDI 2018, LAZARO CARDENAS, 31075 Chihuahua,CHIH",,65,65+,,,,,,8,16,19,603,CHIHUAHUA
3314710868,2026-10-03 15:03:02.859370,-,Cruz Pérez Cuellar,6909820,VILLA JUAREZ,31064,Mujer,REYNA ABRIL BALDERAS MERAZ,28.601816351806,-106.015387850821,"C FRANCISCO SARABIA 1705, VILLA JUAREZ, 31064 Chihuahua,CHIH",,34,31–40,,,,,GOB FED - BECAS BASICO,8,16,19,880,CHIHUAHUA
2491155298,2026-10-03 15:03:25.968867,-,Cruz Pérez Cuellar,4923831,NUEVAS DELICIAS,31620,Hombre,SANTOS CHACON POLANCO,28.641848606,-106.096383327,"C EMILIANO ZAPATA SN, NUEVAS DELICIAS, 31620 Chihuahua,CHIH",,75,65+,,,,,,6,18,19,890,CHIHUAHUA
6566169043,2026-10-03 15:03:30.185665,-,Cruz Pérez Cuellar,5375241,LOMAS DEL REY,32651,Hombre,HUMBERTO MARIÑELARENA SIERRA,31.6696882949849,-106.435702844,"C ESPERANZA 5814, LOMAS DEL REY, 32651 Chihuahua,CHIH",,81,65+,,,,,,4,6,37,1803,JUAREZ
6144187578,2026-10-03 15:04:10.969061,-,Cruz Pérez Cuellar,6126854,LOMAS UNIVERSIDAD,31123,Mujer,KAREN IDALY GUTIERREZ VALDIVIEZO,28.681715167445,-106.142232532679,"C UNIVERSIDAD DE PALERMO 4050, LOMAS UNIVERSIDAD, 31123 Chihuahua,CHIH",,44,41–59,MORENA,JUAREZ - CENTRALIZADA,,,,6,18,19,641,CHIHUAHUA
6681833596,2026-10-03 15:04:32.785773,-,Cruz Pérez Cuellar,6410205,RINCONADA DE LAS TORRES,32574,Mujer,ADRIANA LOPEZ MEDRANO,31.61869938095,-106.379683970651,"C RINCON DE PAMPLONA 2061, RINCONADA DE LAS TORRES, 32574 Chihuahua,CHIH",,38,31–40,,,SECRETARIA DE DESARROLLO HUMANO Y BIEN COMUN,JUNTOS SI PODEMOS,,1,9,37,2745,JUAREZ
6144189248,2026-10-03 14:44:36.291049,-,Marco Bonilla,5183678,ZOOTECNIA,31453,Hombre,SALVADOR ORTIZ MENDOZA,28.5804128629831,-106.103072012,"C BOVINOCULTURA 12607, ZOOTECNIA, 31453 Chihuahua,CHIH",,51,41–59,,SECRETARIA DE SEGURIDAD PUBLICA DEL ESTADO,,,,8,16,19,538,CHIHUAHUA
6565627559,2026-10-03 14:44:41.972280,-,Marco Bonilla,4990660,RINCONES DE SAN MARCOS,32450,Hombre,RAMIRO SOTO GONZALEZ,31.7233891810684,-106.414341488,"C CONVENTO DE SANTA TERESA 1135, RINCONES DE SAN MARCOS, 32450 Chihuahua,CHIH",,57,41–59,,,,,,4,4,37,1639,JUAREZ
6141974163,2026-10-03 14:44:50.954778,-,Marco Bonilla,5059909,DIVISION DEL NORTE,31064,Mujer,MARIA ISABEL ALANIS MALDONADO,28.593928511,-106.014093185,"C TORIBIO ORTEGA 312, DIVISION DEL NORTE, 31064 Chihuahua,CHIH",,47,41–59,,,,,,8,16,19,874,CHIHUAHUA
6141849706,2026-10-03 14:44:55.092327,-,Marco Bonilla,5398973,PANAMERICANA,31210,Mujer,MAYRA EUGENIA BARRERA CALZADILLAS,28.6505902980994,-106.114771458,"C REPUBLICA DE ARGENTINA 209, PANAMERICANA, 31210 Chihuahua,CHIH",,49,41–59,PAN,CHIHUAHUA,,,,6,15,19,777,CHIHUAHUA
6142270859,2026-10-03 14:45:05.531854,-,Marco Bonilla,5685619,FCO I MADERO,31104,Hombre,VICTOR MANUEL RUIZ ALVIDREZ,28.679826263655,-106.097748096147,"C PINO 2111, FCO I MADERO, 31104 Chihuahua,CHIH",,56,41–59,,,,,,8,15,19,767,CHIHUAHUA
6144205219,2026-10-03 14:45:01.134029,-,Marco Bonilla,5519882,DALE,31050,Mujer,TERESA CHAPARRO CAMPUZANO,28.6167646120433,-106.060145562,"C 22 5206, DALE, 31050 Chihuahua,CHIH",,71,65+,,,,,GOB FED - ADULTOS MAYORES,8,16,19,547,CHIHUAHUA
6141970498,2026-10-03 14:45:07.333603,-,Marco Bonilla,6618791,FUENTES DEL SOL,31207,Mujer,ELISA AGUAYO BALDERRAMA,28.612234734209,-106.111617810606,"C FUENTES DE ANDALUCIA 6632, FUENTES DEL SOL, 31207 Chihuahua,CHIH",,36,31–40,,,,,,6,18,19,846,CHIHUAHUA
6142238347,2026-10-03 14:45:27.256630,-,Marco Bonilla,5472954,U INSURGENTES,31130,Hombre,JAIME TORRES SIGALA,28.680253531169,-106.105230537292,"C LEONARDO D VINCI 1107, U INSURGENTES, 31130 Chihuahua,CHIH",,58,41–59,,,,,,8,15,19,712,CHIHUAHUA
6141366311,2026-10-03 14:45:31.812436,-,Marco Bonilla,6021206,CONCORDIA,31380,Mujer,MARIA ESTELA ORTEGA CARRASCO,28.658731039183,-106.059273657127,"PERIF LOMBARDO TOLEDANO 6206, CONCORDIA, 31380 Chihuahua,CHIH",,57,41–59,,,,,,8,17,19,850,CHIHUAHUA
6144882611,2026-10-03 14:45:40.103498,-,Marco Bonilla,5380430,PANAMERICANA,31210,Hombre,LUIS CARLOS VELO DURAN,28.6502803930989,-106.107407852,"C ANTONIO DE MONTES 5301, PANAMERICANA, 31210 Chihuahua,CHIH",,75,65+,,,,,GOB FED - ADULTOS MAYORES,6,15,19,801,CHIHUAHUA
6141422038,2026-10-03 14:45:49.825258,-,Marco Bonilla,6348407,LAS GRANJAS,31100,Hombre,EVER FABIAN SANCHEZ DIAZ,28.670176304258,-106.102299804847,"C FRANCISCO PIMENTEL 5507, LAS GRANJAS, 31100 Chihuahua,CHIH",,39,31–40,,,,,,6,15,19,743,CHIHUAHUA
6141823825,2026-10-03 14:45:53.645986,-,Marco Bonilla,5421220,CUARTELES,31020,Hombre,RAUL GREGORIO VARGAS BECERRA,28.6175098970447,-106.083555598,"C REVILLA 4610, CUARTELES, 31020 Chihuahua,CHIH",,45,41–59,,TIBUNAL ESTATAL ELECTORAL,,,,8,16,19,468,CHIHUAHUA
6141522935,2026-10-03 14:46:07.094697,-,Marco Bonilla,4970982,SANTA ROSA,31050,Hombre,ANTONIO BARRIO ROYVAL,28.627569623584,-106.067903240243,"C 8 3011, SANTA ROSA, 31050 Chihuahua,CHIH",,77,65+,PAN,,,,GOB FED - ADULTOS MAYORES,8,16,19,502,CHIHUAHUA
6142188495,2026-10-03 14:46:09.384005,-,Marco Bonilla,5501124,PASEOS DEL CAMINO REAL,31384,Hombre,RAUL ANTONIO SIQUEIROS LOPEZ,28.67566320199,-105.988809950414,"C PASEOS DEL RIN 9024, PASEOS DEL CAMINO REAL, 31384 Chihuahua,CHIH",,44,41–59,,,,,,8,17,19,3228,CHIHUAHUA
6145109202,2026-10-03 14:46:14.662053,-,Marco Bonilla,7271514,SANTA ROSA,31050,Mujer,ADRIANA SARAHI LOZANO GUTIERREZ,28.641701123413,-106.05258526353,"C ANTONIO OCHOA 302, SANTA ROSA, 31050 Chihuahua,CHIH",,30,25–30,PAN,CHIHUAHUA,,,,8,17,19,516,CHIHUAHUA
6142276352,2026-10-03 14:46:26.720999,-,Marco Bonilla,5817182,ANTIGUO LIENZO CHARRO,31378,Hombre,ELIER TALAVERA SALINAS,28.639316068185,-106.031756138279,"C LADRILLEROS 5300, ANTIGUO LIENZO CHARRO, 31378 Chihuahua,CHIH",,58,41–59,,,,,,8,17,19,572,CHIHUAHUA
6595780986,2026-10-03 14:47:01.385663,-,Marco Bonilla,6078818,EL MOLINO,31964,Hombre,PANFILO SIFUENTES ORNELAS,29.17023670821,-106.964524223918,"AV FRANCISCO JAVIER  MINA 1106, EL MOLINO, 31964 Chihuahua,CHIH",,80,65+,,,,,,7,13,48,2348,NAMIQUIPA
6142558203,2026-10-03 14:47:03.735722,-,Marco Bonilla,7338819,GRANJAS,31020,Hombre,JUAN CARLOS ACEVEDO MUÑOZ,28.661473625648,-106.097658577421,"C CEDRO 905, GRANJAS, 31020 Chihuahua,CHIH",,55,41–59,,,,,,6,15,19,771,CHIHUAHUA
6144581059,2026-10-03 14:46:56.004053,-,Marco Bonilla,5947573,SAN JORGE,31150,Hombre,VLADIMIR ERNESTO ALCALA BAÑUELOS,28.672774160611,-106.095505068534,"CTO MIGUEL SCHULTZ 5516, SAN JORGE, 31150 Chihuahua,CHIH",,45,41–59,,,,,,8,15,19,719,CHIHUAHUA
6563521811,2026-10-03 14:47:33.041998,-,Marco Bonilla,5250454,GREGORIO M SOLIS,32160,Mujer,ROSA ANGELICA SANCHEZ SAENZ,31.739749611234,-106.497713153482,"C FRANCISCO JAVIER MINA 2487, GREGORIO M SOLIS, 32160 Chihuahua,CHIH",,47,41–59,,,,,,3,3,37,1502,JUAREZ
6142278392,2026-10-03 14:47:24.964874,-,Marco Bonilla,7433022,FRANCISCO I. MADERO,31104,Mujer,VIANNEY CARDENAS DE LAS CASAS,28.673378833984,-106.091751886995,"PRIV PAQUIME 5313, FRANCISCO I. MADERO, 31104 Chihuahua,CHIH",,28,25–30,,CHIHUAHUA,,,,8,15,19,718,CHIHUAHUA
6144270056,2026-10-03 14:47:37.372306,-,Marco Bonilla,5584412,PACIFICO,31030,Hombre,GILBERTO ARQUIMIDES ESTRADA LECHUGA,28.11667,-106.2,"C MENDEZ 2803, PACIFICO, 31030 Chihuahua,CHIH",,61,60–64,,,,,,8,16,19,501,CHIHUAHUA
6142152832,2026-10-03 14:47:59.358352,-,Marco Bonilla,5339298,LEALTAD 2,31060,Mujer,JOSEFINA DOMINGUEZ SOLIS,28.615243959748,-106.063312285956,"C JUSTINIANI 3314, LEALTAD 2, 31060 Chihuahua,CHIH",,59,41–59,,,,,,8,17,19,560,CHIHUAHUA
6141832250,2026-10-03 14:48:03.971981,-,Marco Bonilla,5948246,DIAZ ORDAZ,31034,Mujer,MARICELA ORTIZ BORUNDA,28.603207169593,-106.069128648576,"C AVILA CAMACHO 5605, DIAZ ORDAZ, 31034 Chihuahua,CHIH",,49,41–59,,,,,,8,16,19,541,CHIHUAHUA
6563010992,2026-10-03 14:48:14.950478,-,Marco Bonilla,6001648,JARDINES DE SAN CARLOS II,32563,Hombre,MARCO ANTONIO HERNANDEZ ROSAS,31.667670650253,-106.383274694152,"C REGION DE CALIFORNIA 1148, JARDINES DE SAN CARLOS II, 32563 Chihuahua,CHIH",,49,41–59,,,,,,4,5,37,3333,JUAREZ
9992427808,2026-10-03 14:48:46.212190,-,Marco Bonilla,5485417,DEL PALMAR,32650,Hombre,PEDRITO ENRIQUEZ SANTANA,31.730064403125,-106.412938724662,"C DEL PALMAR NORTE 6715, DEL PALMAR, 32650 Chihuahua,CHIH",,45,41–59,,,,,,4,5,37,1746,JUAREZ
6144472930,2026-10-03 14:48:44.746995,-,Marco Bonilla,5210973,PRESIDENTES,31210,Mujer,ALMA LORENA MARTINEZ VIGIL,28.646475048105,-106.105243110147,"C JOSE LOPEZ PORTILLO 428, PRESIDENTES, 31210 Chihuahua,CHIH",,61,60–64,,FISCALIA GENERAL DEL ESTADO DE CHIHUAHUA,,,,6,15,19,807,CHIHUAHUA
6144882003,2026-10-03 14:49:20.266937,-,Marco Bonilla,5624877,RDCIAL CUMBRES,31217,Hombre,JUAN CARLOS CANO DEL VAL,28.642202875876,-106.120552237202,"C CUMBRE MARZAN 7107, RDCIAL CUMBRES, 31217 Chihuahua,CHIH",,66,65+,,,DESARROLLO RURAL,APOYOS PARA EL OTORGAMIENTO DE INSUMOS PECUARIOS ENTREGADOS,,6,18,19,805,CHIHUAHUA
6566181629,2026-10-03 14:49:26.376527,-,Marco Bonilla,5279929,PASEO DE LOS VIRREYES,32507,Hombre,ALFREDO AGUILERA GUTIERREZ,31.709854762101,-106.416631649011,"C SAN GERONIMO 7645, PASEO DE LOS VIRREYES, 32507 Chihuahua,CHIH",,61,60–64,,,,,,4,5,37,1682,JUAREZ
8712757290,2026-10-03 14:49:26.103855,-,Marco Bonilla,5338277,OCAMPO,31627,Hombre,JORGE ALBERTO RODRIGUEZ RUIZ,28.830370833,-106.284314167,,,58,41–59,,,SECRETARIA DE DESARROLLO HUMANO Y BIEN COMUN,DESARROLLO HUMANO,,6,18,19,894,CHIHUAHUA
6563496746,2026-10-03 14:49:56.382502,-,Marco Bonilla,5211641,U HAB PASO DEL NORTE,32380,Mujer,AREHMI LOPEZ GARCIA,31.615358191823,-106.354551256931,"C MEZCALEROS 1697, U HAB PASO DEL NORTE, 32380 Chihuahua,CHIH",,52,41–59,,,,,,4,4,37,1686,JUAREZ
6141842770,2026-10-03 14:49:50.696339,-,Marco Bonilla,5087408,FUENTES DEL SOL,31207,Mujer,DEBBIE LEON CHACON,28.6130560850373,-106.11206993,"C FUENTE DE CANTOS 2118, FUENTES DEL SOL, 31207 Chihuahua,CHIH",,51,41–59,,TRIBUNAL SUPERIOR DE JUSTICIA,,,,6,18,19,846,CHIHUAHUA
6143941832,2026-10-03 14:50:11.900797,-,Marco Bonilla,6747813,SANTA RITA,31020,Hombre,RITO MARTINEZ QUIÑONEZ,28.6268889180602,-106.076186116,"C 20 1816, SANTA RITA, 31020 Chihuahua,CHIH",,85,65+,,,,,,8,16,19,462,CHIHUAHUA
6142270290,2026-10-03 14:50:24.290740,-,Marco Bonilla,6378158,LAS ALDABAS IV,31170,Hombre,JOEL ADAN VALDEZ LOM,28.736171049887,-106.160826362812,"CTO MILAN 2649, LAS ALDABAS IV, 31170 Chihuahua,CHIH",,39,31–40,,,SECRETARIA DE SALUD,SECRETARIA DE SALUD,,6,12,19,3178,CHIHUAHUA
6142282544,2026-10-03 14:50:41.485321,-,Marco Bonilla,6112662,DALE,31050,Hombre,FRANCISCO JAVIER SALCIDO LOZOYA,28.613000611037,-106.061080427,"C 34 5408, DALE, 31050 Chihuahua,CHIH",,60,60–64,,CHIHUAHUA,,,,8,16,19,545,CHIHUAHUA
6142201611,2026-10-03 14:51:04.582767,-,Marco Bonilla,5836840,INDUSTRIAL,31304,Mujer,ANA CECILIA FLORES CORREA,28.648868189,-106.12011585,"C AMERICAS 504, INDUSTRIAL, 31304 Chihuahua,CHIH",,42,41–59,,,,,,8,15,19,815,CHIHUAHUA
6142196951,2026-10-03 14:51:23.929969,-,Marco Bonilla,5325461,GRANJAS,31100,Hombre,FERNANDO TAKESHI YAMADA WECKMANN,28.681552263209,-106.099160631857,"C MIGUEL BARRAGAN 4111, GRANJAS, 31100 Chihuahua,CHIH",,47,41–59,,,,,,8,15,19,769,CHIHUAHUA
6142358782,2026-10-03 14:51:17.767859,-,Marco Bonilla,6174558,GRANJAS,31100,Mujer,EVA MARIA DEL ROCIO MALDONADO ROA,28.669970360897,-106.095728560395,"C ENCINO 1708, GRANJAS, 31100 Chihuahua,CHIH",,64,60–64,,,,,,8,15,19,766,CHIHUAHUA
6142191201,2026-10-03 14:51:21.850074,-,Marco Bonilla,5025965,SANTA ROSA,31050,Mujer,IRMA YESICA DOMINGUEZ RAMOS,28.617795209528,-106.064539384156,"C URUETA 505, SANTA ROSA, 31050 Chihuahua,CHIH",,43,41–59,,,,,,8,17,19,553,CHIHUAHUA
6681685427,2026-10-03 14:51:58.032548,-,Marco Bonilla,6496027,PARAJES DEL VALLE,32590,Hombre,ANGEL SOTO RIVERA,31.612760249319,-106.349793200745,"C FORTIN DE LA SOLEDAD 1720, PARAJES DEL VALLE, 32590 Chihuahua,CHIH",,51,41–59,,,SECRETARIA DE SALUD,MEDICHIHUAHUA,,2,8,37,2915,JUAREZ
6141752743,2026-10-03 14:52:28.011397,-,Marco Bonilla,5262542,SANTA ROSA,31050,Hombre,JORGE RAMIREZ PIÑON,28.620728859036,-106.0574893961,"C 10A. 5203, SANTA ROSA, 31050 Chihuahua,CHIH",,58,41–59,PAN,,,,,8,16,19,551,CHIHUAHUA
6562858865,2026-10-03 14:52:38.699445,-,Marco Bonilla,5566063,MEDANOS,32599,Hombre,JESUS RICARDO WONG MORENO,31.633221489207,-106.367980403066,"C EJIDO MEDANOS 1428, MEDANOS, 32599 Chihuahua,CHIH",,54,41–59,,SECRETARIA DE HACIENDA,,,,1,9,37,1885,JUAREZ
6144051780,2026-10-03 14:52:52.940902,-,Marco Bonilla,6573037,REAL DE COLINAS,31110,Mujer,MARIA DEL CARMEN SOTO VAZQUEZ,28.658377141067,-106.125692606962,"C DEL QUETZAL 4105, REAL DE COLINAS, 31110 Chihuahua,CHIH",,68,65+,,,,,,6,18,19,754,CHIHUAHUA
6562774903,2026-10-03 14:53:21.606388,-,Marco Bonilla,5565598,PUERTO ANAPRA,32107,Mujer,MA ANA ARRIAGA ESPARZA,31.777707856045,-106.55337477408,"C ATUN 10615, PUERTO ANAPRA, 32107 Chihuahua,CHIH",,63,60–64,,,,,,3,2,37,1564,JUAREZ
6595760116,2026-10-03 14:53:27.461209,-,Marco Bonilla,7176187,MAGISTERIAL,33130,Hombre,JESUS SORNIA GARCIA,28.278188090691,-105.475365313245,"C 26 1112, MAGISTERIAL, 33130 Chihuahua,CHIH",,75,65+,,,,,,5,11,45,2292,MEOQUI
6141812732,2026-10-03 14:54:12.435698,-,Marco Bonilla,5048425,RIGOBERTO QUIROZ,31000,Mujer,MARTHA ELENA GALINDO RODRIGUEZ,28.600840355823,-106.010055675591,"C 6 DE ENERO 1536, RIGOBERTO QUIROZ, 31000 Chihuahua,CHIH",,70,65+,PAN,,SECRETARIA DE DESARROLLO HUMANO Y BIEN COMUN,DESARROLLO HUMANO,GOB FED - ADULTOS MAYORES,8,16,19,3298,CHIHUAHUA
6566178048,2026-10-03 14:54:09.255030,-,Marco Bonilla,5012830,INF CASAS GRANDES,32600,Hombre,PORFIRIO SIERRA QUINTANA,31.701908713068,-106.432551232368,"C CARLOS DICKENS 2710, INF CASAS GRANDES, 32600 Chihuahua,CHIH",,76,65+,,,,,GOB FED - ADULTOS MAYORES,4,4,37,1720,JUAREZ
9992717679,2026-10-03 14:54:20.465884,-,Marco Bonilla,6506525,BELLAVISTA,32130,Hombre,JOSE ALEJANDRO ADAME AGUAYO,31.746278365124,-106.493329958709,"C ACACIAS 1979, BELLAVISTA, 32130 Chihuahua,CHIH",,40,31–40,,,,,,3,3,37,1455,JUAREZ
9541188556,2026-10-03 14:54:30.497631,-,Marco Bonilla,5796941,JARDINES DE SANTA CLARA,32599,Mujer,JANETTE BELINDA MONTES MONARREZ,31.664559667908,-106.371806677408,"C REGION DE FLORENCIA 1160, JARDINES DE SANTA CLARA, 32599 Chihuahua,CHIH",,46,41–59,,,,,,4,5,37,3333,JUAREZ
9992809999,2026-10-03 14:54:50.783490,-,Marco Bonilla,6846419,RINCON DEL VALLE,32605,Hombre,LUIS MIGUEL CARPIO DE LOS SANTOS,31.660985962,-106.417559603,"C COCOYOC 6708, RINCON DEL VALLE, 32605 Chihuahua,CHIH",,54,41–59,,,,,,4,4,37,1732,JUAREZ
6141596242,2026-10-03 14:54:47.558582,-,Marco Bonilla,5165706,GUADALUPE,31410,Mujer,MARIA HORTENSIA SALAS PORTILLO,28.592737248506,-106.100242578481,"C 34 100, GUADALUPE, 31410 Chihuahua,CHIH",,77,65+,,,SECRETARIA DE DESARROLLO HUMANO Y BIEN COMUN,APOYO A PERSONAS MAYORES,GOB FED - ADULTOS MAYORES,8,18,19,429,CHIHUAHUA
6142415617,2026-10-03 14:55:08.259737,-,Marco Bonilla,5167825,SANTA CECILIA,31137,Mujer,MARTHA MANUELA GONZALEZ RODRIGUEZ,28.738195909531,-106.115532147752,"C MINA VESUBIO 3316, SANTA CECILIA, 31137 Chihuahua,CHIH",,56,41–59,,,SECRETARIA DE SALUD,MEDICHIHUAHUA,,6,12,19,2872,CHIHUAHUA
6142394265,2026-10-03 14:55:10.949915,-,Marco Bonilla,5587355,PUENTE DE PIEDRA,31115,Hombre,JULIO CESAR REYNOSO GOMEZ,28.651093584097,-106.15059759663,"C PUENTE DE BURDEOS 3914, PUENTE DE PIEDRA, 31115 Chihuahua,CHIH",,57,41–59,,,,,,6,18,19,754,CHIHUAHUA
6141563484,2026-10-03 14:55:26.397574,-,Marco Bonilla,6297776,QUINTAS CAROLINAS,31146,Hombre,HUGO CORDOVA HERNANDEZ,28.714959052724,-106.091841368979,"C MONTE PISCIS 4517, QUINTAS CAROLINAS, 31146 Chihuahua,CHIH",,40,31–40,,FISCALIA GENERAL DEL ESTADO DE CHIHUAHUA,,,,6,17,19,612,CHIHUAHUA
6141274267,2026-10-03 14:56:00.699589,-,Marco Bonilla,6304913,PACIFICO,31030,Hombre,MANUEL ALEJANDRO VARGAS TARANGO,28.61807778879,-106.079917105883,"C JIMENEZ 4405, PACIFICO, 31030 Chihuahua,CHIH",,40,31–40,,SERVICIOS DE SALUD DE CHIHUAHUA,,,,8,16,19,467,CHIHUAHUA
2481082302,2026-10-03 14:56:33.303251,-,Marco Bonilla,5330745,FRANCISCO I MADERO,31104,Mujer,LINDA KARELY SALAS VELETA,28.672742046729,-106.092135741418,"C PAQUIME 5303, FRANCISCO I MADERO, 31104 Chihuahua,CHIH",,50,41–59,,,,,,8,15,19,718,CHIHUAHUA
6591015757,2026-10-03 14:56:42.172468,-,Marco Bonilla,6999014,OSCAR SOTO MAYNEZ,31968,Hombre,MANUEL GOMEZ VARGAS,29.030853034477,-107.467490968978,"C SUR 804, OSCAR SOTO MAYNEZ, 31968 Chihuahua,CHIH",,77,65+,,,,,,7,13,48,2350,NAMIQUIPA
6144134286,2026-10-03 14:56:42.657863,-,Marco Bonilla,5599639,SANTO NIÑO,31200,Mujer,MAYRA LUCILA DEL VILLAR GOMEZ,28.646078751723,-106.076100825368,"C JOSE ELIGIO MUÑOZ 2301, SANTO NIÑO, 31200 Chihuahua,CHIH",,55,41–59,,SERVICIOS DE SALUD DE CHIHUAHUA,SECRETARIA DE SALUD,SECRETARIA DE SALUD,,8,15,19,832,CHIHUAHUA
6562756335,2026-10-03 14:56:33.867399,-,Marco Bonilla,5564150,PRADERA DORADA,32618,Mujer,MARTHA ESMERALDA CUMPLIDO LAGUNA,31.747176983276,-106.523473172692,"C RANCHO MIMBRE 7210, PRADERA DORADA, 32618 Chihuahua,CHIH",,52,41–59,,,,,,4,5,37,1704,JUAREZ
6142177354,2026-10-03 14:56:48.420205,-,Marco Bonilla,7315210,SACRAMENTO,31620,Hombre,CARLOS RAUL GARDUÑO MONDRAGON,28.853571667,-106.201283889,"COLONIA SACRAMENTO SN, SACRAMENTO, 31620 Chihuahua,CHIH",,59,41–59,,,,,,6,12,19,3281,CHIHUAHUA
6142294151,2026-10-03 14:57:52.087986,-,Marco Bonilla,5920118,VALLE DORADO,31365,Mujer,SONIA MERCADO REALYVAZQUEZ,28.589133610292,-106.00401461404,"PRIV DE MEGANOSAURIO 4305, VALLE DORADO, 31365 Chihuahua,CHIH",,54,41–59,,,,,,8,16,19,3368,CHIHUAHUA
6562988696,2026-10-03 14:58:22.076641,-,Marco Bonilla,5204441,MISION DE LOS LAGOS,32668,Hombre,EDUARDO ADOLFO PARRA GALVEZ,31.740709469551,-106.5147076075,"C SANTA ISABEL 4529, MISION DE LOS LAGOS, 32668 Chihuahua,CHIH",,69,65+,,,,,,4,5,37,1754,JUAREZ
6141423022,2026-10-03 14:58:23.076288,-,Marco Bonilla,5100583,RDCIAL PUERTA DE HIERRO,31207,Mujer,GUADALUPE HERNANDEZ PEREZ,28.620277284002,-106.114441997425,"C MARBELLA 3510, RDCIAL PUERTA DE HIERRO, 31207 Chihuahua,CHIH",,72,65+,MORENA,SERVICIOS EDUCATIVOS DEL ESTADO DE CHIHUAUA,SECRETARIA DE DESARROLLO HUMANO Y BIEN COMUN,JUNTOS SI PODEMOS,GOB FED - ADULTOS MAYORES,6,18,19,839,CHIHUAHUA
6141962040,2026-10-03 14:58:19.369497,-,Marco Bonilla,6085282,SANTO NIÑO,31200,Mujer,ELVIA ANAIS GARCIA MELENDEZ,28.653043610348,-106.076906326263,"C RIVA PALACIO 3301, SANTO NIÑO, 31200 Chihuahua,CHIH",,43,41–59,,,,,,8,15,19,817,CHIHUAHUA
6142458311,2026-10-03 14:58:39.121739,-,Marco Bonilla,5577995,ALAMEDAS,31136,Hombre,JORGE HUMBERTO VAZQUEZ OCHOA,28.723592999728,-106.120363979656,"C RIGOBERTO QUIROZ 14314, ALAMEDAS, 31136 Chihuahua,CHIH",,45,41–59,PAN,UNIVERSIDAD AUTONOMA DE CHIHUAHUA (3ER TRIMESTRE),SECRETARIA DE SALUD,SECRETARIA DE SALUD,,6,12,19,2900,CHIHUAHUA
6563370102,2026-10-03 14:58:54.354373,-,Marco Bonilla,5557100,URBIQUINTA MONTECARLO,32546,Hombre,JULIO CESAR EGURE GARCIA,31.688385895308,-106.36620276904,"C TUPOLEV SUR 2428, URBIQUINTA MONTECARLO, 32546 Chihuahua,CHIH",,55,41–59,,COLEGIO DE BACHILLERES DEL ESTADO DE CHIHUAHUA,,,,4,5,37,3310,JUAREZ
6142297556,2026-10-03 14:58:47.458118,-,Marco Bonilla,5263612,CUMBRES UNIVERSIDAD III,31125,Hombre,CARLOS JAVIER MENDOZA SANCHEZ,28.690527439439,-106.148332714172,"C MONTES CLAROS 9722, CUMBRES UNIVERSIDAD III, 31125 Chihuahua,CHIH",,62,60–64,,,,,,6,18,19,641,CHIHUAHUA
6144821711,2026-10-03 14:59:32.397834,-,Marco Bonilla,5215934,MORELOS,31420,Hombre,JOSE ALFREDO MORALES MARISCAL,28.607335545615,-106.108986041949,"C ROBERTO ESPERON 2131, MORELOS, 31420 Chihuahua,CHIH",,45,41–59,,,SECRETARIA DE SALUD,MEDICHIHUAHUA,,6,18,19,412,CHIHUAHUA
6144137047,2026-10-03 14:59:53.799694,-,Marco Bonilla,5949582,GRANJAS,31100,Mujer,LETICIA IMELDA VILLARREAL POSADA,28.662546802621,-106.097401001536,"PRIV VALLARTA 3907, GRANJAS, 31100 Chihuahua,CHIH",,72,65+,MORENA,,,,GOB FED - ADULTOS MAYORES,8,15,19,770,CHIHUAHUA
7831421654,2026-10-03 15:00:00.690936,-,Marco Bonilla,5868053,AEROPUERTO,31384,Hombre,MARIO ALBERTO GONZALEZ BARRAZA,28.642145878934,-106.009817573246,"C SIERRA DE ALMOLOYA 4900, AEROPUERTO, 31384 Chihuahua,CHIH",,46,41–59,,,,,,8,17,19,855,CHIHUAHUA
6144132142,2026-10-03 15:00:18.245189,-,Marco Bonilla,5918695,UNIVERSIDAD,31203,Hombre,ANTONIO ALBERTO LICON VALDEZ,28.656166162647,-106.095217851035,"C INGENIERIA 704, UNIVERSIDAD, 31203 Chihuahua,CHIH",,79,65+,,,,,,6,15,19,781,CHIHUAHUA
6144580484,2026-10-03 15:00:32.837191,-,Marco Bonilla,5316906,ALTAVISTA,31200,Mujer,YUBIA IVETH VELAZQUEZ CHAVEZ,28.6468245,-106.0722844,"PRIV SOR JUANA INES DE LA CRUZ 3314, ALTAVISTA, 31200 Chihuahua,CHIH",,50,41–59,PRI,FISCALIA GENERAL DEL ESTADO DE CHIHUAHUA,,,,8,15,19,810,CHIHUAHUA
6141845589,2026-10-03 15:00:31.435328,-,Marco Bonilla,5747814,RDCIAL CUMBRES III,31247,Mujer,LAURA CRISTINA LOPEZ CORDOVA,28.640594961895,-106.126293470968,"C MONTE GALERAS 2630, RDCIAL CUMBRES III, 31247 Chihuahua,CHIH",,51,41–59,MORENA,,,,,6,18,19,805,CHIHUAHUA
6141786326,2026-10-03 15:00:51.286657,-,Marco Bonilla,6158059,RINCON DE LAS LOMAS,31216,Mujer,MARIA ISABEL ESCALANTE OCHOA,28.629289338658,-106.131661863128,"C RINCON DE LAS PEÑAS 6716, RINCON DE LAS LOMAS, 31216 Chihuahua,CHIH",,65,65+,,,SECRETARIA DE SALUD,MEDICHIHUAHUA,,6,18,19,805,CHIHUAHUA
6141416625,2026-10-03 15:01:14.787537,-,Marco Bonilla,5108093,LOMAS DEL SANTUARIO,31206,Mujer,EMMA CAROLINA LARA ARMENDARIZ,28.629985398319,-106.095113377714,"C PRESA LA BOQUILLA 2503, LOMAS DEL SANTUARIO, 31206 Chihuahua,CHIH",,91,65+,,,,,GOB FED - ADULTOS MAYORES,6,18,19,840,CHIHUAHUA
6144868174,2026-10-03 15:01:13.799326,-,Marco Bonilla,5417201,SAN FELIPE,31203,Hombre,JAVIER VALDEZ LOPEZ,28.65293179576,-106.091869113078,"C CORTEZ DE MONROY 2906, SAN FELIPE, 31203 Chihuahua,CHIH",,55,41–59,,,,,,6,15,19,797,CHIHUAHUA
6141542064,2026-10-03 15:01:32.749794,-,Marco Bonilla,6165009,QUINTAS DEL SOL,31214,Mujer,CLAUDIA ERNESTINA LUNA CANO,28.6264847790594,-106.099527616,"C MAINE 3427, QUINTAS DEL SOL, 31214 Chihuahua,CHIH",,51,41–59,,,,,,6,18,19,839,CHIHUAHUA
6671388291,2026-10-03 15:02:04.597701,-,Marco Bonilla,6144765,FCO I MADERO,32170,Mujer,NORMA AURORA RUBIO MOLINA,31.736828431211,-106.525593609544,"C MARCELO CARAVEO 4809, FCO I MADERO, 32170 Chihuahua,CHIH",,43,41–59,,,SECRETARIA DE SALUD,SECRETARIA DE SALUD,,3,3,37,1517,JUAREZ
6141781185,2026-10-03 15:02:34.244787,-,Marco Bonilla,6194427,CUARTELES,31020,Hombre,ARTURO IVAN RUIZ DOMINGUEZ,28.6174316350444,-106.081280124,"C SANCHEZ ALVAREZ 4409, CUARTELES, 31020 Chihuahua,CHIH",,46,41–59,,TRIBUNAL SUPERIOR DE JUSTICIA,,,,8,16,19,467,CHIHUAHUA
6593939103,2026-10-03 15:03:21.692324,-,Marco Bonilla,5819208,EL TERRERO,31960,Hombre,RAFAEL ALMEIDA GRAJEDA,29.179913457338,-107.386632935259,"AV CUAUHTEMOC 107, EL TERRERO, 31960 Chihuahua,CHIH",,70,65+,,,SECRETARIA DE DESARROLLO RURAL,SECRETARIA DE DESARROLLO RURAL,,7,13,48,2353,NAMIQUIPA
6141609929,2026-10-03 15:03:20.192721,-,Marco Bonilla,6715566,PACIFICO,31030,Hombre,ANTONIO HINOJOSA ACOSTA,28.620075992597,-106.072679667767,"C MENDEZ 3202, PACIFICO, 31030 Chihuahua,CHIH",,75,65+,,SECRETARIA DE EDUCACION Y DEPORTE,DESARROLLO INTEGRAL DE LA FAMILIA CHIHUAHUA,REHABILITACION INTEGRAL FISICA Y APOYOS FUNCIONALES,GOB FED - ADULTOS MAYORES,8,16,19,501,CHIHUAHUA
9651141871,2026-10-03 15:03:35.855337,-,Marco Bonilla,5527405,GRANJAS,31100,Hombre,JORGE LUIS CUILTY GRABULOSA,31.735095071725,-106.526312306064,"C DURAZNO 1300, GRANJAS, 31100 Chihuahua,CHIH",,57,41–59,,SERVICIOS EDUCATIVOS DEL ESTADO DE CHIHUAUA,,,,8,15,19,742,CHIHUAHUA
6143459669,2026-10-03 15:04:11.548605,-,Marco Bonilla,5326219,CTM,31130,Mujer,MARIA MAYELA CANTU PADILLA,28.68789564757,-106.095134954013,"PRIV DE LAS INDUSTRIAS 7905, CTM, 31130 Chihuahua,CHIH",,67,65+,,,SECRETARIA DE DESARROLLO HUMANO Y BIEN COMUN,FORTALECIMIENTO COMUNITARIO Y PARTICIPACION CIUDADANA,,8,15,19,691,CHIHUAHUA
8110508881,2026-10-03 14:44:06.396713,-,Marco Bonilla,6909327,PRADERA DORADA,32618,Mujer,RUTH GEORGINA GAMEZ RIVERA,31.695947335891,-106.422085504244,"C RANCHO EL PINO 3344, PRADERA DORADA, 32618 Chihuahua,CHIH",,76,65+,,,,,GOB FED - ADULTOS MAYORES,4,5,37,1733,JUAREZ
6562707069,2026-10-03 14:52:36.418169,-,Marco Bonilla,6218811,ANAHUAC,32240,Mujer,ANGELICA CERVANTES BALDERAS,31.7132584160527,-106.479013164,"C CARLOS ADAME 3583, ANAHUAC, 32240 Chihuahua,CHIH",,41,41–59,,SECRETARIA DE HACIENDA,SECRETARIA DE DESARROLLO HUMANO Y BIEN COMUN,JUNTOS SI PODEMOS,,4,4,37,2035,JUAREZ
6141900618,2026-10-03 14:58:32.064916,-,Marco Bonilla,6169868,NUEVO PARAISO,31125,Mujer,ANA BERTHA TARIN BUSTILLOS,28.681489987616,-106.133013696472,"C DEL PARAISO 8908, NUEVO PARAISO, 31125 Chihuahua,CHIH",,66,65+,,,,,,6,18,19,641,CHIHUAHUA
6142514983,2026-10-03 15:02:34.591776,-,Marco Bonilla,6348649,RDCIAL SAN FRANCISCO,31124,Hombre,FRANCISCO JAVIER PALMA MEDINA,28.664376320627,-106.138355902461,"C PASO DEL NORTE 3851, RDCIAL SAN FRANCISCO, 31124 Chihuahua,CHIH",,39,31–40,,,,,,6,18,19,653,CHIHUAHUA
6144520367,2026-10-03 14:44:42.353302,-,Alfredo Lozoya,5548711,AMPL UNIVERSITARIA,31455,Mujer,LUCIA CRUZ ARBALLO,28.593000441827,-106.091528554344,"C BATALLA DE CANANEA 9015, AMPL UNIVERSITARIA, 31455 Chihuahua,CHIH",,50,41–59,,,,,,8,16,19,537,CHIHUAHUA
6144357600,2026-10-03 14:55:30.497476,-,Marco Bonilla,4990459,DALE,31050,Mujer,MARTHA SALAZAR MORALES,28.6555786,-106.08790499,"C 18A 5410, DALE, 31050 Chihuahua,CHIH",,77,65+,,,,,GOB FED - ADULTOS MAYORES,8,16,19,547,CHIHUAHUA
6566200401,2026-10-03 14:43:25.320356,MC,-,5017314,CANTO DE CALABRIA,32540,Hombre,JUAN ANTONIO MIRELES MENDOZA,31.6946541050238,-106.355678871,"C VIA MONTEVERGINE 813, CANTO DE CALABRIA, 32540 Chihuahua,CHIH",,44,41–59,,,,,,4,5,37,1706,JUAREZ
6564350872,2026-10-03 14:44:33.961237,MC,-,6597605,PRADERA DORADA,32618,Hombre,MIGUEL ANGEL FUENTES MARTINEZ,31.7000918210322,-106.422326048,"C RANCHO LAS PAMPAS 7004, PRADERA DORADA, 32618 Chihuahua,CHIH",,37,31–40,,,,,,4,5,37,1719,JUAREZ
6144117242,2026-10-03 14:45:06.720530,MC,-,4950722,CERRO DE LA CRUZ,31460,Hombre,ESTEBAN CARDENAS GONZALEZ,28.604958156833,-106.078017543,"PRIV DE SAMANIEGO 6214, CERRO DE LA CRUZ, 31460 Chihuahua,CHIH",,68,65+,,,,,,8,16,19,534,CHIHUAHUA
6142280001,2026-10-03 14:45:27.979411,MC,-,4925076,OBRERA,31350,Hombre,ELEUTERIO PAYAN AGUIRRE,28.642219094859,-106.065341227718,"C DEGOLLADO 2905, OBRERA, 31350 Chihuahua,CHIH",,75,65+,MORENA,,,,GOB FED - ADULTOS MAYORES,8,15,19,447,CHIHUAHUA
6566164604,2026-10-03 14:45:36.397967,MC,-,5545580,INF CASAS GRANDES,32600,Hombre,ALEJANDRO FLORES FLORES,31.660985962,-106.417559603,"C AÑO 1872 2543, INF CASAS GRANDES, 32600 Chihuahua,CHIH",,46,41–59,MORENA,,SECRETARIA DE SALUD,MEDICHIHUAHUA,,4,4,37,1710,JUAREZ
7271052754,2026-10-03 14:46:15.752192,MC,-,6248506,SENDEROS DE SAN ISIDRO,32575,Mujer,ALMA ROSA ROCHA ROJAS,31.552668583894,-106.347003096306,"C SENDEROS DE LOS MESEJOS 2192, SENDEROS DE SAN ISIDRO, 32575 Chihuahua,CHIH",,41,41–59,,,,,,2,10,37,3167,JUAREZ
6145116331,2026-10-03 14:46:18.871778,MC,-,6101120,ZARCO,31020,Mujer,VERA VIRIDIANA JAQUEZ GUTIERREZ,28.6132668510376,-106.094110194,"PRIV 5 DE MAYO 4601, ZARCO, 31020 Chihuahua,CHIH",,45,41–59,,SERVICIOS EDUCATIVOS DEL ESTADO DE CHIHUAUA,,,,8,18,19,421,CHIHUAHUA
6141323586,2026-10-03 14:46:30.794401,MC,-,5324362,DALE,31050,Mujer,ROSA NOHEMI ROBLES AGUILAR,28.6158119520417,-106.064584991,"C 32 4611, DALE, 31050 Chihuahua,CHIH",,69,65+,,,,,,8,16,19,548,CHIHUAHUA
6142177072,2026-10-03 14:47:29.880429,MC,-,5605511,INFONAVIT NACIONAL,31120,Mujer,NORMA ELISA HERNANDEZ AGUILAR,28.6806390221494,-106.122321133,"C MOTOLINIA 8137, INFONAVIT NACIONAL, 31120 Chihuahua,CHIH",,56,41–59,,,SECRETARIA DE SALUD,MEDICHIHUAHUA,,6,15,19,679,CHIHUAHUA
7757553776,2026-10-03 14:48:11.027304,MC,-,6987003,REAL DE MINAS,31144,Mujer,MA EUGENIA MARTINEZ LOPEZ,28.734268778346,-106.104681103539,"PRIV HEROICO COLEGIO MILITAR 15511, REAL DE MINAS, 31144 Chihuahua,CHIH",,64,60–64,,,,,,6,18,19,3360,CHIHUAHUA
6142354554,2026-10-03 14:48:12.749170,MC,-,5009994,HACIENDAS DEL VALLE,31217,Hombre,ALBERTO ABBUD LOZOYA,28.634392031764,-106.115592748912,"C HACIENDA DEL NOPAL 6503, HACIENDAS DEL VALLE, 31217 Chihuahua,CHIH",,75,65+,,,,,,6,18,19,805,CHIHUAHUA
6568148217,2026-10-03 14:48:29.220757,MC,-,5444712,HORIZONTES DEL SUR,32575,Hombre,SERGIO MARTINEZ VILLARREAL,31.607402545217,-106.382761554039,"C ANTONIETA PAULINI OTE 548, HORIZONTES DEL SUR, 32575 Chihuahua,CHIH",,54,41–59,,,,,,1,9,37,2794,JUAREZ
6144203290,2026-10-03 14:48:35.035322,MC,-,6084243,LA JOYA,31060,Mujer,TERESA ESTRADA GARDEA,28.6257954050583,-106.046134825,"C GRANATE 1337, LA JOYA, 31060 Chihuahua,CHIH",,72,65+,MORENA,,,,GOB FED - ADULTOS MAYORES,8,17,19,575,CHIHUAHUA
9993516793,2026-10-03 14:49:02.366646,MC,-,5375965,NAPAVECHI,0,Hombre,PAZ ALIRE ARZOLA,28.407456429,-106.865277461,"C SIN NOMBRE S/N, NAPAVECHI, 0 Chihuahua,CHIH",,43,41–59,,,,,,7,14,17,373,CUAUHTEMOC
6566141712,2026-10-03 14:50:26.829718,MC,-,6883948,PASO DEL NORTE,31310,Hombre,SERGIO RAMON ACOSTA VALLINA,28.6743421831388,-106.067455951,"C JOSE FIERRO 5702, PASO DEL NORTE, 31310 Chihuahua,CHIH",,55,41–59,,,SECRETARIA DE DESARROLLO HUMANO Y BIEN COMUN,APOYO A PERSONAS CON DISCAPACIDAD,,8,17,19,768,CHIHUAHUA
6144793085,2026-10-03 14:50:29.999625,MC,-,6427417,MISAEL NUÑEZ,31064,Mujer,CELENE CARAVEO GONZALEZ,28.617403180101,-106.03339254136,"C RAMON NUÑEZ TERRAZAS 27, MISAEL NUÑEZ, 31064 Chihuahua,CHIH",,38,31–40,,DESARROLLO INTEGRAL DE LA FAMILA DEL ESTADO DE CHIHUAHUA,,,,8,17,19,605,CHIHUAHUA
6141214694,2026-10-03 14:51:51.528149,MC,-,7085721,3 DE MAYO,31065,Mujer,LESLIE ARACELY GARCIA GONZALEZ,28.691936866,-106.101917077,"C FRANCISCO VILLA 2510, 3 DE MAYO, 31065 Chihuahua,CHIH",,33,31–40,,,,,,8,16,19,3302,CHIHUAHUA
6141925443,2026-10-03 14:52:12.013550,MC,-,4946713,SAN CRISTOBAL,31300,Hombre,ALFONSO CHUMACERO CHUMACERO,28.682134229207,-106.080352246049,"C CTO SAN CRISTOFORO 4303, SAN CRISTOBAL, 31300 Chihuahua,CHIH",,77,65+,,,DESARROLLO RURAL,APOYOS PARA FOMENTAR LA PRODUCCION Y SEGURIDAD ALIMENTARIA,GOB FED - ADULTOS MAYORES,8,15,19,717,CHIHUAHUA
6142623058,2026-10-03 14:52:15.848368,MC,-,5201209,JARDINES DE SACRAMENTO,31146,Hombre,GILBERTO RODRIGUEZ CARRILLO,28.704666642587,-106.085449405055,"C JARDIN DE LLANARES 10341, JARDINES DE SACRAMENTO, 31146 Chihuahua,CHIH",,57,41–59,,,,,,6,17,19,3294,CHIHUAHUA
6144821924,2026-10-03 14:53:09.053711,MC,-,6338494,REVOLUCION,31135,Hombre,HANS ALAN CARRIZOSA GUTIERREZ,28.696665088039,-106.109985674783,"C CD DELICIAS 178, REVOLUCION, 31135 Chihuahua,CHIH",,39,31–40,,,,,,6,15,19,644,CHIHUAHUA
6563384602,2026-10-03 14:55:16.384521,MC,-,7368854,SAN ANTONIO,32250,Hombre,EFRAIN QUIÑONES FAVELA,31.7083340718,-106.470455986801,"C GRECIA 1405, SAN ANTONIO, 32250 Chihuahua,CHIH",,52,41–59,,,,,,4,4,37,2074,JUAREZ
9133310441,2026-10-03 14:55:51.349987,MC,-,6269102,LADERAS DEL NORTE,33017,Hombre,JUAN CARLOS SARIÑANA MEDINA,28.182855865357,-105.425063014299,"C 17 OTE 2306, LADERAS DEL NORTE, 33017 Chihuahua,CHIH",,48,41–59,,,,,,5,19,21,991,DELICIAS
6562871682,2026-10-03 14:56:28.837151,MC,-,5826274,BANUS 360,32544,Hombre,JESUS ALONSO CORRAL SOLIS,31.6811081840027,-106.360321986,"C CIRCUITO ALICANTE 2058, BANUS 360, 32544 Chihuahua,CHIH",,47,41–59,,,,,,4,5,37,1706,JUAREZ
6141303418,2026-10-03 14:56:37.699319,MC,-,5458831,LOS OLIVOS,31180,Hombre,JUAN CARLOS CERVANTES REYES,28.6555786,-106.08790499,"CTO OLIVAR DE GARCEL 17949, LOS OLIVOS, 31180 Chihuahua,CHIH",,48,41–59,,,,,,6,12,19,3344,CHIHUAHUA
7471505771,2026-10-03 14:56:39.694503,MC,-,5774210,VALLE DEL SOL,32546,Mujer,GLORIA EUSTOLIA VALENZUELA COTA,31.6964194820265,-106.37792012,"C VALLE DEL COBRE 11439, VALLE DEL SOL, 32546 Chihuahua,CHIH",,63,60–64,,,,,,4,5,37,3310,JUAREZ
6566164110,2026-10-03 14:57:04.386401,MC,-,6796939,LA CUESTA,32650,Hombre,JESUS RAUL VALADEZ CABRERA,31.673156483057,-106.432244315733,"C SIERRA DEL NIDO 5595, LA CUESTA, 32650 Chihuahua,CHIH",,35,31–40,,,,,,4,5,37,1769,JUAREZ
6145117077,2026-10-03 14:57:24.367728,MC,-,5698364,OBRERA,31350,Hombre,GABRIEL FAUDOA VILLEGAS,28.641276853084,-106.061860026,"C 33 2215, OBRERA, 31350 Chihuahua,CHIH",,57,41–59,,,,,,8,15,19,449,CHIHUAHUA
6141116391,2026-10-03 14:57:50.950844,MC,-,5238240,INSURGENTES,31125,Mujer,MIRIAM VARELA BENCOMO,28.691310476834,-106.128135680281,"C NICOLAS BRAVO 802, INSURGENTES, 31125 Chihuahua,CHIH",,52,41–59,,SECRETARIA DE HACIENDA,,,,6,15,19,640,CHIHUAHUA
6566102436,2026-10-03 14:57:59.954625,MC,-,5714415,ANAHUAC,32240,Hombre,MARIO PINEDA MORENO,31.7103066750481,-106.485463438,"C MATACHIC 3834, ANAHUAC, 32240 Chihuahua,CHIH",,61,60–64,,JMAS JUAREZ,,,,3,3,37,1994,JUAREZ
6563386820,2026-10-03 14:58:22.934562,MC,-,6367400,VISTAS LOS OJITOS,32295,Hombre,RODOLFO MEDINA HERNANDEZ,31.679906049594,-106.494371456324,"C VISTA DEL CORAL 7110, VISTAS LOS OJITOS, 32295 Chihuahua,CHIH",,73,65+,,,,,GOB FED - ADULTOS MAYORES,3,6,37,3308,JUAREZ
6144189613,2026-10-03 14:58:37.017604,MC,-,5629411,CUARTELES,31020,Mujer,NORMA MIREYA DOMINGUEZ RAMOS,28.6182845210458,-106.081632114,"C REVILLA 4416, CUARTELES, 31020 Chihuahua,CHIH",,64,60–64,,,,,,8,16,19,467,CHIHUAHUA
6563946768,2026-10-03 14:58:50.104465,MC,-,6062497,TIERRA NUEVA,32599,Mujer,NORMA INES MORA LOZANO,31.609429415134,-106.343268959943,"C PUERTO LA CORUÑA 1706, TIERRA NUEVA, 32599 Chihuahua,CHIH",,54,41–59,,,SECRETARIA DE DESARROLLO HUMANO Y BIEN COMUN,JUNTOS SI PODEMOS,,2,8,37,2925,JUAREZ
9611010799,2026-10-03 14:58:53.297408,MC,-,4995868,JOSE LOPEZ PORTILLO,33810,Mujer,ANA MARIA PEREZ MENDEZ,26.946322706969,-105.676602304763,"C CARTAMO 20, JOSE LOPEZ PORTILLO, 33810 Chihuahua,CHIH",,55,41–59,,,,,,9,21,32,1273,HIDALGO DEL PARRAL
7151530508,2026-10-03 14:58:45.912885,MC,-,5605995,OASIS REVOLUCION,32674,Mujer,LAURA RIVERA RODRIGUEZ,31.660662582917,-106.460146636916,"C GRAL SANTOS ORTIZ 2017, OASIS REVOLUCION, 32674 Chihuahua,CHIH",,63,60–64,,,,,,3,6,37,3102,JUAREZ
6142143264,2026-10-03 14:58:59.078334,MC,-,6510783,SENDA REAL,31207,Mujer,MARIA ESTELA REYES SANTANA,28.603102973943,-106.124147151655,"C BAENA 2358, SENDA REAL, 31207 Chihuahua,CHIH",,77,65+,,,,,GOB FED - ADULTOS MAYORES,6,18,19,847,CHIHUAHUA
8180884039,2026-10-03 14:59:16.554386,MC,-,6179321,LOS INDIOS,33470,Mujer,MODESTA PEREZ CASTAÑEDA,25.927187223,-107.234619167,,,47,41–59,,,,,,9,22,29,1159,GUADALUPE Y CALVO
6566100100,2026-10-03 14:59:16.463314,MC,-,7199801,MORELOS III,32573,Hombre,CARLOS ALBERTO BERMUDEZ DOMINGUEZ,31.643241551539,-106.385543172427,"C CUEVA DE TEPOZTECO 1027, MORELOS III, 32573 Chihuahua,CHIH",,31,31–40,,,,,,1,9,37,1930,JUAREZ
9981581421,2026-10-03 15:01:06.994843,MC,-,5267691,ABRAHAM GONZALEZ II,33700,Mujer,ERIKA PATRICIA MEZA CABRALES,27.67842,-105.17136,"C 16A 1131, ABRAHAM GONZALEZ II, 33700 Chihuahua,CHIH",,47,41–59,,,SECRETARIA DE SALUD,MEDICHIHUAHUA,,5,20,11,202,CAMARGO
6142186414,2026-10-03 15:01:07.684644,MC,-,6207336,REVOLUCION,31135,Hombre,MARTIN BONILLA ARMENDARIZ,28.7055374481907,-106.119131277,"C JULIMES 283, REVOLUCION, 31135 Chihuahua,CHIH",,64,60–64,MORENA,,,,,6,12,19,619,CHIHUAHUA
6563613391,2026-10-03 15:01:06.748089,MC,-,7114422,REAL DEL DESIERTO,32575,Mujer,MIGUELINA GUADALUPE MELENDEZ MORA,31.55240133477,-106.353840132409,"C DESIERTO DE SILOLI 4217, REAL DEL DESIERTO, 32575 Chihuahua,CHIH",,41,41–59,,,,,,2,10,37,3170,JUAREZ
6565904644,2026-10-03 15:01:10.517896,MC,-,5909353,INF JUAREZ NUEVO,32583,Hombre,JOSE CARRILLO ROMERO,31.654540985662,-106.390905997898,"C SABELA 10017, INF JUAREZ NUEVO, 32583 Chihuahua,CHIH",,61,60–64,,,,,,1,7,37,1919,JUAREZ
6565586808,2026-10-03 15:02:13.992429,MC,-,5721449,RINCONES DE SATELITE,32543,Hombre,SERGIO REYES ACOSTA,31.678593428997,-106.38188879107,"C ESTACION SAN PEDRO CORRALITOS 3915, RINCONES DE SATELITE, 32543 Chihuahua,CHIH",,44,41–59,,,SECRETARIA DE SALUD,SECRETARIA DE SALUD,,4,5,37,1745,JUAREZ
6142707486,2026-10-03 15:02:27.050375,MC,-,7133418,DIVISION DEL NORTE,31064,Hombre,ERICK ALEJANDRO OLIVAS ARREGUIN,28.605921739911,-106.023200230902,"C 9A 715, DIVISION DEL NORTE, 31064 Chihuahua,CHIH",,32,31–40,,,,,,8,16,19,875,CHIHUAHUA
6563049347,2026-10-03 15:02:48.482636,MC,-,5229608,SAN PEDRO DEL REAL,32543,Mujer,HILDA ANGELINA ARZOLA ALVAREZ,31.660985962,-106.417559603,"C ESCONDIDA 9379, SAN PEDRO DEL REAL, 32543 Chihuahua,CHIH",,75,65+,,,,,GOB FED - ADULTOS MAYORES,4,5,37,1734,JUAREZ
6141254486,2026-10-03 15:03:31.365136,MC,-,5036193,DALE,31050,Hombre,HECTOR ALFREDO VALENZUELA ESTRADA,28.6155392090413,-106.066944215,"C 36 4404, DALE, 31050 Chihuahua,CHIH",,51,41–59,,,,,,8,16,19,544,CHIHUAHUA
6144019086,2026-10-03 15:04:02.317707,MC,-,4960875,PANORAMICO,31107,Hombre,ARMANDO DE LA VEGA LOERA,28.6666846911261,-106.113433708,"C HUANCUNE 821, PANORAMICO, 31107 Chihuahua,CHIH",,71,65+,,,,,GOB FED - ADULTOS MAYORES,6,15,19,750,CHIHUAHUA
6141764979,2026-10-03 14:49:56.975833,MC,-,6038713,RUBIO,31020,Hombre,FERNANDO LOPEZ SERRANO,28.6246926560566,-106.082184964,"C MORELOS VIEJA 1401, RUBIO, 31020 Chihuahua,CHIH",,77,65+,,,,,,8,16,19,465,CHIHUAHUA
8712197770,2026-10-03 14:44:42.263727,MC,-,6366294,VILLAS DE SAN ANTONIO,31512,Hombre,ASAHEL HERAS MARTINEZ,28.41350302492,-106.910195577382,"C VILLA SANTA ISABEL 10644, VILLAS DE SAN ANTONIO, 31512 Chihuahua,CHIH",,39,31–40,,,,,,7,14,17,276,CUAUHTEMOC
6141915754,2026-10-03 14:45:58.176525,MC,-,6127650,SANTA ROSA,31050,Hombre,JOSE FRANCISCO TARANGO LECHUGA,28.628852473865,-106.06119444876,"C 5A 3821, SANTA ROSA, 31050 Chihuahua,CHIH",,62,60–64,,,SECRETARIA DE DESARROLLO HUMANO Y BIEN COMUN,FORTALECIMIENTO COMUNITARIO Y PARTICIPACION CIUDADANA,,8,17,19,516,CHIHUAHUA
6563734363,2026-10-03 14:51:23.592386,MC,-,6990681,PRADERAS DE LOS OASIS,32674,Mujer,ANGELICA TORRES GALLARDO,31.653628008116,-106.45608642687,"C OASIS DE TURQUIA 1250, PRADERAS DE LOS OASIS, 32674 Chihuahua,CHIH",,35,31–40,,,SECRETARIA DE DESARROLLO HUMANO Y BIEN COMUN,FORTALECIMIENTO COMUNITARIO Y PARTICIPACION CIUDADANA,GOB FED - PENSION PERSONAS CON DISCAPACIDAD,3,6,37,3114,JUAREZ
6567018308,2026-10-03 14:55:28.363386,MC,-,5187931,PARAJES DEL SUR,32575,Mujer,GABRIELA MARCELA NAJERA HERNANDEZ,31.5918962968635,-106.378357373,"C CONCORDIA 912, PARAJES DEL SUR, 32575 Chihuahua,CHIH",,43,41–59,,,,,,1,9,37,3325,JUAREZ
6566196324,2026-10-03 15:00:45.720878,MC,-,5206257,LA CUESTA,32650,Mujer,ELISA CONDE GUTIERREZ,31.675869492663,-106.44243969882,"C SIERRA DEL AGUILA 6037, LA CUESTA, 32650 Chihuahua,CHIH",,74,65+,,,,,GOB FED - ADULTOS MAYORES,4,6,37,1767,JUAREZ
8441110198,2026-10-03 15:00:56.801606,MC,-,5487242,CONTINENTAL,31110,Hombre,SERGIO ARTURO QUEZADA FLORES,28.681630236426,-106.084805294616,"C EUROPA 3740, CONTINENTAL, 31110 Chihuahua,CHIH",,60,60–64,,,,,,8,15,19,716,CHIHUAHUA
6141864157,2026-10-03 15:03:52.258080,MC,-,7204693,MARMOL VIEJO,31063,Mujer,ANA CECILIA HERNANDEZ MARQUEZ,28.622448352865,-106.04078756402,"C FUENTES MARES 6814, MARMOL VIEJO, 31063 Chihuahua,CHIH",,31,31–40,PAN,,INSTITUTO CHIHUAHUENSE DE LA JUVENTUD,ASISTENCIA SOCIAL A LAS PERSONAS,,8,17,19,605,CHIHUAHUA
6141309632,2026-10-03 14:53:21.065545,MC,-,5751840,VILLA NUEVA,31134,Hombre,GAMALIEL RUIZ MOLINA,24.617059468303,-101.414217843315,"C 16 DE SEPTIEMBRE 124, VILLA NUEVA, 31134 Chihuahua,CHIH",,69,65+,MORENA,,,,,6,15,19,655,CHIHUAHUA
6563218879,2026-10-03 14:48:54.013204,MC,-,5298848,HORIZONTES DEL SUR,32580,Hombre,MELESIO ANTONIO SANCHEZ MUÑOZ,31.613304285152,-106.37640916108,"C ARQ WALTER GROPIUS 118, HORIZONTES DEL SUR, 32580 Chihuahua,CHIH",,56,41–59,,,,,,1,9,37,2778,JUAREZ
6142284324,2026-10-03 14:44:14.590922,MC,Alfredo Lozoya,6364562,DALE,31050,Hombre,JAVIER IVAN CONTRERAS GONZALEZ,28.6155634190413,-106.058002155,"C 22 5608, DALE, 31050 Chihuahua,CHIH",,39,31–40,,,SECRETARIA DE SALUD,MEDICHIHUAHUA,,8,16,19,580,CHIHUAHUA
6142769934,2026-10-03 14:45:02.105165,MC,Alfredo Lozoya,5262394,JARDINES DEL SOL,31183,Hombre,ANGEL JARAMILLO GUATEMALA,28.752993572854,-106.129011421524,"C PLAZA DE LOS FAISANES 2122, JARDINES DEL SOL, 31183 Chihuahua,CHIH",,52,41–59,,,,,,6,12,19,2844,CHIHUAHUA
6141080772,2026-10-03 14:44:59.365849,MC,Alfredo Lozoya,6294089,ZOOTECNIA,31453,Hombre,HOMERO JAQUEZ GRANILLO,28.5819027979855,-106.099401916,"C 126 1607, ZOOTECNIA, 31453 Chihuahua,CHIH",,55,41–59,,,,,,8,16,19,538,CHIHUAHUA
6563012859,2026-10-03 14:45:19.391756,MC,Alfredo Lozoya,6367635,FRANCISCO SARABIA,32150,Hombre,EDGAR ISRAEL HERNANDEZ NAJERA,31.741773330933,-106.53165049592,"C EMILIANO ZAPATA 1526, FRANCISCO SARABIA, 32150 Chihuahua,CHIH",,39,31–40,,,,,,3,3,37,1547,JUAREZ
6144826942,2026-10-03 14:45:19.241966,MC,Alfredo Lozoya,5849112,RIBERAS DEL SACRAMENTO,31184,Mujer,LILIANA CASTRO LOZOYA,28.77759640231,-106.165931975,"C RIO MISSOURI 23308, RIBERAS DEL SACRAMENTO, 31184 Chihuahua,CHIH",,53,41–59,MORENA,,,,,6,12,19,3281,CHIHUAHUA
6145122544,2026-10-03 14:45:25.575835,MC,Alfredo Lozoya,4996904,VALLE DORADO,31075,Hombre,LORENZO SANDOVAL CATAÑO,28.6555786,-106.08790499,"C JABALI 11606, VALLE DORADO, 31075 Chihuahua,CHIH",,59,41–59,MORENA,SECRETARIA DE HACIENDA,,,,8,16,19,3298,CHIHUAHUA
6563520896,2026-10-03 14:48:00.013844,MC,Alfredo Lozoya,4920746,PUERTO DE ANAPRA,32107,Hombre,EUSEBIO TORIBIO ANGEL,31.660985962,-106.417559603,"PRIV 4TA OSTION MURO 136, PUERTO DE ANAPRA, 32107 Chihuahua,CHIH",,57,41–59,MORENA,,SECRETARIA DE DESARROLLO HUMANO Y BIEN COMUN,JUNTOS SI PODEMOS,,3,2,37,1563,JUAREZ
6142350120,2026-10-03 14:48:21.249409,MC,Alfredo Lozoya,6297776,QUINTAS CAROLINAS,31146,Hombre,HUGO CORDOVA HERNANDEZ,28.714959052724,-106.091841368979,"C MONTE PISCIS 4517, QUINTAS CAROLINAS, 31146 Chihuahua,CHIH",,40,31–40,,FISCALIA GENERAL DEL ESTADO DE CHIHUAHUA,,,,6,17,19,612,CHIHUAHUA
6566145835,2026-10-03 14:51:31.701689,MC,Alfredo Lozoya,5589019,CUIDAD MODERNA,32670,Mujer,LETICIA LIMAS CHAVEZ,31.662699385389,-106.475212353503,"BLVD ZARAGOZA 168, CUIDAD MODERNA, 32670 Chihuahua,CHIH",,55,41–59,,,,,,3,6,37,2189,JUAREZ
6143439160,2026-10-03 14:51:46.594270,MC,Alfredo Lozoya,5551195,QUINTAS SEBASTIAN,31125,Hombre,FERNANDO LOYA DURAN,28.712085442949,-106.151326813806,"C JESUS HELGUERA 1644, QUINTAS SEBASTIAN, 31125 Chihuahua,CHIH",,45,41–59,,,,,,6,12,19,3194,CHIHUAHUA
9985772661,2026-10-03 14:51:41.689775,MC,Alfredo Lozoya,6877966,BENITO JUAREZ,33700,Hombre,SAMUEL CHAVEZ ACOSTA,27.669039976154,-105.173607845086,"C AMADO NERVO 205, BENITO JUAREZ, 33700 Chihuahua,CHIH",,58,41–59,,,,,,5,20,11,197,CAMARGO
6563925234,2026-10-03 14:51:47.619333,MC,Alfredo Lozoya,5484749,MANUEL J CLOUHTIER,32575,Hombre,EDGAR GUTIERREZ CORONADO,31.602697504342,-106.366396255785,"C 22 DE ENERO 2532, MANUEL J CLOUHTIER, 32575 Chihuahua,CHIH",,57,41–59,,,SECRETARIA DE SALUD,MEDICHIHUAHUA,,2,8,37,2736,JUAREZ
6141320867,2026-10-03 14:53:34.025825,MC,Alfredo Lozoya,5703339,PABLO GOMEZ,31206,Mujer,GUADALUPE MEDRANO LOYA,28.7290416,-106.1421958,"PRIV LUCIO CABAÑAS 2, PABLO GOMEZ, 31206 Chihuahua,CHIH",,68,65+,MORENA,,SECRETARIA DE DESARROLLO HUMANO Y BIEN COMUN,APOYO A PERSONAS MAYORES,GOB FED - BECAS BASICO,6,18,19,844,CHIHUAHUA
3318452542,2026-10-03 14:54:06.726763,MC,Alfredo Lozoya,6335888,LOS POTREROS,31146,Mujer,ANABELL MONTES AGUERO,28.7105565251989,-106.088179116,"C POTRERO DE MAPULA 11708, LOS POTREROS, 31146 Chihuahua,CHIH",,39,31–40,,,,,,6,17,19,3294,CHIHUAHUA
6566193262,2026-10-03 14:59:16.629422,MC,Alfredo Lozoya,6168645,INFO AMPLIACION AEROPUERTO,32000,Mujer,BLANCA OLIVIA ORTEGA MARTINEZ,31.663699514076,-106.389399686078,"C HELIOTROPO 10025, INFO AMPLIACION AEROPUERTO, 32000 Chihuahua,CHIH",,62,60–64,,,,,,4,5,37,1794,JUAREZ
6143781169,2026-10-03 15:00:11.368385,MC,Alfredo Lozoya,7254704,LAS ALDABAS,31117,Mujer,ROXANNA MAJALCA CARRANZA,28.73765070724,-106.1657294229,"C FINISTERRA 18774, LAS ALDABAS, 31117 Chihuahua,CHIH",,30,25–30,,SERVICIOS DE SALUD DE CHIHUAHUA,SECRETARIA DE SALUD,MEDICHIHUAHUA,,6,12,19,3178,CHIHUAHUA
6144511180,2026-10-03 15:00:20.092103,MC,Alfredo Lozoya,5576961,ROBINSON,31375,Mujer,YADIRA SAENZ NAJERA,28.653113274526,-106.036886107554,"C MINA DE ROBINSON 6906, ROBINSON, 31375 Chihuahua,CHIH",,46,41–59,,,,,,8,17,19,848,CHIHUAHUA
6141810168,2026-10-03 15:01:37.598597,MC,Alfredo Lozoya,5803816,UNIDAD PROLETARIA,31054,Hombre,GUILLERMO CASTRO FLORES,28.608675933726,-106.060460613137,"C HEROES DE NACOZARI 3820, UNIDAD PROLETARIA, 31054 Chihuahua,CHIH",,56,41–59,,,,,,8,16,19,583,CHIHUAHUA
6311302889,2026-10-03 15:02:06.306291,MC,Alfredo Lozoya,6510057,LAS AGUILAS,31214,Hombre,JORGE JAVIER VARGAS GARAYZAR,28.633603257199,-106.10340749841,"C KANSAS 2088, LAS AGUILAS, 31214 Chihuahua,CHIH",,38,31–40,,,,,,6,18,19,824,CHIHUAHUA
6141601374,2026-10-03 14:44:09.696259,MC,Cruz Pérez Cuellar,6048825,DALE,31050,Mujer,LETICIA GOMEZ HERNANDEZ,28.6555786,-106.08790499,"C 18A 5407, DALE, 31050 Chihuahua,CHIH",,71,65+,MORENA,,,,GOB FED - ADULTOS MAYORES,8,16,19,547,CHIHUAHUA
6141287308,2026-10-03 14:45:04.831493,MC,Cruz Pérez Cuellar,4960536,GIRASOLES IV,31376,Mujer,MARIA DEL CARMEN CORRAL PARRA,28.674016515107,-106.00635450613,"C DEL POZO 6824, GIRASOLES IV, 31376 Chihuahua,CHIH",,62,60–64,,,,,,8,17,19,3318,CHIHUAHUA
6141980908,2026-10-03 14:46:50.052135,MC,Cruz Pérez Cuellar,5647680,LOS PINOS,31416,Mujer,GUADALUPE GARCIA VILLARREAL,28.599991485756,-106.098311779135,"C GUSTAVO TALAMANTES 8817, LOS PINOS, 31416 Chihuahua,CHIH",,67,65+,,SERVICIOS DE SALUD DE CHIHUAHUA,SECRETARIA DE SALUD,MEDICHIHUAHUA,,8,18,19,481,CHIHUAHUA
6563095869,2026-10-03 14:47:08.380562,MC,Cruz Pérez Cuellar,5765498,URBIVILLA DEL CEDRO,32575,Hombre,MARIO DE LA PAZ LUNA MACHADO,31.576405387175,-106.327928149294,"C CEDROS DEL ACANTILADO 2125, URBIVILLA DEL CEDRO, 32575 Chihuahua,CHIH",,61,60–64,,,,,,2,10,37,3144,JUAREZ
6141605896,2026-10-03 14:47:40.887248,MC,Cruz Pérez Cuellar,5023061,LAS ALDABAS,31117,Hombre,JUAN DOMINGO ESTRADA MARQUEZ,28.736799831,-106.164203932003,"CTO TERRANOVA 2880, LAS ALDABAS, 31117 Chihuahua,CHIH",,60,60–64,,,DESARROLLO RURAL,APOYOS PARA EL OTORGAMIENTO DE INSUMOS PECUARIOS ENTREGADOS,,6,12,19,3178,CHIHUAHUA
6562845571,2026-10-03 14:48:02.681995,MC,Cruz Pérez Cuellar,6134542,UNIVERSIDAD,32320,Hombre,OCTAVIO RAMOS MUÑOZ,31.740513554095,-106.430000069,"C QUIMICA 401, UNIVERSIDAD, 32320 Chihuahua,CHIH",,61,60–64,MORENA,,,,,4,4,37,1568,JUAREZ
9999098850,2026-10-03 14:48:09.997533,MC,Cruz Pérez Cuellar,6544833,OASIS SUR,32690,Hombre,MIGUEL ANGEL ANTUNEZ GARCIA,31.659689695416,-106.425860545796,"AV EL GRANJERO 6945, OASIS SUR, 32690 Chihuahua,CHIH",,37,31–40,,,,,,1,7,37,1834,JUAREZ
6142475102,2026-10-03 14:48:05.987463,MC,Cruz Pérez Cuellar,5135274,CHARROS,31210,Hombre,GUILLERMO GUTIERREZ ESPINOZA,28.655276422492,-106.119304634174,"C SILVERIO PEREZ 511, CHARROS, 31210 Chihuahua,CHIH",,55,41–59,,,,,,6,15,19,775,CHIHUAHUA
6566174716,2026-10-03 14:48:31.250872,MC,Cruz Pérez Cuellar,5431772,LAS ACEQUIAS,32617,Hombre,HECTOR ESQUER ACERO,31.691536949848,-106.419104400237,"C ACEQUIA DOBLADO 3609, LAS ACEQUIAS, 32617 Chihuahua,CHIH",,73,65+,,,,,GOB FED - ADULTOS MAYORES,4,5,37,1758,JUAREZ
6142133700,2026-10-03 14:49:13.238340,MC,Cruz Pérez Cuellar,5837437,LA JOYA,31060,Hombre,ROGELIO ZUANY MEDINA,28.6258710490584,-106.047386516,"C ZAFIRO 1321, LA JOYA, 31060 Chihuahua,CHIH",,54,41–59,MORENA,SERVICIOS DE SALUD DE CHIHUAHUA,,,,8,17,19,576,CHIHUAHUA
9381354074,2026-10-03 14:49:43.614560,MC,Cruz Pérez Cuellar,4876909,FELIPE ANGELES,31090,Mujer,ALMA PATRICIA CHAVEZ VALENZUELA,28.6555786,-106.08790499,"PRIV DE 13 A 2016, FELIPE ANGELES, 31090 Chihuahua,CHIH",,55,41–59,,,,,,8,16,19,878,CHIHUAHUA
6566841267,2026-10-03 14:49:52.408769,MC,Cruz Pérez Cuellar,6921378,DOS DE JUNIO,31134,Mujer,MA DEL CARMEN CHAVEZ ESPINOZA,28.7003600651821,-106.089207528,"C FUNDIDORES 14, DOS DE JUNIO, 31134 Chihuahua,CHIH",,72,65+,,,SECRETARIA DE DESARROLLO HUMANO Y BIEN COMUN,FORTALECIMIENTO COMUNITARIO Y PARTICIPACION CIUDADANA,GOB FED - ADULTOS MAYORES,8,15,19,647,CHIHUAHUA
6562733293,2026-10-03 14:51:20.430843,MC,Cruz Pérez Cuellar,5776878,PAPIGOCHIC,32696,Hombre,JOSE LUIS RAMIREZ MEDINA,31.6199168749072,-106.409690573,"C RIO HUANG HO 8920, PAPIGOCHIC, 32696 Chihuahua,CHIH",,66,65+,,,,,,1,7,37,2764,JUAREZ
6567651485,2026-10-03 14:51:49.494318,MC,Cruz Pérez Cuellar,6908638,ARROYO COLORADO,32140,Mujer,ALEJANDRA XX MARTINEZ,31.7421687860977,-106.495883628,"C BRONCE 242, ARROYO COLORADO, 32140 Chihuahua,CHIH",,79,65+,,,,,,3,3,37,1489,JUAREZ
6141849738,2026-10-03 14:52:20.413014,MC,Cruz Pérez Cuellar,5990146,SAN FELIPE,31203,Hombre,GUILLERMO MARIO DOMINGUEZ NESBITT,28.65411251255,-106.0925320378,"C ORTIZ DE CAMPOS 2915, SAN FELIPE, 31203 Chihuahua,CHIH",,66,65+,,UNIVERSIDAD AUTONOMA DE CHIHUAHUA (3ER TRIMESTRE),,,,6,15,19,797,CHIHUAHUA
6142081027,2026-10-03 14:52:58.563784,MC,Cruz Pérez Cuellar,6520741,LINCE III,31300,Hombre,LUIS CARLOS GONZALEZ GALLARDO,28.671663170062,-106.072773880359,"PRIV MANUEL AGUILAR SAENZ 4703, LINCE III, 31300 Chihuahua,CHIH",,44,41–59,MORENA,,SECRETARIA DE DESARROLLO HUMANO Y BIEN COMUN,FORTALECIMIENTO COMUNITARIO Y PARTICIPACION CIUDADANA,,8,17,19,768,CHIHUAHUA
6566157682,2026-10-03 14:53:36.922795,MC,Cruz Pérez Cuellar,5567423,LAS MONTAÑAS,32599,Hombre,GILBERTO RIVERA RAMIREZ,31.62063207987,-106.351568308624,"C SIERRA TARAHUMARA 1563, LAS MONTAÑAS, 32599 Chihuahua,CHIH",,55,41–59,,TRIBUNAL SUPERIOR DE JUSTICIA,,,,2,8,37,2912,JUAREZ
6564499018,2026-10-03 14:54:08.601351,MC,Cruz Pérez Cuellar,6027001,ANAHUAC,32240,Hombre,RICARDO GARCIA VALERIO,31.7183026980605,-106.476915677,"C LIBERTAD 2867, ANAHUAC, 32240 Chihuahua,CHIH",,53,41–59,MORENA,,SECRETARIA DE DESARROLLO HUMANO Y BIEN COMUN,JUNTOS SI PODEMOS,,4,4,37,1990,JUAREZ
6566145949,2026-10-03 14:55:02.674983,MC,Cruz Pérez Cuellar,5594243,SAN LAZARO,31070,Mujer,ANA MARIA HERNANDEZ LOPEZ,28.606868753492,-106.043863271384,"C CHICHIMECA 8006, SAN LAZARO, 31070 Chihuahua,CHIH",,82,65+,,,,,GOB FED - ADULTOS MAYORES,8,16,19,593,CHIHUAHUA
6567628230,2026-10-03 14:55:05.974801,MC,Cruz Pérez Cuellar,6025160,JOSE SULAIMAN,32575,Mujer,MARIA EUGENIA REZA FLORES,31.593408307592,-106.342350228813,"C JULIO CESAR CHAVEZ 1850, JOSE SULAIMAN, 32575 Chihuahua,CHIH",,43,41–59,,,SECRETARIA DE DESARROLLO HUMANO Y BIEN COMUN,JUNTOS SI PODEMOS,GOB FED - BECAS BASICO,2,8,37,2930,JUAREZ
6564058104,2026-10-03 14:55:59.296799,MC,Cruz Pérez Cuellar,5450247,INFONAVIT JUAREZ NUEVO,32583,Mujer,ISABEL GARCIA MENDOZA,31.6513912479564,-106.398110576,"C NENUFAR 9202, INFONAVIT JUAREZ NUEVO, 32583 Chihuahua,CHIH",,67,65+,MORENA,,SECRETARIA DE DESARROLLO HUMANO Y BIEN COMUN,APOYO A PERSONAS MAYORES,,1,7,37,1925,JUAREZ
6144272569,2026-10-03 14:55:53.392582,MC,Cruz Pérez Cuellar,7397125,CENTRO,31000,Hombre,ALEJANDRO GARNICA JIMENEZ,28.63353116221,-106.070855604888,"C 3A 2014, CENTRO, 31000 Chihuahua,CHIH",,56,41–59,,TRIBUNAL SUPERIOR DE JUSTICIA,,,,8,15,19,457,CHIHUAHUA
6142474768,2026-10-03 14:57:27.737158,MC,Cruz Pérez Cuellar,6095609,QUINTAS CAROLINAS II,31146,Hombre,ROMAN OLIVAS AVILA,28.718834677115,-106.093466703824,"AV MONTE EVEREST 11923, QUINTAS CAROLINAS II, 31146 Chihuahua,CHIH",,59,41–59,,,,,,6,17,19,612,CHIHUAHUA
6563300312,2026-10-03 14:58:23.782698,MC,Cruz Pérez Cuellar,6647845,RESIDENCIAL CAMPESTRE SENECU,32350,Mujer,MIRIAM GALLEGOS BARRAZA,31.718555678421,-106.402249550702,"C BAUDELIO PELAYO 8274, RESIDENCIAL CAMPESTRE SENECU, 32350 Chihuahua,CHIH",,36,31–40,,,,,,4,5,37,1642,JUAREZ
6141324572,2026-10-03 14:59:43.372377,MC,Cruz Pérez Cuellar,5099461,QUINTAS CAROLINAS II,31146,Mujer,IRIS ARMINEE CORONEL MORALES,28.718727598301,-106.089301819955,"C MONTE RICO 11726, QUINTAS CAROLINAS II, 31146 Chihuahua,CHIH",,46,41–59,,SERVICIOS EDUCATIVOS DEL ESTADO DE CHIHUAUA,,,,6,17,19,612,CHIHUAHUA
6567724348,2026-10-03 15:00:39.441734,MC,Cruz Pérez Cuellar,6812900,SAUZAL,32599,Mujer,KARINA ELIAS ARMENDARIZ,31.613869099698,-106.324149335885,"C HIDALGO 963, SAUZAL, 32599 Chihuahua,CHIH",,37,31–40,MORENA,,SECRETARIA DE DESARROLLO HUMANO Y BIEN COMUN,JUNTOS SI PODEMOS,,2,8,37,3329,JUAREZ
6252059048,2026-10-03 15:00:46.213422,MC,Cruz Pérez Cuellar,7261845,PONCE DE LEON,31136,Mujer,MARIA DE JESUS GUTIERREZ GALINDO,28.724008784035,-106.104618323084,"C GUILLERMO VALENCIA 3725, PONCE DE LEON, 31136 Chihuahua,CHIH",,59,41–59,,,,,,6,17,19,3288,CHIHUAHUA
6563604699,2026-10-03 15:01:38.569916,MC,Cruz Pérez Cuellar,5041183,EL GRANJERO,32690,Hombre,MAURICIO BRIZUELA GARCIA,31.65628458916,-106.399710768089,"C RODODENDRO 9023, EL GRANJERO, 32690 Chihuahua,CHIH",,60,60–64,MORENA,,,,,1,7,37,1831,JUAREZ
6141543488,2026-10-03 15:02:11.488770,MC,Cruz Pérez Cuellar,6585728,CHIHUAHUA 2000,31136,Mujer,GUADALUPE ISABEL ROJAS VARGAS,28.727161846462,-106.125039991981,"C SIMON SARLAT NAVA 501, CHIHUAHUA 2000, 31136 Chihuahua,CHIH",,38,31–40,,,SECRETARIA DE SALUD,MEDICHIHUAHUA,,6,12,19,2890,CHIHUAHUA
6563540386,2026-10-03 15:02:25.040346,MC,Cruz Pérez Cuellar,6288184,SAN JOSE,33980,Mujer,RUTH ELIZABETH MEZA URIBE,27.1204617,-104.9098315,"C 5 DE FEBRERO 2302, SAN JOSE, 33980 Chihuahua,CHIH",,42,41–59,,,,,,5,20,36,1407,JIMENEZ
6143976065,2026-10-03 15:02:39.312688,MC,Cruz Pérez Cuellar,5579326,SAN JOSE,31126,Hombre,RENE XX GARCIA,28.686511279159,-106.117035787,"C MARTIRES DE CHICAGO 32, SAN JOSE, 31126 Chihuahua,CHIH",,48,41–59,,,,,,6,15,19,661,CHIHUAHUA
6563523568,2026-10-03 15:03:26.495070,MC,Cruz Pérez Cuellar,7380733,PARAJE DEL SUR,32575,Hombre,RAFAEL RODRIGUEZ SALDIVAR,31.585862227523,-106.37309789023,"C OLAVARRIA 1224, PARAJE DEL SUR, 32575 Chihuahua,CHIH",,80,65+,,,,,,2,10,37,2782,JUAREZ
6563185444,2026-10-03 15:03:28.159917,MC,Cruz Pérez Cuellar,5068808,LAS HACIENDAS,32577,Mujer,DOMINGA JIMENEZ SANTIAGO,31.577189430398,-106.395279758794,"C HACIENDA DEL CARRIZAL 9403, LAS HACIENDAS, 32577 Chihuahua,CHIH",,49,41–59,MORENA,,SECRETARIA DE DESARROLLO HUMANO Y BIEN COMUN,JUNTOS SI PODEMOS,,2,10,37,2978,JUAREZ
6566157942,2026-10-03 15:04:31.795908,MC,Cruz Pérez Cuellar,6015209,LOMAS DEL REY,32651,Mujer,NELLIE IVETH LIMON GONZALEZ,31.6699600599853,-106.438039823,"C VERONICA 5812, LOMAS DEL REY, 32651 Chihuahua,CHIH",,42,41–59,,,,,,4,6,37,1781,JUAREZ
6144812762,2026-10-03 14:46:44.173960,MC,Marco Bonilla,5879573,MISION UNIVERSIDAD III,31124,Mujer,LUZ BERTHA VALENZUELA GARCIA,28.705947500982,-106.1506745341,"C COLEGIO SANTA MONICA 2204, MISION UNIVERSIDAD III, 31124 Chihuahua,CHIH",,72,65+,,,,,GOB FED - ADULTOS MAYORES,6,12,19,3204,CHIHUAHUA
6563163675,2026-10-03 14:48:30.080218,MC,Marco Bonilla,6822511,LAS HACIENDAS,32577,Hombre,LEOCADIO VASQUEZ PEREZ,31.572160389371,-106.389333455777,"C HACIENDA NONOAVA 9604, LAS HACIENDAS, 32577 Chihuahua,CHIH",,36,31–40,,,,,,2,2,37,3014,JUAREZ
6141775314,2026-10-03 14:49:07.033458,MC,Marco Bonilla,5862935,QUINTAS DEL SOL,31214,Hombre,MIGUEL DE LOS SANTOS AREVALO,28.626016373106,-106.102288740735,"C FLORIDA 3421, QUINTAS DEL SOL, 31214 Chihuahua,CHIH",,62,60–64,,,,,,6,18,19,839,CHIHUAHUA
6144994081,2026-10-03 14:49:41.599516,MC,Marco Bonilla,5551314,RIBERAS DEL SACRAMENTO,31184,Mujer,RICARDA MOLINA AGUIRRE,28.7809194213155,-106.166814192,"C RIO RHIN 2019, RIBERAS DEL SACRAMENTO, 31184 Chihuahua,CHIH",,70,65+,,,,,GOB FED - ADULTOS MAYORES,6,12,19,3281,CHIHUAHUA
6677467012,2026-10-03 14:50:40.995959,MC,Marco Bonilla,6179379,CORDOVA AMERICAS,32310,Hombre,ELIU HERNANDEZ MUÑOZ,31.751497309539,-106.45175702239,"C RIO COLUMBIA 3485, CORDOVA AMERICAS, 32310 Chihuahua,CHIH",,54,41–59,,,,,,4,4,37,1569,JUAREZ
6141384132,2026-10-03 14:51:26.738331,MC,Marco Bonilla,5283529,INFONAVIT NACIONAL,31120,Mujer,LIRIO CAROLINA DORAME PACHECO,28.678783476872,-106.12125551261,"C JUAN ESCUTIA SUR 825, INFONAVIT NACIONAL, 31120 Chihuahua,CHIH",,47,41–59,,SECRETARIA DE LA FUNCION PUBLICA,SECRETARIA DE PUEBLOS Y COMUNIDADES INDIGENAS,FOMENTO AL RESPETO DE LOS DERECHOS DE LAS Y LOS INDIGNAS,,6,15,19,699,CHIHUAHUA
6141961386,2026-10-03 14:56:05.646592,MC,Marco Bonilla,5174722,PLAN DE AYALA,31090,Hombre,PABLO CELSO RUIZ GARCIA,28.597880000527,-105.998025911859,"C REPARTO AGRARIO 2308, PLAN DE AYALA, 31090 Chihuahua,CHIH",,63,60–64,,,,,,8,16,19,3368,CHIHUAHUA
6142208993,2026-10-03 14:56:30.526872,MC,Marco Bonilla,4980355,MAGISTERIAL UNIVERSIDAD,31200,Hombre,EDUARDO FRANCO CARDENAS,28.657950795562,-106.094304391227,"C LEYES 1106, MAGISTERIAL UNIVERSIDAD, 31200 Chihuahua,CHIH",,47,41–59,,,,,,6,15,19,781,CHIHUAHUA
6144301384,2026-10-03 14:58:21.828239,MC,Marco Bonilla,6069717,RDCIAL LAS FUENTES,31207,Hombre,JUAN LAZCANO CHAVIRA,28.619367931327,-106.112615664542,"C FUENTE DE LOS VIENTOS 6448, RDCIAL LAS FUENTES, 31207 Chihuahua,CHIH",,84,65+,,,,,GOB FED - ADULTOS MAYORES,6,18,19,839,CHIHUAHUA
6144154908,2026-10-03 14:59:00.360562,MC,Marco Bonilla,5604518,CENTRO,31000,Hombre,ENRIQUE AREVALO TERAN,28.60141267,-106.112369754,"C MORELOS 1612, CENTRO, 31000 Chihuahua,CHIH",,88,65+,,,,,GOB FED - ADULTOS MAYORES,8,16,19,460,CHIHUAHUA
6141755334,2026-10-03 15:02:52.956738,MC,Marco Bonilla,6328910,GRANJAS,31100,Hombre,EDGAR DANIEL GUTIERREZ MARRUFO,28.660571188042,-106.100122521678,"C CEDRO 507, GRANJAS, 31100 Chihuahua,CHIH",,40,31–40,,,,,,6,15,19,771,CHIHUAHUA
6144202189,2026-10-03 15:03:17.935043,MC,Marco Bonilla,6062590,RIGOBERTO QUIROZ,31090,Hombre,RITO ANCHONDO COBOS,28.601548130904,-106.016187652022,"PRIV DE OJINAGA 1710, RIGOBERTO QUIROZ, 31090 Chihuahua,CHIH",,65,65+,,,,,,8,16,19,880,CHIHUAHUA
6672651574,2026-10-03 15:03:50.718865,MC,Marco Bonilla,6146719,ROSANACHI,33180,Hombre,JOSE MANUEL GARCIA LERMA,27.379763055,-107.624994722,"LOC ROSANACHI S/N, ROSANACHI, 33180 Chihuahua,CHIH",,58,41–59,,,SECRETARIA DE DESARROLLO HUMANO Y BIEN COMUN,DESARROLLO HUMANO,GOB FED - SEMBRANDO VIDA,9,22,27,1117,GUACHOCHI
6564663578,2026-10-03 14:43:27.063006,MORENA,-,5421936,PRADERAS DEL SOL,32576,Mujer,IRMA LETICIA MORALES ESCARCEGA,31.5821614738484,-106.41187289,"C SOL DE GARDENIAS 3723, PRADERAS DEL SOL, 32576 Chihuahua,CHIH",,56,41–59,,,,,,2,2,37,2974,JUAREZ
6562624728,2026-10-03 14:43:45.099498,MORENA,-,5193291,FUENTES DEL VALLE,32500,Mujer,ADELFA AMPARAN GONZALEZ,31.7163318260576,-106.420371822,"C DE LA ENSENADA 7373, FUENTES DEL VALLE, 32500 Chihuahua,CHIH",,74,65+,MORENA,,,,GOB FED - ADULTOS MAYORES,4,4,37,1666,JUAREZ
6143942925,2026-10-03 14:43:45.135931,MORENA,-,5151646,LOS GIRASOLES,31376,Mujer,MARIA TERESA NAVA MORALES,28.659766651066,-106.013274689211,"C ACEQUIA DEL RESBALON 7432, LOS GIRASOLES, 31376 Chihuahua,CHIH",,65,65+,,,,,,8,17,19,852,CHIHUAHUA
6141609054,2026-10-03 14:44:01.408616,MORENA,-,5486451,INFONAVIT NACIONAL,31120,Mujer,MANUELA VALDIVIEZO VAZQUEZ,28.682647320275,-106.119069375083,"C CHICHENITZA 8306, INFONAVIT NACIONAL, 31120 Chihuahua,CHIH",,76,65+,,,,,GOB FED - ADULTOS MAYORES,6,15,19,680,CHIHUAHUA
6562689094,2026-10-03 14:44:10.737946,MORENA,-,5758403,AGUILAS DE ZARAGOZA,32599,Mujer,VERONICA GARCIA MARQUEZ,31.6203450609079,-106.332259714,"C TOTOQUIHUATZIN 1177, AGUILAS DE ZARAGOZA, 32599 Chihuahua,CHIH",,50,41–59,MORENA,,SECRETARIA DE DESARROLLO HUMANO Y BIEN COMUN,JUNTOS SI PODEMOS,,2,8,37,3329,JUAREZ
6563980308,2026-10-03 14:44:40.016163,MORENA,-,7233797,VILLAHERMOSA,32510,Hombre,OSCAR MELENDEZ GUTIERREZ,31.714759972745,-106.43005183266,"C COMALCALCO 6406, VILLAHERMOSA, 32510 Chihuahua,CHIH",,72,65+,,,,,GOB FED - ADULTOS MAYORES,4,4,37,1680,JUAREZ
6255850013,2026-10-03 14:44:45.424463,MORENA,-,5390768,INDUSTRIAL,31330,Hombre,FERNANDO RAMIREZ CASTRO,28.655384924252,-106.068059403582,"C HERNAN CORTEZ 305, INDUSTRIAL, 31330 Chihuahua,CHIH",,75,65+,MORENA,,,,GOB FED - ADULTOS MAYORES,8,15,19,813,CHIHUAHUA
6567013157,2026-10-03 14:44:48.858109,MORENA,-,4942038,PARAJES DEL SOL,32695,Mujer,LORENA PEREZ LOPEZ,31.625868548465,-106.407344586406,"C GREGORIO VAZQUEZ 9303, PARAJES DEL SOL, 32695 Chihuahua,CHIH",,49,41–59,,,SECRETARIA DE SALUD,SECRETARIA DE SALUD,,1,7,37,2755,JUAREZ
6566180699,2026-10-03 14:44:58.360066,MORENA,-,6412297,INF PARQUES INDUSTRIALES,32625,Mujer,ITZEL IRASEMA MONCADA MARTELL,31.698871907638,-106.436016059684,"C ANTONIO MACHADO 6208, INF PARQUES INDUSTRIALES, 32625 Chihuahua,CHIH",,38,31–40,,,,,,4,4,37,1739,JUAREZ
8677143044,2026-10-03 14:45:07.778833,MORENA,-,5696457,SATELITE,32540,Hombre,JOSE LUIS PITACUA ALEJANDRO,31.678571280136,-106.371871427687,"C PALAS 1729, SATELITE, 32540 Chihuahua,CHIH",,47,41–59,,,,,,4,5,37,1744,JUAREZ
6143937565,2026-10-03 14:45:13.103732,MORENA,-,6567799,LOS ARROYOS,31125,Hombre,JOSE LUIS BAHENA ZAGAL,28.727879421193,-106.151588245366,"AV LOS ARCOS 2019, LOS ARROYOS, 31125 Chihuahua,CHIH",,48,41–59,,,,,,6,12,19,3180,CHIHUAHUA
6142153753,2026-10-03 14:45:58.424979,MORENA,-,5391159,SAHUAROS,31137,Hombre,ARMANDO CARDONA PANDO,28.7457101652573,-106.126562935,"C DESIERTO DE PATAGONIA 1905, SAHUAROS, 31137 Chihuahua,CHIH",,56,41–59,MORENA,,,,,6,12,19,2850,CHIHUAHUA
6142529636,2026-10-03 14:45:55.385878,MORENA,-,6997475,MAGISTERIAL UNIVERSIDAD,31200,Mujer,JUANA MONSERRAT MANCINAS ARCUVIA,28.6608614861166,-106.086303038,"C PASCUAL OROZCO 3305, MAGISTERIAL UNIVERSIDAD, 31200 Chihuahua,CHIH",,38,31–40,,,SECRETARIA DE PUEBLOS Y COMUNIDADES INDIGENAS,ATENCION A LA POBLACION INDIGENA DEL ESTADO DE CHIHUAHUA,GOB FED - BECAS BASICO,8,15,19,784,CHIHUAHUA
6144106200,2026-10-03 14:46:28.688036,MORENA,-,5558864,UNIDAD CHIHUAHUA,31205,Hombre,EFREN ESCOBEDO ROYVAL,28.635811735038,-106.096168435259,"C J F KENNEDY 10, UNIDAD CHIHUAHUA, 31205 Chihuahua,CHIH",,87,65+,,,,,GOB FED - ADULTOS MAYORES,6,18,19,826,CHIHUAHUA
6141754746,2026-10-03 14:46:40.045329,MORENA,-,5298201,REFORMA,31030,Mujer,MERCEDES HORTENSIA REZA TORRES,28.612008410791,-106.084639805408,"C 58 2214, REFORMA, 31030 Chihuahua,CHIH",,64,60–64,,,,,,8,16,19,471,CHIHUAHUA
5552599026,2026-10-03 14:46:50.382124,MORENA,-,5181172,EL VALLECILLO,31625,Hombre,ARTURO MORALES ESPINOZA,28.43016,-106.26215,,,75,65+,,,DESARROLLO RURAL,APOYOS PARA INSUMOS AGRICOLAS,GOB FED - ADULTOS MAYORES,6,18,19,898,CHIHUAHUA
6145125448,2026-10-03 14:46:54.782798,MORENA,-,5877365,ARBOLEDAS,31110,Hombre,GERARDO FELIX RODRIGUEZ,28.663497771445,-106.115449334549,"C ALBATROS 1600, ARBOLEDAS, 31110 Chihuahua,CHIH",,54,41–59,,,,,,6,15,19,753,CHIHUAHUA
6142777518,2026-10-03 14:46:49.151524,MORENA,-,6252306,CONCORDIA,31375,Hombre,OSCAR ALEJANDRO VALENZUELA RAMOS,28.673502277,-106.094462106,"C FRANCISCO I MADERO 303, CONCORDIA, 31375 Chihuahua,CHIH",,40,31–40,PVEM,,,,,8,17,19,850,CHIHUAHUA
6141953645,2026-10-03 14:47:07.232233,MORENA,-,5386516,MARMOL I,31075,Hombre,MARTIN ALEJANDRO HERRERA HERNANDEZ,28.608088844273,-106.033794719742,"C LA ESPAÑOLA 2423, MARMOL I, 31075 Chihuahua,CHIH",,56,41–59,MORENA,,SECRETARIA DE SALUD,SECRETARIA DE SALUD,,8,16,19,601,CHIHUAHUA
6142421522,2026-10-03 14:47:06.923842,MORENA,-,5913171,CENTRO,31000,Mujer,BEATRIZ AURORA MARRUFO PEREZ,28.605959442726,-106.014495681047,"C 9A 508, CENTRO, 31000 Chihuahua,CHIH",,69,65+,,,SECRETARIA DE DESARROLLO HUMANO Y BIEN COMUN,APOYO A PERSONAS MAYORES,GOB FED - ADULTOS MAYORES,8,15,19,435,CHIHUAHUA
6144169075,2026-10-03 14:47:45.310097,MORENA,-,4961540,CENTRO,31000,Hombre,JOSE DE LA LUZ ANCHONDO MEDRANO,29.076485131202,-106.249524025044,"C 13A 305, CENTRO, 31000 Chihuahua,CHIH",,44,41–59,,,,,,8,15,19,435,CHIHUAHUA
6563012197,2026-10-03 14:47:42.111495,MORENA,-,6040438,PRADERA DORADA,32618,Hombre,MARCOS CAMPOS ARIAS,31.698449794994,-106.421846117089,"C RANCHO ATOTONILCO 3211, PRADERA DORADA, 32618 Chihuahua,CHIH",,58,41–59,,,,,,4,5,37,1719,JUAREZ
6142155776,2026-10-03 14:48:07.791101,MORENA,-,6436161,ALFREDO CHAVEZ,31414,Hombre,JACOBO DANIEL GARCIA HERNANDEZ,28.604023055455,-106.103770828854,"C RIO GRIJALVA 8417, ALFREDO CHAVEZ, 31414 Chihuahua,CHIH",,38,31–40,,,,,,6,18,19,414,CHIHUAHUA
6143942630,2026-10-03 14:48:21.707842,MORENA,-,4961841,LOS NOGALES,31380,Hombre,MIGUEL EPIGMENIO CHAVEZ ZUBIATE,28.6398614920817,-106.00848895,"C BARTON 9208, LOS NOGALES, 31380 Chihuahua,CHIH",,68,65+,,,,,,8,17,19,855,CHIHUAHUA
6568534435,2026-10-03 14:48:33.811518,MORENA,-,5017684,CENTRO,32740,Hombre,RAUL ROMAN GARCIA,31.387733729605,-106.097807046179,"C ZARAGOZA 326, CENTRO, 32740 Chihuahua,CHIH",,46,41–59,MORENA,,SECRETARIA DE DESARROLLO HUMANO Y BIEN COMUN,JUNTOS SI PODEMOS,,2,11,28,1126,GUADALUPE
6562859766,2026-10-03 14:48:36.759872,MORENA,-,5806784,PASEO DE SANTA MONICA,32695,Hombre,CARLOS DAVID CASAVANTES MONARES,31.63064317388,-106.405148276317,"C SAN DIEGO 8128, PASEO DE SANTA MONICA, 32695 Chihuahua,CHIH",,47,41–59,,SERVICIOS EDUCATIVOS DEL ESTADO DE CHIHUAUA,SECRETARIA DE DESARROLLO HUMANO Y BIEN COMUN,JUNTOS SI PODEMOS,,1,7,37,2711,JUAREZ
6565596114,2026-10-03 14:49:11.990365,MORENA,-,6300831,VILLA ESPERANZA,32691,Hombre,LINO HERNANDEZ CASTAÑEDA,31.660985962,-106.417559603,"C DE LAS VILLAS 11840, VILLA ESPERANZA, 32691 Chihuahua,CHIH",,74,65+,,,,,,3,2,37,2197,JUAREZ
6145157856,2026-10-03 14:49:18.203309,MORENA,-,4911234,UNIDAD PROLETARIA,31054,Mujer,SANDRA YULIANA GUEVARA MOLINA,28.607986145005,-106.054033369782,"C AMERICA LATINA 3206, UNIDAD PROLETARIA, 31054 Chihuahua,CHIH",,44,41–59,,,,,,8,16,19,586,CHIHUAHUA
6145429256,2026-10-03 14:49:17.930819,MORENA,-,6511205,VILLA JUAREZ,31064,Mujer,JUANA GONZALEZ RIZO,28.600451568421,-106.013498905121,"PRIV ANGEL POSADA 1905, VILLA JUAREZ, 31064 Chihuahua,CHIH",,75,65+,MORENA,,,,GOB FED - ADULTOS MAYORES,8,16,19,880,CHIHUAHUA
7471074825,2026-10-03 14:49:24.286132,MORENA,-,6223591,COND VILLA SENECU,32457,Mujer,PATRICIA LOPEZ SOTELO,31.718864045906,-106.403023128585,"C BAUDELIO PELAYO 8210, COND VILLA SENECU, 32457 Chihuahua,CHIH",,41,41–59,,,,,,4,5,37,1642,JUAREZ
6142218282,2026-10-03 14:49:27.981652,MORENA,-,6258940,SOLIDARIDAD POPULAR,31137,Mujer,MAYRA AZUCENA ESCARCEGA MORALES,28.7314963712337,-106.13974747,"C VICTORIA POPULAR 16707, SOLIDARIDAD POPULAR, 31137 Chihuahua,CHIH",,41,41–59,,,,,,6,12,19,3286,CHIHUAHUA
6144947524,2026-10-03 14:49:33.183165,MORENA,-,5709368,REVOLUCION,31107,Mujer,MATILDE SANCHEZ SOTO,28.700043497933,-106.107071454687,"C CIUDAD CAMARGO 135, REVOLUCION, 31107 Chihuahua,CHIH",,69,65+,MORENA,,SECRETARIA DE DESARROLLO HUMANO Y BIEN COMUN,FORTALECIMIENTO COMUNITARIO Y PARTICIPACION CIUDADANA,GOB FED - ADULTOS MAYORES,6,15,19,634,CHIHUAHUA
5556309359,2026-10-03 14:49:45.881326,MORENA,-,4960185,NOMBRE DE DIOS,31150,Mujer,GUADALUPE MENDOZA RUIZ,28.679965760177,-106.094185222896,"PRIV AMERICA LATINA 7301, NOMBRE DE DIOS, 31150 Chihuahua,CHIH",,68,65+,,,SECRETARIA DE DESARROLLO HUMANO Y BIEN COMUN,FORTALECIMIENTO COMUNITARIO Y PARTICIPACION CIUDADANA,GOB FED - BECAS BASICO,8,15,19,715,CHIHUAHUA
6141639702,2026-10-03 14:49:50.456087,MORENA,-,5744067,SAN FELIPE V ETAPA,31203,Mujer,ROSALBA BARRIO CHAVIRA,28.6570006311101,-106.101849548,"C LAGUNA DE SAN CRISTOBAL 201, SAN FELIPE V ETAPA, 31203 Chihuahua,CHIH",,72,65+,,,,,GOB FED - ADULTOS MAYORES,6,15,19,779,CHIHUAHUA
6565268708,2026-10-03 14:49:52.782851,MORENA,-,5101465,MARIANO ESCOBEDO,32230,Mujer,GLORIA LETICIA MIRANDA ZAVALA,31.713563792633,-106.50480479519,"C PLATA 3908, MARIANO ESCOBEDO, 32230 Chihuahua,CHIH",,47,41–59,,INSTITUTO CHIHUAHUENSE DE SALUD,,,,3,3,37,2045,JUAREZ
6144271789,2026-10-03 14:49:58.892442,MORENA,-,5760083,CUMBRES UNIVERSIDAD V ETAPA,31124,Mujer,IVONNE CHACON VENZOR,28.6907065188,-106.148767315852,"C MONTES BALCANES 9933, CUMBRES UNIVERSIDAD V ETAPA, 31124 Chihuahua,CHIH",,60,60–64,,,,,,6,18,19,641,CHIHUAHUA
6142439323,2026-10-03 14:49:54.964376,MORENA,-,5475579,CERRO DE LA CRUZ,31460,Hombre,MANUEL DUARTE CORONEL,28.6040217190221,-106.082985842,"C CARLOS FUERO 6808, CERRO DE LA CRUZ, 31460 Chihuahua,CHIH",,54,41–59,,,,,,8,16,19,532,CHIHUAHUA
6145491754,2026-10-03 14:50:17.251914,MORENA,-,6975587,SOL DE ORIENTE I,31390,Hombre,JULIO CESAR SOLEDAD LUNA,28.653167369148,-105.95947544368,"C PRADERAS DE MANITOBA 13627, SOL DE ORIENTE I, 31390 Chihuahua,CHIH",,37,31–40,,,SECRETARIA DE DESARROLLO HUMANO Y BIEN COMUN,FORTALECIMIENTO COMUNITARIO Y PARTICIPACION CIUDADANA,,8,17,19,3260,CHIHUAHUA
6141743239,2026-10-03 14:50:32.415905,MORENA,-,5591902,VILLA JUAREZ,31090,Hombre,PERFECTO SOCORRO LOZOYA SIGALA,28.607724000983,-106.017568738208,"C FRANCISCO PORTILLO 505, VILLA JUAREZ, 31090 Chihuahua,CHIH",,64,60–64,,,SECRETARIA DE DESARROLLO RURAL,SECRETARIA DE DESARROLLO RURAL,,8,16,19,871,CHIHUAHUA
6566795396,2026-10-03 14:50:29.907967,MORENA,-,5223373,SANTA ELENA,31126,Mujer,GUADALUPE MARTINEZ ACOSTA,28.6847577071561,-106.115861899,"CTO SAN JOSE 200, SANTA ELENA, 31126 Chihuahua,CHIH",,56,41–59,,,,,,6,15,19,661,CHIHUAHUA
6144191736,2026-10-03 14:50:33.056972,MORENA,-,4949789,COLINAS DEL SOL,31167,Mujer,RUBI LETICIA NAJERA SIGALA,28.657716437549,-106.123440473398,"C PALOMA 3037, COLINAS DEL SOL, 31167 Chihuahua,CHIH",,51,41–59,,,,,,6,18,19,756,CHIHUAHUA
7531456981,2026-10-03 14:50:29.666790,MORENA,-,5404649,PARAJES DEL SOL,32330,Mujer,MARIA DEL CARMEN GOMEZ CASTRO,31.62500848138,-106.409508290891,"C JOSE JUAREZ 8702, PARAJES DEL SOL, 32330 Chihuahua,CHIH",,55,41–59,,,,,,1,7,37,2756,JUAREZ
6563172162,2026-10-03 14:50:52.923024,MORENA,-,5916035,MORELOS ZARAGOZA,32570,Mujer,ROSA RAQUEL XX ALVAREZ,27.069685363196,-109.441617167474,"C AMADO NERVO 476, MORELOS ZARAGOZA, 32570 Chihuahua,CHIH",,64,60–64,,,,,,1,9,37,1864,JUAREZ
6141950480,2026-10-03 14:50:56.065191,MORENA,-,5848105,BUROCRATA FEDERAL,31460,Mujer,BERTHA ALICIA CASTILLO GUTIERREZ,28.630067938959,-106.077186827088,"PRIV CORONADO 8208, BUROCRATA FEDERAL, 31460 Chihuahua,CHIH",,65,65+,MORENA,,,,,8,16,19,479,CHIHUAHUA
6566005109,2026-10-03 14:51:01.993023,MORENA,-,6016260,JOSEFA ORTIZ DE DGUEZ,32140,Mujer,SILVIA CORINA CABRAL LOPEZ,31.753763505117,-106.530153175374,"C 2DA DE UGARTE 6220, JOSEFA ORTIZ DE DGUEZ, 32140 Chihuahua,CHIH",,45,41–59,,,,,,3,3,37,1481,JUAREZ
6144062169,2026-10-03 14:51:00.632095,MORENA,-,7170773,COLINAS DEL SOL,31110,Hombre,JESE SOLIS VALENZUELA,28.658823225954,-106.118311335388,"C FAISAN 2216, COLINAS DEL SOL, 31110 Chihuahua,CHIH",,32,31–40,,,SECRETARIA DE DESARROLLO HUMANO Y BIEN COMUN,DESARROLLO HUMANO,,6,15,19,758,CHIHUAHUA
9981565859,2026-10-03 14:51:06.981240,MORENA,-,7330294,PROGRESO,31850,Mujer,JAZMIN EDITH BUSTILLOS CHAVEZ,30.372797702613,-107.954157007837,"C SANTOS DEGOLLADO Y FCO I MADERO 701, PROGRESO, 31850 Chihuahua,CHIH",,30,25–30,,,,,,7,1,13,241,CASAS GRANDES
5556301762,2026-10-03 14:51:13.803770,MORENA,-,6315800,QUINTAS DE SAN SEBASTIAN,31125,Mujer,MA DE JESUS MARTINEZ RAMOS,28.71315447088,-106.150032396498,"C JESUS HELGUERA 1421, QUINTAS DE SAN SEBASTIAN, 31125 Chihuahua,CHIH",,67,65+,,SERVICIOS EDUCATIVOS DEL ESTADO DE CHIHUAUA,,,,6,12,19,3194,CHIHUAHUA
6566012323,2026-10-03 14:51:33.832221,MORENA,-,5105330,AZTECAS,32280,Hombre,GUSTAVO ARMANDO PALACIOS HERNANDEZ,31.7017537760349,-106.466459055,"C ZINACANTECOS 1525, AZTECAS, 32280 Chihuahua,CHIH",,49,41–59,,,,,,4,4,37,2083,JUAREZ
9221252723,2026-10-03 14:51:33.150580,MORENA,-,6259519,TERRANOVA,32575,Mujer,MA HUMBERTA SEGOVIA CARDENAS,31.592907911082,-106.413977565376,"C TIERRA CALIZA 10755, TERRANOVA, 32575 Chihuahua,CHIH",,67,65+,,,,,,1,2,37,2815,JUAREZ
7444490169,2026-10-03 14:51:52.754083,MORENA,-,5319008,GRANJAS DEL PROGRESO,32691,Hombre,JOSE MARTIN RODRIGUEZ GARCIA,31.613717676859,-106.586192398973,"C JULIANA JACOBO S/N, GRANJAS DEL PROGRESO, 32691 Chihuahua,CHIH",,60,60–64,,,,,,3,2,37,1562,JUAREZ
6141971113,2026-10-03 14:52:32.781999,MORENA,-,5179573,PANAMERICANA,31210,Hombre,MIGUEL EFRAIN BURROLA LOPEZ,28.649282229298,-106.116481367851,"C BUENOS AIRES 7107, PANAMERICANA, 31210 Chihuahua,CHIH",,52,41–59,,,,,,6,15,19,777,CHIHUAHUA
5557976304,2026-10-03 14:52:32.389034,MORENA,-,6161712,REAL DE MINAS,31144,Mujer,VIVIANA GONZALEZ MOLINA,28.7348059332391,-106.104002461,"C MINERAL DE LA FORTUNA 15532, REAL DE MINAS, 31144 Chihuahua,CHIH",,43,41–59,,,,,,6,18,19,3360,CHIHUAHUA
6566175213,2026-10-03 14:52:33.865299,MORENA,-,5710165,COND MONTECARLO,32460,Hombre,MIGUEL MENDOZA NARANJO,31.714267317917,-106.406655680213,"C MONTECARLO 8036, COND MONTECARLO, 32460 Chihuahua,CHIH",,70,65+,,,,,GOB FED - ADULTOS MAYORES,4,5,37,1641,JUAREZ
6144824708,2026-10-03 14:52:56.750311,MORENA,-,4948556,PROVINCIA DE SANTA CLARA,31123,Mujer,YANIRA IVETTE PALMA CHAVEZ,28.71249829359,-106.157902752123,"C PROVINCIA DE ALICANTE 2428, PROVINCIA DE SANTA CLARA, 31123 Chihuahua,CHIH",,44,41–59,,,,,,6,12,19,3196,CHIHUAHUA
7444305835,2026-10-03 14:53:12.893562,MORENA,-,5131731,URBI QUINTA MONTECARLO,32546,Mujer,MARIANA SALGADO CORONA,31.690044967313,-106.368089870721,"C MONEGUETI SUR 1528, URBI QUINTA MONTECARLO, 32546 Chihuahua,CHIH",,45,41–59,,,,,,4,5,37,3310,JUAREZ
6566155055,2026-10-03 14:53:34.957186,MORENA,-,5206831,CHAVEÑA,32060,Hombre,PEDRO DELGADO FRAIRE,31.725474811031,-106.480825797879,"C MARIANO VARELA 89, CHAVEÑA, 32060 Chihuahua,CHIH",,72,65+,,,,,GOB FED - ADULTOS MAYORES,3,3,37,1968,JUAREZ
5526502170,2026-10-03 14:53:46.342145,MORENA,-,6453238,CERRO DE LA CRUZ,31460,Mujer,KARINA JUAREZ GONZALEZ,28.6555786,-106.08790499,"PRIV PABLO OCHOA 6819, CERRO DE LA CRUZ, 31460 Chihuahua,CHIH",,38,31–40,,,,,,8,16,19,534,CHIHUAHUA
6142864285,2026-10-03 14:53:47.832451,MORENA,-,5642594,GRANJAS,31100,Hombre,DAGOBERTO MURO LUGO,28.662553649936,-106.104485662495,"PRIV FRANCISCO GARCIA SALINAS 4313, GRANJAS, 31100 Chihuahua,CHIH",,79,65+,,,,,GOB FED - ADULTOS MAYORES,6,15,19,772,CHIHUAHUA
6681370948,2026-10-03 14:53:50.863454,MORENA,-,5784949,INF JUAREZ NUEVO,32583,Hombre,EMMANUEL ACOSTA CRUZ,31.653194055731,-106.392837942761,"C ARMANDO BORJON PARGA 6801, INF JUAREZ NUEVO, 32583 Chihuahua,CHIH",,49,41–59,,,,,,1,7,37,1923,JUAREZ
6144116560,2026-10-03 14:53:55.980176,MORENA,-,4899746,AMPL DIAZ ORDAZ,31490,Hombre,DIONICIO JAVIER QUIROZ RIOS,28.602316662623,-106.065404819622,"C TIJUANA 6003, AMPL DIAZ ORDAZ, 31490 Chihuahua,CHIH",,70,65+,MORENA,,SECRETARIA DE DESARROLLO HUMANO Y BIEN COMUN,FORTALECIMIENTO COMUNITARIO Y PARTICIPACION CIUDADANA,GOB FED - ADULTOS MAYORES,8,16,19,541,CHIHUAHUA
6142811019,2026-10-03 14:54:17.843729,MORENA,-,5367006,CAMPO BELLO III,31124,Hombre,DAVID HOLGUIN MARTINEZ,28.695526352174,-106.147280142,"C CAMPO NOGALERO 9302, CAMPO BELLO III, 31124 Chihuahua,CHIH",,68,65+,,,,,,6,12,19,3213,CHIHUAHUA
6565532664,2026-10-03 14:54:26.869492,MORENA,-,5335903,SIGLO XXI,32185,Hombre,RICARDO LOPEZ MONTES,31.741815031894,-106.541705160415,"C ALFONSO CASSO 8809, SIGLO XXI, 32185 Chihuahua,CHIH",,47,41–59,MORENA,,SECRETARIA DE DESARROLLO HUMANO Y BIEN COMUN,JUNTOS SI PODEMOS,GOB FED - PENSION PERSONAS CON DISCAPACIDAD,3,3,37,1547,JUAREZ
6141955834,2026-10-03 14:54:24.079256,MORENA,-,5592667,LAGOS,31140,Mujer,CLAUDIA IVON TARANGO MENDOZA,28.676227325888,-106.103140677373,"PRIV DE TASCATE 1104, LAGOS, 31140 Chihuahua,CHIH",,53,41–59,,,DESARROLLO RURAL,APOYOS PARA LA REALIZACION Y/O PARTICIPACION EN ENCUENTROS DE AGRONEGOCIOS ENTREGADOS,,8,15,19,738,CHIHUAHUA
6144187682,2026-10-03 14:55:03.130450,MORENA,-,6726158,MARGARITA MAZA DE JUAREZ,31470,Mujer,ROSA MARIA ABES LUJAN,28.5985818050132,-106.093670338,"C ROMULO ALVELAIS 8623, MARGARITA MAZA DE JUAREZ, 31470 Chihuahua,CHIH",,77,65+,,,,,GOB FED - ADULTOS MAYORES,8,18,19,489,CHIHUAHUA
7737323131,2026-10-03 14:55:11.429786,MORENA,-,7143354,MESA DE SAN JOSE,33470,Hombre,MANUEL GUTIERREZ LUGO,25.979444444,-106.901666667,"MESA DE SAN JOSE S/N, MESA DE SAN JOSE, 33470 Chihuahua,CHIH",,46,41–59,,,SECRETARIA DE SALUD,MEDICHIHUAHUA,,9,22,29,1158,GUADALUPE Y CALVO
6565264989,2026-10-03 14:55:06.668977,MORENA,-,7270878,PARAJE DE SAN ISIDRO,32575,Mujer,ROCIO SUSUNAGA DOMINGUEZ,31.586502437287,-106.356526951472,"C VOLCAN CUSIN 2720, PARAJE DE SAN ISIDRO, 32575 Chihuahua,CHIH",,49,41–59,,,SECRETARIA DE DESARROLLO HUMANO Y BIEN COMUN,JUNTOS SI PODEMOS,GOB FED - BECAS BASICO,2,10,37,2979,JUAREZ
6141571518,2026-10-03 14:55:41.333804,MORENA,-,6358664,CENTRO,31020,Mujer,IVONNE ALICIA ARROYO PICARD,28.628846648442,-106.081859779582,"C OJINAGA VIEJA 1849, CENTRO, 31020 Chihuahua,CHIH",,83,65+,MORENA,,,,GOB FED - ADULTOS MAYORES,8,16,19,460,CHIHUAHUA
6141245771,2026-10-03 14:55:48.189821,MORENA,-,5898260,JARDINES DE ORIENTE,31384,Mujer,ELENA CONTRERAS MERAZ,28.669913322045,-105.976469836187,"C PARQUE DE LA ABADIA 10313, JARDINES DE ORIENTE, 31384 Chihuahua,CHIH",,73,65+,MORENA,,SECRETARIA DE DESARROLLO HUMANO Y BIEN COMUN,APOYO A PERSONAS MAYORES,GOB FED - ADULTOS MAYORES,8,17,19,3241,CHIHUAHUA
6144597022,2026-10-03 14:55:49.003225,MORENA,-,5967377,UNIDAD,31125,Hombre,HUGO SERGIO CONTRERAS JAQUEZ,28.689419603296,-106.138760916022,"C COMUNIDAD 4030, UNIDAD, 31125 Chihuahua,CHIH",,55,41–59,,,,,,6,18,19,641,CHIHUAHUA
6145021510,2026-10-03 14:55:53.099897,MORENA,-,5747352,SANTO NIÑO,31200,Mujer,MARTHA ELENA SALMERON REQUEJO,28.657056907498,-106.091076729862,"C LATERAL UNIVERSIDAD 1303, SANTO NIÑO, 31200 Chihuahua,CHIH",,65,65+,,,SECRETARIA DE DESARROLLO HUMANO Y BIEN COMUN,FORTALECIMIENTO COMUNITARIO Y PARTICIPACION CIUDADANA,,8,15,19,834,CHIHUAHUA
6566149038,2026-10-03 14:56:01.650856,MORENA,-,6924569,MARIANO ESCOBEDO,32230,Mujer,CONSUELO DURAN SIGALA,31.712147663051,-106.497482349,"C IGNACIO ALATORRE 4005, MARIANO ESCOBEDO, 32230 Chihuahua,CHIH",,86,65+,,,SECRETARIA DE SALUD,MEDICHIHUAHUA,GOB FED - ADULTOS MAYORES,3,3,37,2041,JUAREZ
6566181364,2026-10-03 14:56:12.527460,MORENA,-,5015448,LOS FRAILES,32530,Hombre,ABDON CLEMENTE SANCHEZ SANTOS,31.709128381549,-106.413175038254,"C COLEGIO MEXICO 1975, LOS FRAILES, 32530 Chihuahua,CHIH",,54,41–59,,,SECRETARIA DE SALUD,MEDICHIHUAHUA,,4,5,37,1682,JUAREZ
6562680132,2026-10-03 14:56:40.054473,MORENA,-,5698146,JARDINES DEL AEROPUERTO,32695,Hombre,MARCOS RAFAEL ANCHONDO VARGAS,31.6243874599143,-106.43390938,"C HELICOPTERO 7038, JARDINES DEL AEROPUERTO, 32695 Chihuahua,CHIH",,66,65+,,,SECRETARIA DE DESARROLLO HUMANO Y BIEN COMUN,JUNTOS SI PODEMOS,,1,7,37,2813,JUAREZ
6563154283,2026-10-03 14:56:34.465277,MORENA,-,5070783,VALLE DE SANTIAGO,32574,Hombre,VICTOR FRANCISCO LAGUNAS CASTAÑEDA,31.626938624134,-106.379027164718,"C SAN JAIME 811, VALLE DE SANTIAGO, 32574 Chihuahua,CHIH",,67,65+,,,,,,1,9,37,2722,JUAREZ
5556445393,2026-10-03 14:56:50.475883,MORENA,-,5533088,LA MINITA,31066,Hombre,FRANCISCO LOPEZ PACHECO,28.628515940452,-106.040272547882,"C MINA SAN ANGEL 2737, LA MINITA, 31066 Chihuahua,CHIH",,66,65+,,,,,,8,17,19,574,CHIHUAHUA
6566130700,2026-10-03 14:56:49.471793,MORENA,-,5538391,RINCONES DE SANTA TERESA,32605,Mujer,CARMEN NOHEMI CORTES SOTO,31.695572916277,-106.429517234876,"C COCOYOC 6602, RINCONES DE SANTA TERESA, 32605 Chihuahua,CHIH",,52,41–59,,SECRETARIA DE HACIENDA,DESARROLLO INTEGRAL DE LA FAMILIA CHIHUAHUA,REHABILITACION INTEGRAL FISICA Y APOYOS FUNCIONALES,,4,4,37,1732,JUAREZ
6144460729,2026-10-03 14:57:27.535876,MORENA,-,6121341,RIGOBERTO QUIROZ,31090,Mujer,ALEJANDRINA MOLINA PAYAN,28.601433173102,-106.013456157415,"PRIV DE ANGEL POSADA 1525, RIGOBERTO QUIROZ, 31090 Chihuahua,CHIH",,71,65+,,,,,GOB FED - ADULTOS MAYORES,8,16,19,880,CHIHUAHUA
6564866374,2026-10-03 14:57:49.574128,MORENA,-,7031864,VISTAS SAN GUILLERMO,31650,Mujer,BLANCA OLIVIA RAMOS GONZALEZ,28.625413630449,-105.951828214317,"C OPALO 10763, VISTAS SAN GUILLERMO, 31650 Chihuahua,CHIH",,64,60–64,,,,,,5,11,4,3341,AQUILES SERDAN
6144231017,2026-10-03 14:57:51.550608,MORENA,-,5667104,RDCIAL SAN FRANCISCO,31115,Hombre,RAUL GERARDO HAAZ HERRERA,28.66151979903,-106.136916858247,"C PASEO DE LAS PALMAS 5761, RDCIAL SAN FRANCISCO, 31115 Chihuahua,CHIH",,82,65+,,,,,GOB FED - ADULTOS MAYORES,6,18,19,653,CHIHUAHUA
6144461344,2026-10-03 14:58:02.083089,MORENA,-,6614701,RIGOBERTO QUIROZ,31094,Mujer,MA DE JESUS MARTINEZ CERDA,28.599349535521,-106.010019822316,"C 6 DE ENERO 1923, RIGOBERTO QUIROZ, 31094 Chihuahua,CHIH",,63,60–64,,,,,,8,16,19,3298,CHIHUAHUA
9982182222,2026-10-03 14:58:01.798136,MORENA,-,7588002,BOSQUES DE SALVARCAR,32574,Mujer,CECILIA MORALES PARGA,31.626966326324,-106.382799440242,"C ESTORNINO 1008, BOSQUES DE SALVARCAR, 32574 Chihuahua,CHIH",,60,60–64,,,,,,1,9,37,2718,JUAREZ
4491878084,2026-10-03 14:58:01.729522,MORENA,-,6124844,RINCON DE LAS LOMAS,31216,Mujer,MARTHA SONIA ACEVEDO TORRES,28.630612128708,-106.129486675435,"C RINCON DE LOS LIMONEROS 6320, RINCON DE LAS LOMAS, 31216 Chihuahua,CHIH",,56,41–59,,,,,,6,18,19,805,CHIHUAHUA
6391369435,2026-10-03 14:58:27.230042,MORENA,-,5556133,PALMA REAL VI,31170,Mujer,LUCERO BARAY CARRILLO,28.745958103433,-106.169070216728,"C DINASTIA 3224, PALMA REAL VI, 31170 Chihuahua,CHIH",,44,41–59,,SERVICIOS EDUCATIVOS DEL ESTADO DE CHIHUAUA,,,,6,12,19,3177,CHIHUAHUA
6145157161,2026-10-03 14:58:41.156805,MORENA,-,5526994,INFONAVIT LOS MEZQUITES,31110,Mujer,EMMA HINOJOS HERNANDEZ,28.668503285879,-106.127062520229,"C CARLOS FUENTES 2428, INFONAVIT LOS MEZQUITES, 31110 Chihuahua,CHIH",,44,41–59,,COLEGIO DE BACHILLERES DEL ESTADO DE CHIHUAHUA,,,,6,15,19,726,CHIHUAHUA
6565030561,2026-10-03 14:58:39.772010,MORENA,-,6183629,MISIONES DE CREEL,32575,Hombre,JESUS ARMANDO SALINAS CARDONA,31.5366891087772,-106.37275322,"C BARRANCA SINFOROSA 1796, MISIONES DE CREEL, 32575 Chihuahua,CHIH",,41,41–59,,,,,,2,10,37,1945,JUAREZ
6142054272,2026-10-03 14:58:43.449305,MORENA,-,4896380,VILLA NUEVA,31134,Hombre,DANIEL JAVIER PEREZ MENDOZA,28.728105501474,-106.135355622939,"C RUBEN JARAMILLO 100, VILLA NUEVA, 31134 Chihuahua,CHIH",,67,65+,,,,,,8,15,19,649,CHIHUAHUA
6141788022,2026-10-03 14:58:53.381838,MORENA,-,5481178,GRANJAS,31100,Mujer,MARTHA ALICIA ALDANA AGUIRRE,28.67002023322,-106.103550971534,"C VELAZQUEZ DE LEON 5516, GRANJAS, 31100 Chihuahua,CHIH",,72,65+,,,,,GOB FED - ADULTOS MAYORES,6,15,19,743,CHIHUAHUA
6563747872,2026-10-03 14:59:02.288476,MORENA,-,5252369,CONSTITUCION,32260,Hombre,ALFONSO MORELOS ARGOTE,31.7009812170337,-106.458487484,"C MANUEL GOYTIA 6997, CONSTITUCION, 32260 Chihuahua,CHIH",,74,65+,,INSTITUTO CHIHUAHUENSE DE SALUD,,,GOB FED - ADULTOS MAYORES,4,4,37,2078,JUAREZ
6562805410,2026-10-03 14:59:03.119619,MORENA,-,6031167,PRADERAS DEL SUR,32575,Hombre,SALOMON FERRER GUTIERREZ,31.622534750464,-106.371304148825,"C ODESA 226, PRADERAS DEL SUR, 32575 Chihuahua,CHIH",,53,41–59,,,,,,1,9,37,2728,JUAREZ
6141414491,2026-10-03 14:58:58.056198,MORENA,-,6814919,CORDILLERAS,31124,Hombre,ALEJANDRO HERNANDEZ RUBIO,28.701747022112,-106.146140179988,"C VILLAS DEL SIRIO 5820, CORDILLERAS, 31124 Chihuahua,CHIH",,35,31–40,,FISCALIA GENERAL DEL ESTADO DE CHIHUAHUA,,,,6,12,19,3206,CHIHUAHUA
9878760962,2026-10-03 14:59:08.367576,MORENA,-,6849524,BASIGOCHI,33180,Hombre,ARTURO VILLALOBOS CHAVEZ,27.148036389,-107.1623225,"LOC BASIGOCHI S/N, BASIGOCHI, 33180 Chihuahua,CHIH",,47,41–59,,,DESARROLLO INTEGRAL DE LA FAMILIA CHIHUAHUA,JUNTOS POR LA SIERRA TARAHUMARA,GOB FED - SEMBRANDO VIDA,9,22,27,1093,GUACHOCHI
6141604188,2026-10-03 14:59:19.178824,MORENA,-,5584024,INFONAVIT NACIONAL,31120,Mujer,LUZ MARIA BACA MONGE,28.681392077028,-106.116954962044,"C BONAMPAK 426, INFONAVIT NACIONAL, 31120 Chihuahua,CHIH",,60,60–64,,,,,,6,15,19,697,CHIHUAHUA
6144100009,2026-10-03 15:00:11.312155,MORENA,-,6128560,SANTA ROSA,31050,Mujer,ENA MARIA MURILLO SALDIVAR,28.62802006706,-106.06838570259,"C TERRAZAS 603, SANTA ROSA, 31050 Chihuahua,CHIH",,85,65+,,,,,GOB FED - ADULTOS MAYORES,8,16,19,502,CHIHUAHUA
5553838449,2026-10-03 15:00:19.688435,MORENA,-,5939852,VERGEL,31140,Mujer,SUSANA ROMERO VAZQUEZ,28.714250558958,-106.099131165155,"C KIWIS 12919, VERGEL, 31140 Chihuahua,CHIH",,54,41–59,,,,,,6,17,19,3288,CHIHUAHUA
6144939436,2026-10-03 15:00:36.847214,MORENA,-,5160526,QUINTA SEBASTIAN,31125,Hombre,DAVID SILVA FEHER,28.71004931103,-106.155379463991,"C JUAN JOSE ARREOLA 2019, QUINTA SEBASTIAN, 31125 Chihuahua,CHIH",,47,41–59,,,,,,6,12,19,3196,CHIHUAHUA
6145387344,2026-10-03 15:00:37.067647,MORENA,-,5824462,ALFREDO CHAVEZ,31414,Hombre,GUSTAVO ABUNDIO ROSALES SOTO,28.604202763459,-106.102856782313,"C RIO USUMACINTA 8221, ALFREDO CHAVEZ, 31414 Chihuahua,CHIH",,60,60–64,MORENA,,SECRETARIA DE DESARROLLO HUMANO Y BIEN COMUN,FORTALECIMIENTO COMUNITARIO Y PARTICIPACION CIUDADANA,,6,18,19,414,CHIHUAHUA
6142780435,2026-10-03 15:00:45.783147,MORENA,-,5519642,2 DE OCTUBRE,31375,Hombre,CARLOS ENRIQUE RODRIGUEZ RUIZ,28.640669061273,-106.040406230378,"PRIV 15 DE ENERO 63, 2 DE OCTUBRE, 31375 Chihuahua,CHIH",,59,41–59,,,,,,8,17,19,565,CHIHUAHUA
6562653447,2026-10-03 15:01:11.096705,MORENA,-,5963707,FOVISSSTE CHAMIZAL,32310,Hombre,CARLOS CARRILLO LOPEZ,31.7491360681085,-106.443685655,"C RIO PECOS 4719, FOVISSSTE CHAMIZAL, 32310 Chihuahua,CHIH",,46,41–59,,,,,GOB FED - ADULTOS MAYORES,4,4,37,1950,JUAREZ
6566200102,2026-10-03 15:01:11.945314,MORENA,-,5041280,SAN ISIDRO,32720,Mujer,MARTHA SANCHEZ TORRES,31.705967954432,-106.40248246412,"CARR JUAREZ PORVENIR KM 25 S/N, SAN ISIDRO, 32720 Chihuahua,CHIH",,57,41–59,MORENA,,,,,2,10,37,1942,JUAREZ
6141897112,2026-10-03 15:01:12.899644,MORENA,-,5570474,RINCONADAS DE LA SIERRA VII,31124,Hombre,MARIO ALBERTO ESCARCEGA DE LA CRUZ,28.682617071592,-106.149644751801,"C SIERRA DE BAHORUCO 4602, RINCONADAS DE LA SIERRA VII, 31124 Chihuahua,CHIH",,49,41–59,,,,,,6,18,19,641,CHIHUAHUA
6142520383,2026-10-03 15:01:22.718480,MORENA,-,5976845,PARQUES DE SAN FELIPE,31203,Hombre,LUIS FERNANDO DOMINGUEZ BLANCO,28.650486459327,-106.102298966657,"C RINCON DEL PARQUE 4129, PARQUES DE SAN FELIPE, 31203 Chihuahua,CHIH",,44,41–59,,,,,,6,15,19,800,CHIHUAHUA
6563089393,2026-10-03 15:01:19.526861,MORENA,-,7200256,RESIDENCIAL ALAMEDAS,32420,Mujer,ALEJANDRA HERNANDEZ NEVAREZ,31.731631411626,-106.389439944544,"C TROMPILLOS 9514, RESIDENCIAL ALAMEDAS, 32420 Chihuahua,CHIH",,31,31–40,,,SECRETARIA DE SALUD,MEDICHIHUAHUA,,4,5,37,1600,JUAREZ
6563074844,2026-10-03 15:01:50.544248,MORENA,-,5873236,RDCIAL GARDENO,32668,Hombre,JAIME OMAR TREJO SOTO,31.660985962,-106.417559603,"C VIA CIPRESO 9813, RDCIAL GARDENO, 32668 Chihuahua,CHIH",,49,41–59,,,,,,4,5,37,1754,JUAREZ
6142419795,2026-10-03 15:01:46.712031,MORENA,-,5621510,CAMPESINA,31410,Hombre,MARIO ALBERTO CORONA PAYAN,28.605046296799,-106.100185114753,"C BUGAMBILIAS 905, CAMPESINA, 31410 Chihuahua,CHIH",,59,41–59,MORENA,CONGRESO DEL ESTADO,,,,8,18,19,415,CHIHUAHUA
6564802644,2026-10-03 15:01:53.514177,MORENA,-,5084395,SATELITE,32540,Mujer,ROSA MARIA RIOS VAZQUEZ,31.6814203120032,-106.376058282,"C TITAN 1848, SATELITE, 32540 Chihuahua,CHIH",,62,60–64,,,,,,4,5,37,1707,JUAREZ
6141002438,2026-10-03 15:01:56.318274,MORENA,-,5674555,NOMBRE DE DIOS,31150,Hombre,ROMAN RIVERA ZAVALA,28.71288714414,-106.093808784665,"PRIV HEROICO COLEGIO MILITAR 8713, NOMBRE DE DIOS, 31150 Chihuahua,CHIH",,59,41–59,,,,,,6,17,19,3294,CHIHUAHUA
6145420515,2026-10-03 15:02:03.132013,MORENA,-,6071308,JARDINES DEL ORIENTE,31385,Hombre,GILBERTO OLIVAS SALINAS,28.666767509965,-105.985706777305,"C PARQUE DEL PRINCIPE 10107, JARDINES DEL ORIENTE, 31385 Chihuahua,CHIH",,47,41–59,MORENA,,SECRETARIA DE SALUD,MEDICHIHUAHUA,,8,17,19,3247,CHIHUAHUA
6144370342,2026-10-03 15:02:11.612523,MORENA,-,5066264,LOS FRESNOS,31385,Hombre,ALEJANDRO CHAVEZ RODRIGUEZ,28.6578320991115,-105.97082832,"C PRADERAS DE BITTERROOT 9311, LOS FRESNOS, 31385 Chihuahua,CHIH",,46,41–59,,,SECRETARIA DE DESARROLLO HUMANO Y BIEN COMUN,DESARROLLO HUMANO,,8,17,19,3257,CHIHUAHUA
6565867150,2026-10-03 15:02:37.944048,MORENA,-,6283161,CARLOS CASTILLO PERAZA,32575,Mujer,VIRGINIA HINOJOS ROBLEDO,31.592532252703,-106.361727000383,"C FERNANDO VILLALOBOS 2834, CARLOS CASTILLO PERAZA, 32575 Chihuahua,CHIH",,40,31–40,MORENA,,,,,2,10,37,2781,JUAREZ
6144172102,2026-10-03 15:02:46.870236,MORENA,-,5386014,INFONAVIT SAUCITO,31110,Hombre,RAUL REYNALDO GOMEZ RAMIREZ,28.668610187559,-106.125652038551,"C ELENA PONIATOWSKA 2250, INFONAVIT SAUCITO, 31110 Chihuahua,CHIH",,42,41–59,,,,,,6,15,19,802,CHIHUAHUA
6565693603,2026-10-03 15:03:03.563865,MORENA,-,5374699,LUIS DONALDO COLOSIO,32330,Mujer,FELICITAS RUBIO GUTIERREZ,31.681560482431,-106.418414886827,"PRIV 10 DE FEBRERO 7109, LUIS DONALDO COLOSIO, 32330 Chihuahua,CHIH",,62,60–64,MORENA,,,,,4,5,37,1758,JUAREZ
6563737712,2026-10-03 15:03:05.300037,MORENA,-,5386319,VILLAS ANITA,32563,Hombre,JOSE MIGUEL ESPINOZA QUIÑONES,31.653332141899,-106.363287920801,"C DE LA MOLIENDA 621, VILLAS ANITA, 32563 Chihuahua,CHIH",,43,41–59,,,,,,4,5,37,3333,JUAREZ
4351012503,2026-10-03 15:03:05.178462,MORENA,-,5889085,INFONAVIT VALLARTA,31120,Mujer,MARIANA RAMONA HERNANDEZ CHAVEZ,28.67919811,-106.10837063,"C PASEO VALLARTA 516, INFONAVIT VALLARTA, 31120 Chihuahua,CHIH",,43,41–59,,,,,,6,15,19,710,CHIHUAHUA
6563532276,2026-10-03 15:03:31.359115,MORENA,-,5436487,CHAVEÑA,32060,Mujer,RITA DAVILA NAVA,31.728806304198,-106.486248892564,"C FELIPE CARRILLO PUERTO 1463, CHAVEÑA, 32060 Chihuahua,CHIH",,56,41–59,MORENA,,SECRETARIA DE DESARROLLO HUMANO Y BIEN COMUN,JUNTOS SI PODEMOS,,3,3,37,1962,JUAREZ
6144820965,2026-10-03 15:03:38.270598,MORENA,-,5770707,REVOLUCION,31135,Mujer,LUZ ESTHER CANO CARDENAS,28.7026376431858,-106.109325724,"C DANIELA ORTIZ 140, REVOLUCION, 31135 Chihuahua,CHIH",,61,60–64,MORENA,,,,,6,12,19,629,CHIHUAHUA
6141331041,2026-10-03 15:03:44.261781,MORENA,-,7544199,LOMAS UNIVERSIDAD,31123,Mujer,VERONICA HAYMEE PIZARRO ACOSTA,28.681660488847,-106.143752923011,"C UNIVERSIDAD DE MILAN 4233, LOMAS UNIVERSIDAD, 31123 Chihuahua,CHIH",,53,41–59,,SERVICIOS EDUCATIVOS DEL ESTADO DE CHIHUAUA,,,,6,18,19,641,CHIHUAHUA
6144252410,2026-10-03 15:03:53.049756,MORENA,-,5545368,JARDINES DEL SAUCITO,31123,Hombre,LUIS MANUEL REYES QUINTANA,28.6739907491383,-106.136774643,"C SIERRA LEONA 3400, JARDINES DEL SAUCITO, 31123 Chihuahua,CHIH",,69,65+,,,,,,6,18,19,653,CHIHUAHUA
6671369763,2026-10-03 15:03:57.079228,MORENA,-,5662597,PUERTO PALOMAS,31830,Hombre,ROBERTO VALENZUELA CHAVEZ,31.769514503781,-107.631672503255,"- AVE ASCENSION Y MENDIAS S/N, PUERTO PALOMAS, 31830 Chihuahua,CHIH",,64,60–64,,,,,,3,1,5,76,ASCENSION
6146114482,2026-10-03 15:04:04.540746,MORENA,-,6517284,DIVISION DEL NORTE,31440,Mujer,MAGDALENA ARAUJO CHAVEZ,28.60860264999,-106.024978123413,"C AVELINA GALLEGOS 313, DIVISION DEL NORTE, 31440 Chihuahua,CHIH",,46,41–59,,,SECRETARIA DE DESARROLLO HUMANO Y BIEN COMUN,FORTALECIMIENTO COMUNITARIO Y PARTICIPACION CIUDADANA,,8,16,19,873,CHIHUAHUA
6144117781,2026-10-03 15:04:02.620600,MORENA,-,5375370,VILLA JUAREZ,31064,Mujer,LUZ ISELA OROZCO MENDOZA,28.606919086821,-106.020159668299,"C 7A 1503, VILLA JUAREZ, 31064 Chihuahua,CHIH",,49,41–59,,,SECRETARIA DE SALUD,SECRETARIA DE SALUD,,8,16,19,872,CHIHUAHUA
6142355177,2026-10-03 15:04:24.713062,MORENA,-,5719190,FUENTES DEL SOL,31215,Hombre,HECTOR MANUEL DE LA O MACIAS,28.612737971643,-106.111624085396,"C LOMAS DE MOCTEZUMA 2113, FUENTES DEL SOL, 31215 Chihuahua,CHIH",,49,41–59,,,,,,6,18,19,846,CHIHUAHUA
6141428603,2026-10-03 15:04:39.056995,MORENA,-,5617132,RINCONES DE SIERRA AZUL,31390,Mujer,MARIA DEL CARMEN HERNANDEZ DIAZ,28.650274271448,-105.982693315476,"C SIERRA DE LA CANDELARIA 8706, RINCONES DE SIERRA AZUL, 31390 Chihuahua,CHIH",,58,41–59,MORENA,,,,,8,17,19,3256,CHIHUAHUA
6141786248,2026-10-03 14:45:38.432106,MORENA,-,7136993,ROMA,31160,Hombre,JUAN MANUEL VALERO IBUADO,28.679164407625,-106.103930629838,"C JUAN XXIII 6917, ROMA, 31160 Chihuahua,CHIH",,47,41–59,,UNIVERSIDAD TECNOLOGICA DE CHIHUAUHUA,,,,8,15,19,910,CHIHUAHUA
6141549147,2026-10-03 14:53:25.562049,MORENA,-,6319275,PACIFICO,31030,Hombre,FRANCISCO JAVIER VENEGAS TARANGO,28.622482981823,-106.076096215321,"C 32 2407, PACIFICO, 31030 Chihuahua,CHIH",,71,65+,,,,,GOB FED - ADULTOS MAYORES,8,16,19,463,CHIHUAHUA
8444340732,2026-10-03 14:53:44.502787,MORENA,-,6834485,CENTRO,31830,Hombre,PEDRO LEOCADIO SANCHEZ SIFUENTES,31.095732836264,-108.015933172708,"C ALVARO OBREGON 215, CENTRO, 31830 Chihuahua,CHIH",,75,65+,,,SECRETARIA DE DESARROLLO HUMANO Y BIEN COMUN,PROYECTOS PRODUCTIVOS Y ECONOMIA SOLIDARIA,,3,1,5,76,ASCENSION
6141272153,2026-10-03 14:56:22.605687,MORENA,-,5282312,VILLA NUEVA,31134,Mujer,JUANA MAJALCA HERNANDEZ,28.734823191,-106.11259179,"C TARAHUMARA 27, VILLA NUEVA, 31134 Chihuahua,CHIH",,71,65+,,,SECRETARIA DE DESARROLLO HUMANO Y BIEN COMUN,FORTALECIMIENTO COMUNITARIO Y PARTICIPACION CIUDADANA,GOB FED - ADULTOS MAYORES,8,15,19,667,CHIHUAHUA
6563219489,2026-10-03 14:48:30.997875,MORENA,-,7169084,PUERTO DE ANAPRA,32107,Mujer,ANGELICA GUADALUPE MOLINA SANCHEZ,31.781208977001,-106.566732761714,"C CARPA 11126, PUERTO DE ANAPRA, 32107 Chihuahua,CHIH",,32,31–40,,,,,,3,2,37,1424,JUAREZ
6564580672,2026-10-03 15:01:32.153152,MORENA,-,5657724,MORELOS,32370,Mujer,NANCY JUDITH CORTEZ LAZO,31.679495084882,-106.479524507411,"C CORAL 7416, MORELOS, 32370 Chihuahua,CHIH",,47,41–59,,JUAREZ - CENTRALIZADA,,,,3,6,37,2137,JUAREZ
6141996263,2026-10-03 15:04:11.017872,MORENA,-,6107935,AMPLIACION VILLA JUAREZ,31090,Hombre,ALEJANDRO RAMIREZ MARQUEZ,28.68794628,-106.131129991,"C FELIPE ANGELES 2401, AMPLIACION VILLA JUAREZ, 31090 Chihuahua,CHIH",,68,65+,MORENA,,SECRETARIA DE DESARROLLO HUMANO Y BIEN COMUN,APOYO A PERSONAS MAYORES,,8,16,19,859,CHIHUAHUA
6566190605,2026-10-03 14:48:57.689513,MORENA,Alfredo Lozoya,6406448,SAN LAZARO,31070,Mujer,ISABEL ENRIQUEZ ROSALES,28.608636790239,-106.044087319655,"C OLMECA 1600, SAN LAZARO, 31070 Chihuahua,CHIH",,62,60–64,,,SECRETARIA DE DESARROLLO HUMANO Y BIEN COMUN,FORTALECIMIENTO COMUNITARIO Y PARTICIPACION CIUDADANA,,8,16,19,592,CHIHUAHUA
6143458655,2026-10-03 14:51:08.563705,MORENA,Alfredo Lozoya,5212446,ROMA,31350,Hombre,DAVID ROGELIO MONJARDIN GOPAR,28.646539504941,-106.058784567778,"C 45 1611, ROMA, 31350 Chihuahua,CHIH",,42,41–59,,TRIBUNAL SUPERIOR DE JUSTICIA,,,,8,15,19,444,CHIHUAHUA
6142294742,2026-10-03 14:53:01.137202,MORENA,Alfredo Lozoya,7148026,PASEO CORDILLERAS,31124,Mujer,AKARI MIDORI NAKAMURA VALENZUELA,28.703272584222,-106.153051138927,"C CORDILLERA TALAMANCA 6430, PASEO CORDILLERAS, 31124 Chihuahua,CHIH",,32,31–40,,,,,,6,12,19,3205,CHIHUAHUA
6565865950,2026-10-03 14:54:23.290862,MORENA,Alfredo Lozoya,5605534,PRADERAS DEL SOL,32595,Mujer,CECILIA ALEJANDRA PACHECO REYES,31.582165711063,-106.405977240377,"C SOL DE MAYO 9629, PRADERAS DEL SOL, 32595 Chihuahua,CHIH",,46,41–59,,,SECRETARIA DE DESARROLLO HUMANO Y BIEN COMUN,JUNTOS SI PODEMOS,,2,2,37,2989,JUAREZ
6143445375,2026-10-03 14:57:19.062934,MORENA,Alfredo Lozoya,6401789,CAMPANARIO,31213,Hombre,JOSE ELIAS RAMIREZ NEVAREZ,28.6371703340772,-106.113546616,"C MISION DE SAN ANTONIO 2236, CAMPANARIO, 31213 Chihuahua,CHIH",,39,31–40,,,,,,6,18,19,805,CHIHUAHUA
6144792532,2026-10-03 15:00:49.382302,MORENA,Alfredo Lozoya,6473042,VISTAS DEL NORTE II ETAPA,31184,Mujer,CINDY EMILIA HERRERA GUERRA,28.787616867606,-106.160330021428,"C RIO CELESTE 830, VISTAS DEL NORTE II ETAPA, 31184 Chihuahua,CHIH",,38,31–40,MORENA,,,,GOB FED - BECAS BASICO,6,12,19,3281,CHIHUAHUA
6567601524,2026-10-03 15:01:24.204198,MORENA,Alfredo Lozoya,6650038,PUERTO ANAPRA,32185,Mujer,NIDIAN DE LOS SANTOS SEPULVEDA,31.660985962,-106.417559603,"C DELFIN 10347, PUERTO ANAPRA, 32185 Chihuahua,CHIH",,36,31–40,,,SECRETARIA DE DESARROLLO HUMANO Y BIEN COMUN,JUNTOS SI PODEMOS,GOB FED - BECAS BASICO,3,2,37,1563,JUAREZ
6565042131,2026-10-03 15:03:32.953092,MORENA,Alfredo Lozoya,6520626,GRANJERO,32690,Mujer,MARTHA ANGELICA MARTINEZ GONZALEZ,31.653556614953,-106.411460268503,"C CIRUELO 6812, GRANJERO, 32690 Chihuahua,CHIH",,56,41–59,,,SECRETARIA DE DESARROLLO HUMANO Y BIEN COMUN,JUNTOS SI PODEMOS,,1,7,37,1854,JUAREZ
6142550680,2026-10-03 15:03:45.786325,MORENA,Alfredo Lozoya,4871106,GRANJAS,31149,Hombre,FERNANDO CAMPOS ANALCO,28.674081349128,-106.114313586668,"C PLAN DE AYUTLA 431, GRANJAS, 31149 Chihuahua,CHIH",,60,60–64,,,SECRETARIA DE SALUD,MEDICHIHUAHUA,,6,15,19,722,CHIHUAHUA
6563201869,2026-10-03 14:43:46.747703,MORENA,Cruz Pérez Cuellar,6303005,HACIENDA DE LAS TORRES,32695,Hombre,JORGE LUIS ADRIANO LOPEZ,31.614535586729,-106.405259085077,"C HACIENDA DE LA ESPUELA 9229, HACIENDA DE LAS TORRES, 32695 Chihuahua,CHIH",,40,31–40,,,,,,1,7,37,2771,JUAREZ
6563110465,2026-10-03 14:43:45.439815,MORENA,Cruz Pérez Cuellar,5609658,LAS CUMBRES,33180,Mujer,ELIZABETH SALAS TORRES,26.80844826684,-107.067907457857,"BLVD SIERRA TARAHUMARA S/N, LAS CUMBRES, 33180 Chihuahua,CHIH",,61,60–64,,SERVICIOS EDUCATIVOS DEL ESTADO DE CHIHUAUA,SECRETARIA DE DESARROLLO HUMANO Y BIEN COMUN,PROYECTOS PRODUCTIVOS Y ECONOMIA SOLIDARIA,,9,22,27,1087,GUACHOCHI
6141206626,2026-10-03 14:44:13.292159,MORENA,Cruz Pérez Cuellar,5003278,ANGEL TRIAS,31203,Mujer,VERONICA ISELA BUSTILLOS MALDONADO,28.658565063336,-106.095191364221,"C PERIODISMO 1101, ANGEL TRIAS, 31203 Chihuahua,CHIH",,43,41–59,,,,,,6,15,19,781,CHIHUAHUA
6141422825,2026-10-03 14:44:30.717587,MORENA,Cruz Pérez Cuellar,5309973,ARBOLEDAS SEGUNDA ETAPA,31110,Hombre,MARCELINO GONZALEZ VILLALBA,28.662473661322,-106.117281694445,"C CARDENAL 4938, ARBOLEDAS SEGUNDA ETAPA, 31110 Chihuahua,CHIH",,63,60–64,,,,,,6,15,19,753,CHIHUAHUA
6141896983,2026-10-03 14:44:51.314853,MORENA,Cruz Pérez Cuellar,5366708,FUENTES DEL SANTUARIO,31205,Hombre,SALVADOR EDUARDO RODRIGUEZ GOMEZ,28.6330444650703,-106.092805031,"C ATENAS 2414, FUENTES DEL SANTUARIO, 31205 Chihuahua,CHIH",,62,60–64,,SECRETARIA DE COMUNICACIONES Y OBRAS PUBLICAS,,,,6,18,19,837,CHIHUAHUA
6142192601,2026-10-03 14:44:38.778084,MORENA,Cruz Pérez Cuellar,5728703,CUAUHTEMOC,31020,Mujer,GRICEL GUADALUPE DOMINGUEZ MENDOZA,28.628252832512,-106.08167562917,"C MORELOS NUEVA 2220, CUAUHTEMOC, 31020 Chihuahua,CHIH",,56,41–59,,,,,,8,16,19,460,CHIHUAHUA
6141989078,2026-10-03 14:45:00.049315,MORENA,Cruz Pérez Cuellar,6693656,BARRANCAS,31115,Hombre,CESAR ENRIQUE NAVARRETE TERAN,28.663405,-106.1331004,"C BARRANCA DE HUERACHI 3227, BARRANCAS, 31115 Chihuahua,CHIH",,54,41–59,,,SECRETARIA DE SALUD,MEDICHIHUAHUA,,6,18,19,653,CHIHUAHUA
6142555698,2026-10-03 14:45:03.282844,MORENA,Cruz Pérez Cuellar,5884601,SANTO NIÑO,31200,Hombre,LUIS ANTONIO CHACON PARRA,28.647585162304,-106.074689899055,"C J ELIGIO MUÑOZ 2708, SANTO NIÑO, 31200 Chihuahua,CHIH",,65,65+,,,,,,8,15,19,833,CHIHUAHUA
6141639630,2026-10-03 14:44:56.588895,MORENA,Cruz Pérez Cuellar,6169778,PLAN DE AYALA,31064,Hombre,EDUARDO EULALIO TALAMANTES MELENDEZ,28.597423220168,-105.999972422359,"C VIVA VILLA 2503, PLAN DE AYALA, 31064 Chihuahua,CHIH",,54,41–59,,,,,,8,16,19,3368,CHIHUAHUA
6144947559,2026-10-03 14:44:56.925404,MORENA,Cruz Pérez Cuellar,5684124,HACIENDAS DEL VALLE,31213,Hombre,YAVID ERNESTO CORRAL PEREZ,28.636064514814,-106.115978400277,"C HACIENDA DE LAS MATRINAS 6317, HACIENDAS DEL VALLE, 31213 Chihuahua,CHIH",,42,41–59,,,,,,6,18,19,805,CHIHUAHUA
6621416367,2026-10-03 14:45:01.823467,MORENA,Cruz Pérez Cuellar,5941677,CENTRO,31000,Hombre,JOSE ESPINOZA CHAVIRA,28.6555786,-106.08790499,"C 25A 823, CENTRO, 31000 Chihuahua,CHIH",,71,65+,,,,,GOB FED - ADULTOS MAYORES,8,15,19,452,CHIHUAHUA
6141920145,2026-10-03 14:45:13.652354,MORENA,Cruz Pérez Cuellar,6226522,CERRO DE LA CRUZ,31460,Hombre,RAMON FELIPE CHAVIRA MORQUECHO,28.601031825635,-106.081682719152,"PRIV DE OCHOA 7217, CERRO DE LA CRUZ, 31460 Chihuahua,CHIH",,60,60–64,,,,,,8,16,19,535,CHIHUAHUA
6142173176,2026-10-03 14:45:13.682585,MORENA,Cruz Pérez Cuellar,5738429,PACIFICO,31030,Hombre,RAUL PACHECO ESTRADA,28.6176539150448,-106.077334264,"AV 20 DE NOVIEMBRE 4204, PACIFICO, 31030 Chihuahua,CHIH",,72,65+,MORENA,,SECRETARIA DE DESARROLLO HUMANO Y BIEN COMUN,FORTALECIMIENTO COMUNITARIO Y PARTICIPACION CIUDADANA,GOB FED - ADULTOS MAYORES,8,16,19,500,CHIHUAHUA
6142151729,2026-10-03 14:45:19.525007,MORENA,Cruz Pérez Cuellar,6921135,COLINAS DEL SOL,31110,Hombre,CESAR ALEJANDRO CONTRERAS RODRIGUEZ,28.65985457723,-106.115717723088,"C GAVIOTA 4124, COLINAS DEL SOL, 31110 Chihuahua,CHIH",,62,60–64,,,,,,6,15,19,760,CHIHUAHUA
6144217111,2026-10-03 14:45:34.376469,MORENA,Cruz Pérez Cuellar,6033928,RDCIAL CANTERA V,31216,Mujer,JULIETA RODRIGUEZ RAMIREZ,28.642221777068,-106.136551446345,"C CANTERA ROMANA 7564, RDCIAL CANTERA V, 31216 Chihuahua,CHIH",,60,60–64,,,,,,6,18,19,805,CHIHUAHUA
6142869807,2026-10-03 14:45:39.853873,MORENA,Cruz Pérez Cuellar,5734445,REVOLUCION,31135,Hombre,EDUARDO CHAVEZ LOYA,28.7004603631822,-106.117216858,"C LUCHA OBRERA 234, REVOLUCION, 31135 Chihuahua,CHIH",,65,65+,,,,,,6,12,19,620,CHIHUAHUA
6144354650,2026-10-03 14:45:39.483295,MORENA,Cruz Pérez Cuellar,6684279,VILLA JUAREZ,31064,Mujer,GUADALUPE BAYLON OROZCO,28.609948192071,-106.019438247916,"C SOTO GAMA 510, VILLA JUAREZ, 31064 Chihuahua,CHIH",,62,60–64,MORENA,,,,,8,16,19,872,CHIHUAHUA
6142253086,2026-10-03 14:45:40.332039,MORENA,Cruz Pérez Cuellar,5341774,CHULAVISTA,31063,Mujer,BRENDA AZUCENA TOBIAS ESPINOZA,28.62005449499,-106.038988158614,"C LOGICA 7402, CHULAVISTA, 31063 Chihuahua,CHIH",,43,41–59,,,,,,8,17,19,605,CHIHUAHUA
6566030591,2026-10-03 14:45:55.240157,MORENA,Cruz Pérez Cuellar,5666250,VILLAS DEL PARQUE,32417,Hombre,ALEJANDRO GUILLERMO FLORES OLIVARES,31.727442462802,-106.434675625728,"AV DE LA RAZA 5737, VILLAS DEL PARQUE, 32417 Chihuahua,CHIH",,54,41–59,,,,,,4,4,37,1636,JUAREZ
6566103402,2026-10-03 14:45:58.841185,MORENA,Cruz Pérez Cuellar,6057816,LINDA VISTA,32270,Hombre,RUBEN VILLALBA MORALES,31.704983572338,-106.47783907432,"C ROMA 4854, LINDA VISTA, 32270 Chihuahua,CHIH",,78,65+,,,,,GOB FED - ADULTOS MAYORES,4,4,37,2070,JUAREZ
6563531269,2026-10-03 14:46:21.010107,MORENA,Cruz Pérez Cuellar,5867829,ARROYO COLORADO,32160,Mujer,BRENDA RAMIREZ SANCHEZ,31.744534797848,-106.501388115111,"C BERKELIO 322, ARROYO COLORADO, 32160 Chihuahua,CHIH",,45,41–59,,,,,,3,3,37,1487,JUAREZ
6565708765,2026-10-03 14:46:32.375571,MORENA,Cruz Pérez Cuellar,5816172,CHIHUAHUA,32380,Mujer,LILIANA CORDERO HERNANDEZ,31.736845910427,-106.519419181402,"PRIV OLIVO 1219, CHIHUAHUA, 32380 Chihuahua,CHIH",,53,41–59,,,,,,3,3,37,1549,JUAREZ
6563362146,2026-10-03 14:46:32.531635,MORENA,Cruz Pérez Cuellar,5263877,LA ROSITA,32563,Mujer,BRENDA LUZ VASQUEZ LEYVA,31.658161355967,-106.371171517,"C JARDIN DE MANZANILLA 513, LA ROSITA, 32563 Chihuahua,CHIH",,54,41–59,,SERVICIOS EDUCATIVOS DEL ESTADO DE CHIHUAUA,,,,4,5,37,3333,JUAREZ
6563352510,2026-10-03 14:46:36.872421,MORENA,Cruz Pérez Cuellar,5309180,JARDINES DEL AEROPUERTO,32695,Mujer,ANA ROSA JIMENEZ ZARAGOZA,31.6213685259096,-106.43538214,"C AEROSTATICA 9468, JARDINES DEL AEROPUERTO, 32695 Chihuahua,CHIH",,63,60–64,,,,,,1,7,37,2812,JUAREZ
6143855115,2026-10-03 14:46:34.097176,MORENA,Cruz Pérez Cuellar,6977160,DALE,31050,Hombre,DANIEL ARTURO GUILLEN LEON,28.611225130162,-106.066964802045,"C TAMBOREL 4208, DALE, 31050 Chihuahua,CHIH",,33,31–40,MORENA,,,,,8,16,19,544,CHIHUAHUA
6141018504,2026-10-03 14:46:49.270127,MORENA,Cruz Pérez Cuellar,5983882,INFONAVIT NACIONAL,31120,Mujer,MARIA DOLORES GARCIA RAMOS,28.6771450091435,-106.123762479,"C CHAMULAS 7913, INFONAVIT NACIONAL, 31120 Chihuahua,CHIH",,56,41–59,,,,,GOB FED - BECAS BASICO,6,15,19,700,CHIHUAHUA
4422439521,2026-10-03 14:46:49.861781,MORENA,Cruz Pérez Cuellar,5779356,SAN FELIPE,31203,Mujer,MARGARITA JIMENEZ ESPINOZA,28.648973441985,-106.095559748865,"C BARRIENTOS Y PARDIÑAS 25, SAN FELIPE, 31203 Chihuahua,CHIH",,75,65+,,,,,GOB FED - ADULTOS MAYORES,6,15,19,798,CHIHUAHUA
6141605736,2026-10-03 14:46:50.134588,MORENA,Cruz Pérez Cuellar,6033881,FIDEL VELAZQUEZ,31210,Mujer,GISEL VALENCIANO VERDUZCO,28.6512099191006,-106.117916822,"C QUITO 213, FIDEL VELAZQUEZ, 31210 Chihuahua,CHIH",,42,41–59,MORENA,,,,,6,15,19,777,CHIHUAHUA
5555819479,2026-10-03 14:46:53.123814,MORENA,Cruz Pérez Cuellar,5965531,DALE,31050,Mujer,MARTHA HERNANDEZ GUTIERREZ,28.6555786,-106.08790499,"C 34A 4806, DALE, 31050 Chihuahua,CHIH",,65,65+,MORENA,,SECRETARIA DE DESARROLLO HUMANO Y BIEN COMUN,FORTALECIMIENTO COMUNITARIO Y PARTICIPACION CIUDADANA,,8,16,19,544,CHIHUAHUA
6563013223,2026-10-03 14:47:00.106425,MORENA,Cruz Pérez Cuellar,6203894,CIUDAD MODERNA,32670,Mujer,BIANCA ROCIO GONZALEZ RAYGOZA,31.660900241208,-106.472148329799,"C GOLFO DE TEHUANTEPEC 3439, CIUDAD MODERNA, 32670 Chihuahua,CHIH",,41,41–59,,,,,,3,6,37,2188,JUAREZ
6142424946,2026-10-03 14:46:58.495837,MORENA,Cruz Pérez Cuellar,5066685,JARDINES UNIVERSIDAD,31124,Hombre,ALBERTO FABELA VEYNA,28.691081944244,-106.142907946437,"C LOMAS DE SAN DIEGO 4606, JARDINES UNIVERSIDAD, 31124 Chihuahua,CHIH",,50,41–59,,,,,,6,18,19,641,CHIHUAHUA
6564621690,2026-10-03 14:46:58.497742,MORENA,Cruz Pérez Cuellar,7487214,SENDEROS DE SAN ISIDRO,32575,Mujer,ANA LIZBETH AMAYA LIRA,31.5494209327972,-106.351242514,"C SENDEROS DEL MONTE 2084, SENDEROS DE SAN ISIDRO, 32575 Chihuahua,CHIH",,28,25–30,,,SECRETARIA DE DESARROLLO HUMANO Y BIEN COMUN,JUNTOS SI PODEMOS,,2,10,37,3172,JUAREZ
6563109193,2026-10-03 14:47:16.950180,MORENA,Cruz Pérez Cuellar,6245829,U HAB EMILIANO ZAPATA,32320,Hombre,ROBERTO ARTURO RAMIREZ ACOSTA,31.783215598512,-106.567201016652,"C VICENTE GUERRERO 6650, U HAB EMILIANO ZAPATA, 32320 Chihuahua,CHIH",,40,31–40,,,,,,4,4,37,1624,JUAREZ
6142631106,2026-10-03 14:47:19.902092,MORENA,Cruz Pérez Cuellar,5540579,LOMAS DEL SANTUARIO,31206,Mujer,CLAUDIA GUADALUPE BAEZA TERRAZAS,28.629634673069,-106.094955748923,"C PRESA BOQUILLA 2608, LOMAS DEL SANTUARIO, 31206 Chihuahua,CHIH",,56,41–59,,H. CONGRESO DEL ESTADO,,,,6,18,19,840,CHIHUAHUA
6562656826,2026-10-03 14:47:28.015739,MORENA,Cruz Pérez Cuellar,6228821,LA GAVIOTA,32403,Mujer,ELENA DE LA TORRE MEDRANO,31.733876653323,-106.393210235676,"C CALZADA DEL RIO 9675, LA GAVIOTA, 32403 Chihuahua,CHIH",,63,60–64,,UNIVERSIDAD AUTONOMA DE CD. JUAREZ,,,,4,5,37,1600,JUAREZ
6568073762,2026-10-03 14:47:32.493448,MORENA,Cruz Pérez Cuellar,6320178,EL MEZQUITAL,32675,Mujer,DIANA MARISOL ESPARZA TORRES,31.587189124705,-106.403438200431,"C ABETO 9826, EL MEZQUITAL, 32675 Chihuahua,CHIH",,41,41–59,,,SECRETARIA DE SALUD,MEDICHIHUAHUA,GOB FED - BECAS BASICO,2,2,37,2827,JUAREZ
6141036580,2026-10-03 14:47:35.479465,MORENA,Cruz Pérez Cuellar,5350346,VILLA JUAREZ,31090,Mujer,MARICRUZ SOSA FIERRO,28.599539198261,-106.01201782283,"C 21 107, VILLA JUAREZ, 31090 Chihuahua,CHIH",,53,41–59,,,SECRETARIA DE DESARROLLO HUMANO Y BIEN COMUN,FORTALECIMIENTO COMUNITARIO Y PARTICIPACION CIUDADANA,,8,16,19,3304,CHIHUAHUA
6563958592,2026-10-03 14:47:51.740403,MORENA,Cruz Pérez Cuellar,4955969,INFONAVIT TECNOLOGICO,32699,Mujer,MARIA TERESA MARTINEZ MENDEZ,31.65367519796,-106.420599048,"C ARABIA 7429, INFONAVIT TECNOLOGICO, 32699 Chihuahua,CHIH",,49,41–59,,JUAREZ - CENTRALIZADA,,,,1,7,37,1866,JUAREZ
6562786662,2026-10-03 14:48:08.413767,MORENA,Cruz Pérez Cuellar,5841396,OASIS REVIOLUCION,32674,Hombre,HECTOR MANUEL ROMO MERCADO,31.65579550511,-106.457535338801,"C JOSE TENA 1619, OASIS REVIOLUCION, 32674 Chihuahua,CHIH",,66,65+,,,,,,3,6,37,3108,JUAREZ
6562989198,2026-10-03 14:48:05.952524,MORENA,Cruz Pérez Cuellar,6124679,ALAMEDA,32400,Hombre,RAUL DE LA FUENTE ALARCON,31.730526500256,-106.390159254144,"C CHAMIZOS 104, ALAMEDA, 32400 Chihuahua,CHIH",,68,65+,,,,,,4,5,37,1600,JUAREZ
2222241407,2026-10-03 14:48:33.536140,MORENA,Cruz Pérez Cuellar,6436113,ANTORCHA POPULAR,31137,Hombre,LUIS ALBERTO PONCE GONZALEZ,28.73885908571,-106.11259596707,"C MINA SIERRA RICA 3726, ANTORCHA POPULAR, 31137 Chihuahua,CHIH",,39,31–40,,,,,,6,12,19,2871,CHIHUAHUA
6563843304,2026-10-03 14:48:28.127824,MORENA,Cruz Pérez Cuellar,7092157,RIVERAS DEL BRAVO V,32599,Hombre,URIEL MORALES MARTINEZ,31.626445265313,-106.327353988927,"C RIVERA  DE TEXCOCO 571, RIVERAS DEL BRAVO V, 32599 Chihuahua,CHIH",,32,31–40,MORENA,,SECRETARIA DE DESARROLLO HUMANO Y BIEN COMUN,APOYO A PERSONAS CON DISCAPACIDAD,GOB FED - PENSION PERSONAS CON DISCAPACIDAD,2,8,37,3064,JUAREZ
6144870415,2026-10-03 14:48:35.023393,MORENA,Cruz Pérez Cuellar,5577010,PROVINCIA DE SANTA CLARA,31123,Mujer,ELSA LIZBETH REYES WILCHIS,28.715581405428,-106.162089104685,"CTO PROVINCIA DE ALTAGRACIA 2234, PROVINCIA DE SANTA CLARA, 31123 Chihuahua,CHIH",,45,41–59,,SERVICIOS EDUCATIVOS DEL ESTADO DE CHIHUAUA,,,,6,12,19,3179,CHIHUAHUA
6143943944,2026-10-03 14:48:40.967539,MORENA,Cruz Pérez Cuellar,5273209,MIRADOR,31205,Mujer,IRENE RIVERA TELLES,28.633110684556,-106.090365113045,"C TOKIO 2210, MIRADOR, 31205 Chihuahua,CHIH",,77,65+,,,,,GOB FED - ADULTOS MAYORES,6,18,19,836,CHIHUAHUA
6562701421,2026-10-03 14:48:33.549253,MORENA,Cruz Pérez Cuellar,5021340,U HAB BENITO JUAREZ,32390,Mujer,LETICIA CORRAL Y CORRAL,31.709907186083,-106.444559063038,"C PLATON SANCHEZ 2424, U HAB BENITO JUAREZ, 32390 Chihuahua,CHIH",,57,41–59,,,,,,4,4,37,1695,JUAREZ
6142491886,2026-10-03 14:48:46.044851,MORENA,Cruz Pérez Cuellar,5108789,CRUCERO,31074,Hombre,JESUS JAVIER NAVARRETE GOMEZ,28.611114722034,-105.995170344,"C TONALA 2207, CRUCERO, 31074 Chihuahua,CHIH",,48,41–59,,,,,,8,16,19,877,CHIHUAHUA
6141387887,2026-10-03 14:48:48.516136,MORENA,Cruz Pérez Cuellar,6104775,VISTA HERMOSA,31075,Mujer,SOFIA GONZALEZ GONZALEZ,28.596946382242,-106.037505849282,"C VISTA VALLE VERDE 3608, VISTA HERMOSA, 31075 Chihuahua,CHIH",,58,41–59,,,SECRETARIA DE DESARROLLO HUMANO Y BIEN COMUN,FORTALECIMIENTO COMUNITARIO Y PARTICIPACION CIUDADANA,,8,16,19,596,CHIHUAHUA
6144713226,2026-10-03 14:48:56.777402,MORENA,Cruz Pérez Cuellar,5765987,VILLA NUEVA,31100,Mujer,LILIANA IVONNE CHAVEZ CHAPARRO,28.5958774,-106.0683087,"C LIBERACION 6, VILLA NUEVA, 31100 Chihuahua,CHIH",,49,41–59,MORENA,,SECRETARIA DE DESARROLLO HUMANO Y BIEN COMUN,FORTALECIMIENTO COMUNITARIO Y PARTICIPACION CIUDADANA,,8,15,19,695,CHIHUAHUA
6144862416,2026-10-03 14:48:58.950153,MORENA,Cruz Pérez Cuellar,6786067,RIBERAS DEL VALLE,31376,Mujer,ALEJANDRA CHAVEZ MARES,28.690185080604,-106.009593273517,"C VALLE DE LOS HONGOS 12336, RIBERAS DEL VALLE, 31376 Chihuahua,CHIH",,35,31–40,PAN,FISCALIA GENERAL DEL ESTADO DE CHIHUAHUA,,,,8,17,19,3220,CHIHUAHUA
6142473768,2026-10-03 14:49:07.616501,MORENA,Cruz Pérez Cuellar,5476884,MIRADOR,31205,Mujer,MARIA CONCEPCION BARRERA OAXACA,28.6356173130746,-106.088436855,"C TOKIO 1609, MIRADOR, 31205 Chihuahua,CHIH",,77,65+,,,,,GOB FED - ADULTOS MAYORES,6,15,19,835,CHIHUAHUA
6568259957,2026-10-03 14:49:09.296561,MORENA,Cruz Pérez Cuellar,5241070,PALMAS DEL SOL,32695,Hombre,JUAN CARLOS MERAZ BUSTAMANTE,31.600591913611,-106.43037386538,"C PATRIOTISMO 7335, PALMAS DEL SOL, 32695 Chihuahua,CHIH",,50,41–59,,,,,,1,2,37,2815,JUAREZ
6563606459,2026-10-03 14:49:10.840577,MORENA,Cruz Pérez Cuellar,6660562,HORIZONTES DEL SUR,32580,Hombre,IRVING IGNACIO MORALES BARRIOS,31.615547988321,-106.371700381023,"C ARQ JOSE VILLAGRAN GARCIA 262, HORIZONTES DEL SUR, 32580 Chihuahua,CHIH",,36,31–40,,,,,,1,9,37,2744,JUAREZ
6568117480,2026-10-03 14:49:19.660970,MORENA,Cruz Pérez Cuellar,6942002,PUERTO DE ANAPRA,32107,Mujer,BRENDA GUADALUPE CARRILLO CASTAÑEDA,31.7777646921529,-106.560363149,"C RODABALLO 757, PUERTO DE ANAPRA, 32107 Chihuahua,CHIH",,33,31–40,,,,,,3,2,37,1425,JUAREZ
6142393543,2026-10-03 14:49:17.858432,MORENA,Cruz Pérez Cuellar,4893245,CUMBRES UNIVERSIDAD,31125,Mujer,ANABELL VEGA GARCIA,28.687386736613,-106.142075079769,"C CUMBRE DEL MOHINORA 4215, CUMBRES UNIVERSIDAD, 31125 Chihuahua,CHIH",,56,41–59,,TRIBUNAL SUPERIOR DE JUSTICIA,,,,6,18,19,641,CHIHUAHUA
6141637604,2026-10-03 14:49:25.697028,MORENA,Cruz Pérez Cuellar,5469678,POZOS DEL VALLE,31137,Hombre,MIGUEL ANGEL LOPEZ CORRAL,28.736094330197,-106.121185821722,"C MINERAL DEL PARRAL 16738, POZOS DEL VALLE, 31137 Chihuahua,CHIH",,71,65+,,,,,,6,12,19,2867,CHIHUAHUA
6562746177,2026-10-03 14:49:56.702753,MORENA,Cruz Pérez Cuellar,6584748,PRADERAS DEL SOL,32576,Mujer,YASBRID LILIANA SOTELO ARAIZA,31.5905669808615,-106.410909792,"C SOL DE LAS ACEQUIAS 3218, PRADERAS DEL SOL, 32576 Chihuahua,CHIH",,37,31–40,,,,,,2,2,37,2937,JUAREZ
6565864913,2026-10-03 14:50:12.467579,MORENA,Cruz Pérez Cuellar,5145142,BELLAVISTA,32130,Hombre,SALVADOR CANCHOLA TORRES,31.7460787591038,-106.493114963,"C ACACIAS 2052, BELLAVISTA, 32130 Chihuahua,CHIH",,42,41–59,,,,,,3,3,37,1455,JUAREZ
6563045293,2026-10-03 14:50:17.298101,MORENA,Cruz Pérez Cuellar,5912652,FCO I MADERO,31104,Mujer,ANITA ARAUJO REYES,28.673633084946,-106.095104779161,"C AQUILES SERDAN 2106, FCO I MADERO, 31104 Chihuahua,CHIH",,71,65+,,,,,GOB FED - ADULTOS MAYORES,8,15,19,718,CHIHUAHUA
6563286205,2026-10-03 14:50:16.557406,MORENA,Cruz Pérez Cuellar,5986775,RDCIAL PASEO DE LOS NOGALES,32668,Hombre,HUMBERTO HERNANDEZ GARCIA,31.676631728829,-106.404481916788,"C NUEZ DE MACADAMIA 8200, RDCIAL PASEO DE LOS NOGALES, 32668 Chihuahua,CHIH",,75,65+,,,SECRETARIA DE SALUD,MEDICHIHUAHUA,GOB FED - ADULTOS MAYORES,4,5,37,1754,JUAREZ
6144194077,2026-10-03 14:50:21.854147,MORENA,Cruz Pérez Cuellar,6615746,VILLA DEL REY,31180,Mujer,KAREN DELGADO GUERRA,28.750146806124,-106.131603315534,"C REY LUIS XIV 18309, VILLA DEL REY, 31180 Chihuahua,CHIH",,36,31–40,,,,,,6,12,19,2847,CHIHUAHUA
6563287098,2026-10-03 14:50:28.550931,MORENA,Cruz Pérez Cuellar,5213586,INF AMPL AEROPUERTO,32698,Mujer,MANUELA GUTIERREZ VILLALOBOS,31.6663412385,-106.396002278848,"C AJENJO 9409, INF AMPL AEROPUERTO, 32698 Chihuahua,CHIH",,72,65+,MORENA,,SECRETARIA DE DESARROLLO HUMANO Y BIEN COMUN,APOYO A PERSONAS MAYORES,GOB FED - ADULTOS MAYORES,4,5,37,1791,JUAREZ
6562965906,2026-10-03 14:50:25.740944,MORENA,Cruz Pérez Cuellar,6276360,JARDINES DE SANTA CLARA,32563,Hombre,JESUS FRANCISCO MUÑOZ ORTIZ,31.6654823069784,-106.372376742,"C REGION DE FLORENCIA 1138, JARDINES DE SANTA CLARA, 32563 Chihuahua,CHIH",,40,31–40,,,,,,4,5,37,3333,JUAREZ
6258424581,2026-10-03 14:50:41.528970,MORENA,Cruz Pérez Cuellar,7089866,VILLA NUEVA,31134,Hombre,ALVARO ALVAREZ RIOS,28.696678792451,-106.099557665223,"C RUBEN JARAMILLO 107, VILLA NUEVA, 31134 Chihuahua,CHIH",,55,41–59,,FISCALIA GENERAL DEL ESTADO DE CHIHUAHUA,SECRETARIA DE PUEBLOS Y COMUNIDADES INDIGENAS,FOMENTO AL RESPETO DE LOS DERECHOS DE LAS Y LOS INDIGNAS,,8,15,19,649,CHIHUAHUA
6144358352,2026-10-03 14:50:51.424245,MORENA,Cruz Pérez Cuellar,6080719,DIVISION DEL NORTE,31064,Mujer,LORENA ARISTEO FERNANDEZ,28.68794628,-106.131129991,"C FELIPE ANGELES 1900, DIVISION DEL NORTE, 31064 Chihuahua,CHIH",,53,41–59,,,SECRETARIA DE SALUD,MEDICHIHUAHUA,,8,16,19,3302,CHIHUAHUA
6144013889,2026-10-03 14:50:53.670154,MORENA,Cruz Pérez Cuellar,5964141,IGNACIO ALLENDE,31129,Hombre,HECTOR GUADALUPE ORTEGA FLORES,28.694270084935,-106.133926821004,"PRIV MA ANA DE UNZAGA 10143, IGNACIO ALLENDE, 31129 Chihuahua,CHIH",,66,65+,MORENA,,,,,6,12,19,624,CHIHUAHUA
6568151766,2026-10-03 14:50:55.959282,MORENA,Cruz Pérez Cuellar,5464973,AGUILAS DE ZARAGOZA,32599,Mujer,MARIA DEL CARMEN RIOS CARREON,31.618137751528,-106.335182267397,"C CUICUICATZIN 1244, AGUILAS DE ZARAGOZA, 32599 Chihuahua,CHIH",,60,60–64,,,SECRETARIA DE DESARROLLO HUMANO Y BIEN COMUN,JUNTOS SI PODEMOS,,2,8,37,3329,JUAREZ
6141786164,2026-10-03 14:50:54.793836,MORENA,Cruz Pérez Cuellar,6172993,HACIENDAS DEL VALLE,31217,Hombre,SERVANDO ROJAS PRIETO,28.633892931339,-106.117382201421,"C HACIENDA DEL VALLE 6526, HACIENDAS DEL VALLE, 31217 Chihuahua,CHIH",,86,65+,,,,,GOB FED - ADULTOS MAYORES,6,18,19,805,CHIHUAHUA
6563533599,2026-10-03 14:51:03.419413,MORENA,Cruz Pérez Cuellar,5108162,RIVERAS DEL BRAVO,32594,Hombre,JESUS MADERA MADERA,31.6116253788944,-106.313900089,"C RIVERA DEL PORTAL 649, RIVERAS DEL BRAVO, 32594 Chihuahua,CHIH",,73,65+,,,,,,2,8,37,3096,JUAREZ
6568229920,2026-10-03 14:51:12.231918,MORENA,Cruz Pérez Cuellar,4977457,INF AMPL AEROPUERTO,32698,Mujer,YANETH PATRICIA GARCIA VALADEZ,31.666515372538,-106.392621438202,"C CADILLO 5544, INF AMPL AEROPUERTO, 32698 Chihuahua,CHIH",,51,41–59,,,,,,4,5,37,1793,JUAREZ
6142509952,2026-10-03 14:51:15.760719,MORENA,Cruz Pérez Cuellar,5081562,CAMPO BELLO,31119,Mujer,VICTORIA LORENA BOTELLO HERNANDEZ,28.697745724906,-106.144550045088,"C CAMPO DEL MANZANAR 9728, CAMPO BELLO, 31119 Chihuahua,CHIH",,56,41–59,MORENA,,SECRETARIA DE DESARROLLO HUMANO Y BIEN COMUN,FORTALECIMIENTO COMUNITARIO Y PARTICIPACION CIUDADANA,,6,12,19,3212,CHIHUAHUA
6143424684,2026-10-03 14:51:22.459108,MORENA,Cruz Pérez Cuellar,5439823,GRANJAS,31100,Mujer,SANDRA ABRIL LICERIO RODRIGUEZ,28.58312270904,-105.990374286177,"C LERDO DE TEJADA 4506, GRANJAS, 31100 Chihuahua,CHIH",,44,41–59,,,,,,6,15,19,772,CHIHUAHUA
6567478895,2026-10-03 14:51:14.856447,MORENA,Cruz Pérez Cuellar,6818598,FRONTERIZA,32180,Mujer,CLAUDIA GABRIELA LOPEZ GALVAN,31.7306500620798,-106.532911002,"C NAVOJOA 3204, FRONTERIZA, 32180 Chihuahua,CHIH",,35,31–40,,JUAREZ - CENTRALIZADA,SECRETARIA DE DESARROLLO HUMANO Y BIEN COMUN,JUNTOS SI PODEMOS,GOB FED - BECAS BASICO,3,3,37,1560,JUAREZ
6141250669,2026-10-03 14:51:28.380007,MORENA,Cruz Pérez Cuellar,5550746,GIRASOLES III,31385,Mujer,ROSA MARIA SAENZ HERRERA,28.671356643863,-106.009491936308,"C AGUA ESCONDIDA 7217, GIRASOLES III, 31385 Chihuahua,CHIH",,69,65+,MORENA,,SECRETARIA DE PUEBLOS Y COMUNIDADES INDIGENAS,FOMENTO AL RESPETO DE LOS DERECHOS DE LAS Y LOS INDIGNAS,,8,17,19,3318,CHIHUAHUA
6566152662,2026-10-03 14:51:22.978526,MORENA,Cruz Pérez Cuellar,7318618,SANTA ROSA,31050,Hombre,VICTOR MANUEL PEREZ VALENZUELA,28.624110582742,-106.063702824948,"C 10 4006, SANTA ROSA, 31050 Chihuahua,CHIH",,35,31–40,MORENA,,SECRETARIA DE DESARROLLO HUMANO Y BIEN COMUN,PROYECTOS PRODUCTIVOS Y ECONOMIA SOLIDARIA,GOB FED - SEMBRANDO VIDA,8,16,19,519,CHIHUAHUA
6141967668,2026-10-03 14:51:18.876550,MORENA,Cruz Pérez Cuellar,4877368,REAL DE MINAS,31144,Hombre,RAFAEL MARTIN SOTO CAMACHO,28.7344411712385,-106.102754931,"C MINERAL DE LORETO 15511, REAL DE MINAS, 31144 Chihuahua,CHIH",,64,60–64,,,,,,6,18,19,3360,CHIHUAHUA
6141257941,2026-10-03 14:51:36.257018,MORENA,Cruz Pérez Cuellar,5958713,LOS NOGALES,31380,Hombre,RAYMUNDO VAZQUEZ GONZALEZ,28.6382629160791,-106.001877119,"C BARTON 10204, LOS NOGALES, 31380 Chihuahua,CHIH",,59,41–59,,,,,,8,17,19,855,CHIHUAHUA
8712123271,2026-10-03 14:51:53.678746,MORENA,Cruz Pérez Cuellar,6635507,TIERRA Y LIBERTAD,31126,Hombre,SAUL ALONSO NAJERA MARQUEZ,28.684665572258,-106.115435670527,"C SANDINISTAS 133, TIERRA Y LIBERTAD, 31126 Chihuahua,CHIH",,36,31–40,,,,,,6,15,19,658,CHIHUAHUA
6563055648,2026-10-03 14:52:05.116621,MORENA,Cruz Pérez Cuellar,5742364,MORELOS III,32573,Hombre,JUAN ANTONIO VAZQUEZ GARCIA,31.6420454719418,-106.384641402,"C LAGUNA DE TEJALPA 1420, MORELOS III, 32573 Chihuahua,CHIH",,55,41–59,,,,,,1,9,37,1930,JUAREZ
6562693449,2026-10-03 14:52:12.437990,MORENA,Cruz Pérez Cuellar,7332411,HACIENDAS DEL NOGAL,32472,Hombre,HECTOR MARTIN MARRUFFO TALAMANTES,31.716311253475,-106.381685569129,"C CIRCUITO ROBLE 1029, HACIENDAS DEL NOGAL, 32472 Chihuahua,CHIH",,63,60–64,,,,,,4,5,37,1642,JUAREZ
6142438656,2026-10-03 14:52:09.498550,MORENA,Cruz Pérez Cuellar,5189938,LOS ARROYOS,31125,Hombre,JORGE ARMANDO ITUARTE CHAVEZ,28.726022094641,-106.154488183907,"AV LOS ARCOS 2242, LOS ARROYOS, 31125 Chihuahua,CHIH",,47,41–59,,,,,,6,12,19,3182,CHIHUAHUA
6251228314,2026-10-03 14:52:11.055985,MORENA,Cruz Pérez Cuellar,5676002,CHIHUAHUA 2000 94,31136,Hombre,AURELIO EUSEBIO SOTO BARRON,28.731540049767,-106.115574644001,"C CELIA ANDAZOLA 15134, CHIHUAHUA 2000 94, 31136 Chihuahua,CHIH",,65,65+,,,,,,6,12,19,2885,CHIHUAHUA
6566143642,2026-10-03 14:52:22.404710,MORENA,Cruz Pérez Cuellar,4907832,PASEOS DE ZARAGOZA,32550,Mujer,MARIBEL PEREZ RODRIGUEZ,31.644836226754,-106.350883051301,"C TRITON 229, PASEOS DE ZARAGOZA, 32550 Chihuahua,CHIH",,44,41–59,,,,,,2,8,37,1827,JUAREZ
8424223035,2026-10-03 14:52:33.969854,MORENA,Cruz Pérez Cuellar,5899090,FRONTERIZA,32180,Mujer,MANUELA ROCHA RAMIREZ,31.756329528533,-106.524807830231,"C NAVOJOA 7605, FRONTERIZA, 32180 Chihuahua,CHIH",,46,41–59,,,SECRETARIA DE DESARROLLO HUMANO Y BIEN COMUN,JUNTOS SI PODEMOS,,3,3,37,1560,JUAREZ
6144520509,2026-10-03 14:52:54.102358,MORENA,Cruz Pérez Cuellar,5734850,LOS PINOS,31416,Mujer,MARIA DE JESUS GARCIA GARCIA,28.594977389367,-106.093851265541,"C VICENTE N MENDOZA 9020, LOS PINOS, 31416 Chihuahua,CHIH",,67,65+,MORENA,,SECRETARIA DE DESARROLLO HUMANO Y BIEN COMUN,FORTALECIMIENTO COMUNITARIO Y PARTICIPACION CIUDADANA,GOB FED - ADULTOS MAYORES,8,16,19,487,CHIHUAHUA
6566114048,2026-10-03 14:52:56.018295,MORENA,Cruz Pérez Cuellar,5896058,MARGARITAS,32300,Mujer,MARTHA PATRICIA ALVAREZ SERRANO,31.739129811404,-106.460262810094,"C CALZADA DEL PARQUE 249, MARGARITAS, 32300 Chihuahua,CHIH",,71,65+,,,,,GOB FED - ADULTOS MAYORES,4,4,37,1609,JUAREZ
6142183423,2026-10-03 14:53:03.782026,MORENA,Cruz Pérez Cuellar,5963404,VILLA JUAREZ,31064,Hombre,JESUS MANUEL GARCIA ORTEGA,28.607645001545,-106.019481572332,"C SOTO Y GAMA 507, VILLA JUAREZ, 31064 Chihuahua,CHIH",,68,65+,MORENA,,,,,8,16,19,872,CHIHUAHUA
6566120665,2026-10-03 14:53:08.340870,MORENA,Cruz Pérez Cuellar,6272349,JARDINES RESIDENCIAL,32618,Hombre,JOSE DANIEL POO ASCENCIO,31.692964216551,-106.414662742249,"C JARDINES DE MEDICI NORTE 7421, JARDINES RESIDENCIAL, 32618 Chihuahua,CHIH",,47,41–59,,SERVICIOS DE SALUD DE CHIHUAHUA,SECRETARIA DE SALUD,SECRETARIA DE SALUD,,4,5,37,1733,JUAREZ
6564011976,2026-10-03 14:53:05.194829,MORENA,Cruz Pérez Cuellar,6476643,VISTAS DEL VALLE,32662,Mujer,MARIA MAGDALENA MOLINA SANCHEZ,31.674685381201,-106.407676425952,"C BALCON DE LA NUBE 5459, VISTAS DEL VALLE, 32662 Chihuahua,CHIH",,40,31–40,,,,,,4,5,37,1755,JUAREZ
6562642210,2026-10-03 14:53:12.615350,MORENA,Cruz Pérez Cuellar,5551446,VILLAS SOLARES,32546,Hombre,GERARDO IVAN FLORES JUAREZ,31.693921974718,-106.365629111587,"C SOLAR DE AZALEAS 2441, VILLAS SOLARES, 32546 Chihuahua,CHIH",,45,41–59,,,,,,4,5,37,3310,JUAREZ
8331409272,2026-10-03 14:53:10.851920,MORENA,Cruz Pérez Cuellar,4939279,AZTECA,32280,Mujer,GUADALUPE ZANABRIA ADAME,31.694603830923,-106.480627253602,"C CHALCAS 5642, AZTECA, 32280 Chihuahua,CHIH",,70,65+,,,,,GOB FED - ADULTOS MAYORES,4,6,37,2112,JUAREZ
6142257777,2026-10-03 14:53:13.699058,MORENA,Cruz Pérez Cuellar,5395917,JOSEFA ORTIZ DE DOMINGUEZ,31304,Hombre,JOSE ROBERTO SALCEDO ENRIQUEZ,28.6578731131116,-106.066015771,"C CANARIOS 706, JOSEFA ORTIZ DE DOMINGUEZ, 31304 Chihuahua,CHIH",,60,60–64,MORENA,,,,,8,15,19,814,CHIHUAHUA
6563114015,2026-10-03 14:53:23.069773,MORENA,Cruz Pérez Cuellar,5228758,JARDINES DE ARAGON,32470,Hombre,DAVID ENRIQUEZ MARTINEZ,31.713117151515,-106.378398612725,"C CERRADA DE ALCORISA 1260, JARDINES DE ARAGON, 32470 Chihuahua,CHIH",,56,41–59,MORENA,,,,,4,5,37,1642,JUAREZ
6141414564,2026-10-03 14:53:34.696317,MORENA,Cruz Pérez Cuellar,4874059,QUINTA BALBOA,31125,Mujer,AURELIA RUIZ SOLIS,28.723242929542,-106.154188814645,"C BOSQUE DE GUEVARA 16338, QUINTA BALBOA, 31125 Chihuahua,CHIH",,62,60–64,,,,,,6,12,19,3183,CHIHUAHUA
6988895916,2026-10-03 14:53:40.304585,MORENA,Cruz Pérez Cuellar,6015380,CHINIPAS,33360,Hombre,JUAN GABRIEL ALVAREZ TORRES,27.395553627148,-108.538687297422,"C MORELOS S/N, CHINIPAS, 33360 Chihuahua,CHIH",,50,41–59,,SERVICIOS DE SALUD DE CHIHUAHUA,,,,9,13,20,912,CHINIPAS
6141815133,2026-10-03 14:53:36.213372,MORENA,Cruz Pérez Cuellar,5956180,CORDILLERAS,31124,Hombre,JAIME ERIVES ARENIVAR,28.704384408094,-106.145862212948,"C CORDILLERA VALLUNAS 6011, CORDILLERAS, 31124 Chihuahua,CHIH",,62,60–64,,,,,,6,12,19,3206,CHIHUAHUA
6141707547,2026-10-03 14:53:44.109181,MORENA,Cruz Pérez Cuellar,7077763,INDUSTRIAL,31304,Hombre,JONATHAN RICARDO MORADO LINARES,28.6532140051039,-106.06869735,"C MIGUEL AHUMADA 129, INDUSTRIAL, 31304 Chihuahua,CHIH",,32,31–40,,,,,,8,15,19,816,CHIHUAHUA
6145152119,2026-10-03 14:53:46.774808,MORENA,Cruz Pérez Cuellar,6747026,LAS QUINTAS,31140,Mujer,ADRIANA DE LA CRUZ TARANGO,28.716712143878,-106.098004877619,"C QUINTA SAN VICENTE 13143, LAS QUINTAS, 31140 Chihuahua,CHIH",,39,31–40,MORENA,,,,,6,17,19,3288,CHIHUAHUA
6565794256,2026-10-03 14:53:44.322673,MORENA,Cruz Pérez Cuellar,4946207,JARDINES DEL AEROPUERTO,32695,Mujer,MARIA GUADALUPE HERNANDEZ TREVIZO,31.6189713179059,-106.438138509,"C PLANEADOR 7127, JARDINES DEL AEROPUERTO, 32695 Chihuahua,CHIH",,67,65+,,,SECRETARIA DE DESARROLLO HUMANO Y BIEN COMUN,JUNTOS SI PODEMOS,,1,7,37,2811,JUAREZ
6143420172,2026-10-03 14:53:47.641197,MORENA,Cruz Pérez Cuellar,5353110,VIRREYES II,31214,Hombre,JORGE ALBERTO CHAVEZ ANDERSON,28.639043203936,-106.104364572311,"C MONTANA 2044, VIRREYES II, 31214 Chihuahua,CHIH",,64,60–64,,,,,,6,18,19,823,CHIHUAHUA
6563262144,2026-10-03 14:54:03.058723,MORENA,Cruz Pérez Cuellar,4907064,PATRIA,32599,Hombre,JUAN CARLOS BAÑUELOS VILLARREAL,31.616649923969,-106.349842874234,"C PUERTO VIEJO 1539, PATRIA, 32599 Chihuahua,CHIH",,55,41–59,,,,,,2,8,37,2910,JUAREZ
6143031752,2026-10-03 14:54:03.918163,MORENA,Cruz Pérez Cuellar,5571729,RESERVA DEL PARQUE,31220,Mujer,MARTHA GABRIELA RUBALCAVA BARAJAS,28.597442425788,-106.129980287718,"CTO PARQUE CENTLA 2729, RESERVA DEL PARQUE, 31220 Chihuahua,CHIH",,46,41–59,,,,,,6,18,19,847,CHIHUAHUA
6141578449,2026-10-03 14:54:10.258327,MORENA,Cruz Pérez Cuellar,6076796,LOS FRAILES,31107,Hombre,NOE CASAS RODRIGUEZ,28.6580338581118,-106.110504735,"C SABINO 1001, LOS FRAILES, 31107 Chihuahua,CHIH",,59,41–59,,,,,,6,15,19,761,CHIHUAHUA
6142135654,2026-10-03 14:54:13.891392,MORENA,Cruz Pérez Cuellar,6003198,INDUSTRIAL,31304,Mujer,SOFIA CASTAÑEDA PEREZ,28.636155764,-106.094688074,"C CHIHUAHUA 506, INDUSTRIAL, 31304 Chihuahua,CHIH",,77,65+,MORENA,,,,,8,15,19,792,CHIHUAHUA
6563114778,2026-10-03 14:54:26.403810,MORENA,Cruz Pérez Cuellar,5427818,MELCHOR OCAMPO,32380,Hombre,JUAN CARLOS SALDIVAR HERNANDEZ,31.713017033621,-106.44930195237,"C MONTEMAYOR 3430, MELCHOR OCAMPO, 32380 Chihuahua,CHIH",,54,41–59,,,,,,4,4,37,1676,JUAREZ
6563102788,2026-10-03 14:54:31.535437,MORENA,Cruz Pérez Cuellar,6408730,JARDINES DE SANTA CLARA,32563,Mujer,FRANCISCA MARMOLEJO MARTINEZ,31.6648486609773,-106.372133359,"C REGION DE LA SPEZIA 1334, JARDINES DE SANTA CLARA, 32563 Chihuahua,CHIH",,64,60–64,MORENA,,,,,4,5,37,3333,JUAREZ
9931099074,2026-10-03 14:54:37.199186,MORENA,Cruz Pérez Cuellar,5034270,MIRADOR,31205,Hombre,MIGUEL ALBERTO MARTINEZ AYALA,28.632108046968,-106.089562413324,"C ROMA 2216, MIRADOR, 31205 Chihuahua,CHIH",,56,41–59,,,DESARROLLO INTEGRAL DE LA FAMILIA CHIHUAHUA,REHABILITACION INTEGRAL FISICA Y APOYOS FUNCIONALES,,6,18,19,836,CHIHUAHUA
6144270021,2026-10-03 14:54:38.720555,MORENA,Cruz Pérez Cuellar,5879902,CAMPANARIO,31213,Hombre,FELIPE DE JESUS VILLALOBOS ESCAPITA,28.6425239640861,-106.113942648,"C RUA DEL CAMPANARIO 5912, CAMPANARIO, 31213 Chihuahua,CHIH",,72,65+,,,,,GOB FED - ADULTOS MAYORES,6,15,19,804,CHIHUAHUA
6142786821,2026-10-03 14:54:35.390816,MORENA,Cruz Pérez Cuellar,6220463,QUINTAS CAROLINAS,31146,Hombre,RODOLFO LOYA BALDERRAMA,28.719264291562,-106.089045249898,"C MONTE CELESTE 11738, QUINTAS CAROLINAS, 31146 Chihuahua,CHIH",,41,41–59,MORENA,,,,,6,17,19,612,CHIHUAHUA
6142097264,2026-10-03 14:54:40.601266,MORENA,Cruz Pérez Cuellar,4884975,NUEVO TRIUNFO,31140,Mujer,MARIA CECILIA ROSALES ESPINOSA,28.6555786,-106.08790499,"C 41 Y MEDIA NUEVO TRIUNFO 13511, NUEVO TRIUNFO, 31140 Chihuahua,CHIH",,72,65+,,,,,GOB FED - ADULTOS MAYORES,6,17,19,3288,CHIHUAHUA
6142554629,2026-10-03 14:54:50.881385,MORENA,Cruz Pérez Cuellar,5347119,LOMAS KARIKE,31120,Mujer,LUZ DEL CARMEN MOLINA JUAREZ,28.6740852861385,-106.124360633,"C LOMA VERDE 7503, LOMAS KARIKE, 31120 Chihuahua,CHIH",,68,65+,,,,,,6,15,19,703,CHIHUAHUA
6144350997,2026-10-03 14:54:55.382796,MORENA,Cruz Pérez Cuellar,5183709,VILLA JUAREZ,31090,Mujer,MARTHA LIDIA NAJERA OROZCO,28.614050177304,-106.021711921542,"C GUADALUPE VICTORIA 1404, VILLA JUAREZ, 31090 Chihuahua,CHIH",,72,65+,,,,,,8,16,19,865,CHIHUAHUA
6146074306,2026-10-03 14:55:01.106046,MORENA,Cruz Pérez Cuellar,5392252,HACIENDAS DEL VALLE,31217,Mujer,YURIDIANA RODRIGUEZ RIOS,28.635071468835,-106.11840286577,"C HACIENDA DEL TULE 6532, HACIENDAS DEL VALLE, 31217 Chihuahua,CHIH",,42,41–59,,TRIBUNAL SUPERIOR DE JUSTICIA,,,,6,18,19,805,CHIHUAHUA
6566173431,2026-10-03 14:54:53.309099,MORENA,Cruz Pérez Cuellar,5775708,INFONAVIT CASAS GRANDES,32600,Mujer,IRMA CAMACHO CHAVEZ,31.708896789827,-106.43716677953,"C LUIS G INCLAN 2452, INFONAVIT CASAS GRANDES, 32600 Chihuahua,CHIH",,79,65+,,,,,GOB FED - ADULTOS MAYORES,4,4,37,1708,JUAREZ
6143197369,2026-10-03 14:54:55.258596,MORENA,Cruz Pérez Cuellar,6092047,QUINTAS CAROLINAS,31146,Hombre,OCTAVIO MIRELES ZUÑIGA,28.719741179943,-106.090729928618,"C MONTE NEGRO 12103, QUINTAS CAROLINAS, 31146 Chihuahua,CHIH",,57,41–59,,SERVICIOS EDUCATIVOS DEL ESTADO DE CHIHUAHUA,,,,6,17,19,612,CHIHUAHUA
6563012170,2026-10-03 14:55:17.322963,MORENA,Cruz Pérez Cuellar,5605480,LOMAS DE SAN JOSE,32680,Hombre,ALBERTO GARCIA ANCHONDO,31.661363499972,-106.431602435,"C CERRO DE LA PLATA 6660, LOMAS DE SAN JOSE, 32680 Chihuahua,CHIH",,55,41–59,,SERVICIOS DE SALUD DE CHIHUAHUA,,,,1,6,37,1840,JUAREZ
6144176687,2026-10-03 14:55:11.574235,MORENA,Cruz Pérez Cuellar,5189634,INFONAVIT NACIONAL,31120,Mujer,SOFIA ARZATE PADILLA,28.6764342991424,-106.124007734,"C LACANDONES 7727, INFONAVIT NACIONAL, 31120 Chihuahua,CHIH",,80,65+,,,,,GOB FED - ADULTOS MAYORES,6,15,19,701,CHIHUAHUA
6142532624,2026-10-03 14:55:07.375706,MORENA,Cruz Pérez Cuellar,5027126,RIBERAS DE SACRAMENTO,31184,Hombre,JORGE CHAVIRA FLORES,28.772204350108,-106.166559162627,"C RIO ARNO 2004, RIBERAS DE SACRAMENTO, 31184 Chihuahua,CHIH",,53,41–59,,,SECRETARIA DE DESARROLLO HUMANO Y BIEN COMUN,FORTALECIMIENTO COMUNITARIO Y PARTICIPACION CIUDADANA,,6,12,19,3281,CHIHUAHUA
6145108241,2026-10-03 14:55:18.956428,MORENA,Cruz Pérez Cuellar,6046375,MARMOL II,31063,Hombre,JOSE ANTONIO MENCHACA ORTIZ,28.602165877168,-106.03775965331,"C JUANA DE ESPAÑA 3014, MARMOL II, 31063 Chihuahua,CHIH",,57,41–59,,,,,,8,16,19,595,CHIHUAHUA
6563115024,2026-10-03 14:55:23.965008,MORENA,Cruz Pérez Cuellar,6082704,EJ OJO CALIENTE,32815,Hombre,LORENZO GERARDO PEREZ FLORES,30.4938225,-106.549822222,"C JOSE PEON CONTRERAS 2631, INF CASAS GRANDES, 32600 Chihuahua,CHIH",,44,41–59,,,SECRETARIA DE DESARROLLO HUMANO Y BIEN COMUN,JUNTOS SI PODEMOS,,2,11,1,13,AHUMADA
6143192936,2026-10-03 14:55:24.264372,MORENA,Cruz Pérez Cuellar,6415574,VISTAS DEL NORTE III,31184,Mujer,GUADALUPE ALEJANDRA TOVAR BAEZ,28.786478463274,-106.151109237163,"C RIO LOVAT 24515, VISTAS DEL NORTE III, 31184 Chihuahua,CHIH",,39,31–40,MORENA,,SECRETARIA DE DESARROLLO HUMANO Y BIEN COMUN,FORTALECIMIENTO COMUNITARIO Y PARTICIPACION CIUDADANA,,6,12,19,3281,CHIHUAHUA
5555326705,2026-10-03 14:55:27.939429,MORENA,Cruz Pérez Cuellar,5541386,NUEVO TRIUNFO,31140,Mujer,SOFIA JIMENEZ RAMIREZ,28.668114380835,-106.076783569243,"PROL HEROICO COLEGIO MILITAR 13116, NUEVO TRIUNFO, 31140 Chihuahua,CHIH",,65,65+,,,,,,6,17,19,3288,CHIHUAHUA
6144105147,2026-10-03 14:55:37.526424,MORENA,Cruz Pérez Cuellar,5277446,LAS FUENTES,31207,Hombre,JUAN CARLOS MENDEZ SALINAS,28.6168306480434,-106.114470611,"C FUENTE DE LA DIANA 6616, LAS FUENTES, 31207 Chihuahua,CHIH",,53,41–59,MORENA,,,,,6,18,19,839,CHIHUAHUA
6141252264,2026-10-03 14:55:35.106958,MORENA,Cruz Pérez Cuellar,5031104,MARMOL III,31063,Hombre,JORGE LUIS FLORES TORRES,28.6034729780212,-106.032849598,"C FELIPE JUSTO SIERRA 2822, MARMOL III, 31063 Chihuahua,CHIH",,45,41–59,,,,,,8,16,19,598,CHIHUAHUA
6144209597,2026-10-03 14:55:52.553137,MORENA,Cruz Pérez Cuellar,4886917,SANTA ROSA,31050,Hombre,HUMBERTO GONZALEZ OROZCO,28.622176048518,-106.060303717342,"C 10 4612, SANTA ROSA, 31050 Chihuahua,CHIH",,83,65+,MORENA,,SECRETARIA DE SALUD,MEDICHIHUAHUA,GOB FED - ADULTOS MAYORES,8,16,19,550,CHIHUAHUA
6141842300,2026-10-03 14:55:52.349606,MORENA,Cruz Pérez Cuellar,5660037,QUINTA MONTECARLO,31183,Mujer,MARIA ADELA RICO HERNANDEZ,28.749805809348,-106.142772411063,"C ARBOL DE LA HIGUERA 326, QUINTA MONTECARLO, 31183 Chihuahua,CHIH",,69,65+,,,,,,6,12,19,3344,CHIHUAHUA
6563106527,2026-10-03 14:56:07.083650,MORENA,Cruz Pérez Cuellar,5634646,ALDAMA,32160,Hombre,DAVID FLORES BUENDIA,31.733453335116,-106.501835205826,"C CROMO 1470, ALDAMA, 32160 Chihuahua,CHIH",,65,65+,MORENA,,,,,3,3,37,1953,JUAREZ
6145615102,2026-10-03 14:56:13.848150,MORENA,Cruz Pérez Cuellar,5413695,RIBERAS DEL SACRAMENTO,31184,Mujer,VIVIANA RIVERA HERNANDEZ,28.7793282533129,-106.168420434,"C RIO PARANA 2216, RIBERAS DEL SACRAMENTO, 31184 Chihuahua,CHIH",,44,41–59,,,,,,6,12,19,3281,CHIHUAHUA
8717209356,2026-10-03 14:56:20.300276,MORENA,Cruz Pérez Cuellar,5111400,MANUEL GOMEZ MORIN,32575,Mujer,XOCHITL TOVAR BAEZ,31.599656367488,-106.386514383548,"C CARLOS CHAVIRA BECERRA 814, MANUEL GOMEZ MORIN, 32575 Chihuahua,CHIH",,54,41–59,,,,,,1,9,37,3325,JUAREZ
6566186373,2026-10-03 14:56:18.179898,MORENA,Cruz Pérez Cuellar,5902733,KILOMETRO 5,32625,Mujer,MA DEL CONSUELO MARIN RENTERIA,31.701046086926,-106.44000232747,"C JULIO CAZARES 5925, KILOMETRO 5, 32625 Chihuahua,CHIH",,67,65+,,,,,,4,4,37,1729,JUAREZ
6562879981,2026-10-03 14:56:12.919084,MORENA,Cruz Pérez Cuellar,6212731,JARDINES DE SAN PABLO,32560,Hombre,JUAN GERARDO CERROS CHAVIRA,31.662899424564,-106.358384906872,"C CERRADA DE ATENAS 450, JARDINES DE SAN PABLO, 32560 Chihuahua,CHIH",,41,41–59,,SERVICIOS EDUCATIVOS DEL ESTADO DE CHIHUAUA,,,,4,5,37,3036,JUAREZ
6565306128,2026-10-03 14:56:23.819402,MORENA,Cruz Pérez Cuellar,5599445,MORELOS III,32573,Mujer,MARGARITA RODRIGUEZ ORTIZ,31.6439192629448,-106.385045839,"C FORTIN DE LA SOLEDAD 1506, MORELOS III, 32573 Chihuahua,CHIH",,75,65+,MORENA,,,,GOB FED - ADULTOS MAYORES,1,9,37,1930,JUAREZ
6145511785,2026-10-03 14:56:27.789141,MORENA,Cruz Pérez Cuellar,5169735,PEDRO DOMINGUEZ,31109,Mujer,ANA ALICIA VILLARREAL RASCON,28.73447756459,-106.11686757766,"C LILIA RIVERA 16513, PEDRO DOMINGUEZ, 31109 Chihuahua,CHIH",,61,60–64,,,,,,6,12,19,2880,CHIHUAHUA
6141962392,2026-10-03 14:56:23.028721,MORENA,Cruz Pérez Cuellar,5367758,QUINTAS DEL SOL,31214,Mujer,LAURA ELIZABETH RODRIGUEZ NAVARRO,28.624402605288,-106.113821317495,"C CALIFORNIA 5101, QUINTAS DEL SOL, 31214 Chihuahua,CHIH",,49,41–59,,,,,,6,18,19,839,CHIHUAHUA
6144184291,2026-10-03 14:56:32.500230,MORENA,Cruz Pérez Cuellar,6698892,GUADALUPE,31410,Hombre,LUIS RAUL TOVAR MELENDEZ,28.619978406833,-106.087950001739,"AV ZARCO 2819, GUADALUPE, 31410 Chihuahua,CHIH",,80,65+,,,,,GOB FED - ADULTOS MAYORES,8,18,19,430,CHIHUAHUA
6144108253,2026-10-03 14:56:30.756451,MORENA,Cruz Pérez Cuellar,6726167,BARRIO DE LONDRES,31040,Mujer,BLANCA LYDIA QUINTANA AGUILAR,28.639715629731,-106.05628125501,"C 37 3409, BARRIO DE LONDRES, 31040 Chihuahua,CHIH",,69,65+,MORENA,,,,,8,17,19,510,CHIHUAHUA
6142316421,2026-10-03 14:56:45.121134,MORENA,Cruz Pérez Cuellar,5732071,JARDINES DEL ORIENTE VII,31384,Hombre,SERGIO FRANCISCO CHAPA OLIVAS,28.664001567567,-105.97983673543,"C PARQUE LA TEJA 10406, JARDINES DEL ORIENTE VII, 31384 Chihuahua,CHIH",,68,65+,MORENA,,DESARROLLO INTEGRAL DE LA FAMILIA CHIHUAHUA,FORTALECIMIENTO FAMILIAR,,8,17,19,3253,CHIHUAHUA
6141960234,2026-10-03 14:56:43.521536,MORENA,Cruz Pérez Cuellar,6841827,SATELITE,31104,Mujer,MARIA AZUCENA ALANIS PRADO,28.669009250832,-106.089814580291,"C SATURNO 3719, SATELITE, 31104 Chihuahua,CHIH",,65,65+,,,,,,8,15,19,767,CHIHUAHUA
6568516001,2026-10-03 14:56:58.413927,MORENA,Cruz Pérez Cuellar,5247391,INDEPENDENCIA 2,32670,Mujer,CLAUDIA GARCIA BLANCO,31.679211064092,-106.467976256492,"C ETHEL CUERVO HUERTA 7619, INDEPENDENCIA 2, 32670 Chihuahua,CHIH",,52,41–59,,JUAREZ - CENTRALIZADA,SECRETARIA DE DESARROLLO HUMANO Y BIEN COMUN,JUNTOS SI PODEMOS,,3,6,37,2134,JUAREZ
6141761667,2026-10-03 14:57:01.555303,MORENA,Cruz Pérez Cuellar,6240287,MAGISTERIAL,31200,Hombre,HECTOR REZA LOZANO,28.66159373832,-106.087951495353,"PRIV DE SOSTENES ROCHA 2305, MAGISTERIAL, 31200 Chihuahua,CHIH",,41,41–59,,,SECRETARIA DE DESARROLLO HUMANO Y BIEN COMUN,FORTALECIMIENTO COMUNITARIO Y PARTICIPACION CIUDADANA,,8,15,19,784,CHIHUAHUA
6562989239,2026-10-03 14:57:04.591325,MORENA,Cruz Pérez Cuellar,6436608,LAS TORRES,32583,Mujer,YOLANDA ARCELIA LOPEZ RIOS,31.653525811459,-106.389930260549,"C TORRES DE SAN LUIS 6735, LAS TORRES, 32583 Chihuahua,CHIH",,64,60–64,,,,,,1,7,37,1919,JUAREZ
6143832300,2026-10-03 14:57:32.378694,MORENA,Cruz Pérez Cuellar,6698023,RODOLFO FIERRO,31137,Mujer,MYRNA FERNANDA SANTANEÑO SERVIN,28.7318071522342,-106.123963313,"C MANUEL BUENDIA 1907, RODOLFO FIERRO, 31137 Chihuahua,CHIH",,36,31–40,MORENA,,,,,6,12,19,2880,CHIHUAHUA
6142152609,2026-10-03 14:57:32.900668,MORENA,Cruz Pérez Cuellar,5031465,LOMAS DE MONTECARLO,31183,Hombre,OSCAR DELGADO HERNANDEZ,28.746533961481,-106.148493757459,"C ARBOL DE OLEA 614, LOMAS DE MONTECARLO, 31183 Chihuahua,CHIH",,59,41–59,,COLEGIO DE BACHILLERES DEL ESTADO DE CHIHUAHUA,SECRETARIA DE SALUD,MEDICHIHUAHUA,,6,12,19,3344,CHIHUAHUA
6563042723,2026-10-03 14:57:37.391500,MORENA,Cruz Pérez Cuellar,5864714,LA CUESTA,32650,Hombre,VICTOR MANUEL ULLOA ORDAZ,31.682623923608,-106.42744011545,"C BACA GALLARDO 6661, LA CUESTA, 32650 Chihuahua,CHIH",,68,65+,,,,,,4,5,37,1746,JUAREZ
6145326416,2026-10-03 14:57:31.878876,MORENA,Cruz Pérez Cuellar,7297218,OBRERA,31350,Hombre,JESUS ALAN SALAS BANDA,28.636902182415,-106.036418244941,"C 37 1/2 1605, OBRERA, 31350 Chihuahua,CHIH",,30,25–30,,,SECRETARIA DE DESARROLLO HUMANO Y BIEN COMUN,FORTALECIMIENTO COMUNITARIO Y PARTICIPACION CIUDADANA,,8,15,19,448,CHIHUAHUA
6562807749,2026-10-03 14:57:32.131732,MORENA,Cruz Pérez Cuellar,5939426,MORELOS III,32573,Mujer,LETICIA MARGARITA MONTENEGRO AVILA,31.6424300839423,-106.385198285,"C CUEVA ENCANTADA 1049, MORELOS III, 32573 Chihuahua,CHIH",,59,41–59,,,,,,1,9,37,1930,JUAREZ
6565962866,2026-10-03 14:57:48.200227,MORENA,Cruz Pérez Cuellar,5608990,FRANCISCO SARABIA,32150,Mujer,CRISTAL SANTELLANA AGUERO,31.745411614353,-106.531717484427,"C ENSENADA 1412, FRANCISCO SARABIA, 32150 Chihuahua,CHIH",,43,41–59,,,,,,3,3,37,1546,JUAREZ
6566168644,2026-10-03 14:57:49.627161,MORENA,Cruz Pérez Cuellar,6161390,FOVISSSTE CHAMIZAL,32310,Hombre,JULIO REFUGIO GETSEMANI FERNANDEZ RANGEL,31.749685519258,-106.445857252202,"C RIO RODANO 4431, FOVISSSTE CHAMIZAL, 32310 Chihuahua,CHIH",,42,41–59,,,,,,4,4,37,1950,JUAREZ
6562986267,2026-10-03 14:58:01.618238,MORENA,Cruz Pérez Cuellar,5882963,AZTECA,32280,Mujer,HILDA LETICIA MEDRANO ORONA,31.699421383301,-106.462835299998,"C PIMAS 6871, AZTECA, 32280 Chihuahua,CHIH",,57,41–59,,,SECRETARIA DE DESARROLLO HUMANO Y BIEN COMUN,JUNTOS SI PODEMOS,,4,4,37,2082,JUAREZ
6566155283,2026-10-03 14:58:02.449705,MORENA,Cruz Pérez Cuellar,6393933,PARTIDO ROMERO,32030,Hombre,SERGIO REYES SAUCEDO,31.7365953460889,-106.466918623,"C ARGENTINA 267, PARTIDO ROMERO, 32030 Chihuahua,CHIH",,39,31–40,,,,,,4,4,37,1614,JUAREZ
6562764473,2026-10-03 14:58:03.777561,MORENA,Cruz Pérez Cuellar,6751349,COND SANTA ROSALIA,32380,Hombre,ALAN MISAEL TERRAZAS LOPEZ,31.660985962,-106.417559603,"C SANTA ROSALIA 1964, COND SANTA ROSALIA, 32380 Chihuahua,CHIH",,35,31–40,,,SECRETARIA DE SALUD,MEDICHIHUAHUA,,4,4,37,1684,JUAREZ
6141847236,2026-10-03 14:58:01.145427,MORENA,Cruz Pérez Cuellar,5607872,QUINTA MONTECARLO,31170,Hombre,UBALDO IVAN RAMOS MATA,28.752325660899,-106.143590065718,"C ARBOL DEL MANNA 339, QUINTA MONTECARLO, 31170 Chihuahua,CHIH",,49,41–59,,,,,,6,12,19,3344,CHIHUAHUA
6562513169,2026-10-03 14:58:16.868887,MORENA,Cruz Pérez Cuellar,6494698,JARDINES DEL BOSQUE,32537,Hombre,JOSE ANTONIO HOYOS RUEDA,31.715839155295,-106.416002055179,"PRIV SAN JERONIMO 1509, JARDINES DEL BOSQUE, 32537 Chihuahua,CHIH",,38,31–40,,,,,,4,5,37,1669,JUAREZ
6141384356,2026-10-03 14:58:19.905844,MORENA,Cruz Pérez Cuellar,5031441,PUERTA RIVERA REAL,31160,Hombre,ERICK KARLO SANCHEZ PATIÑO,28.72267060589,-106.165138374772,,,52,41–59,,SERVICIOS EDUCATIVOS DEL ESTADO DE CHIHUAHUA,,,,6,12,19,3179,CHIHUAHUA
6142351400,2026-10-03 14:58:21.933315,MORENA,Cruz Pérez Cuellar,5564361,LOS PINOS,31416,Hombre,ROBERTO HERNANDEZ HERNANDEZ,28.5997503840151,-106.100289366,"C 90 1216, LOS PINOS, 31416 Chihuahua,CHIH",,77,65+,MORENA,,DESARROLLO INTEGRAL DE LA FAMILIA CHIHUAHUA,ALIMENTACION Y DESARROLLO AUTOSUSTENTABLE DE LAS FAMILIAS EN LOS MUNICIPIOS DE LA REGION SERRANA,GOB FED - ADULTOS MAYORES,8,18,19,482,CHIHUAHUA
6142800249,2026-10-03 14:58:24.355826,MORENA,Cruz Pérez Cuellar,6121408,HACIENDAS DEL VALLE,31217,Hombre,CESAR MARTINEZ ACOSTA,28.63849046756,-106.11980661695,"C HACIENDA LUZ 1825, HACIENDAS DEL VALLE, 31217 Chihuahua,CHIH",,62,60–64,,,,,,6,18,19,805,CHIHUAHUA
6141374725,2026-10-03 14:58:34.340596,MORENA,Cruz Pérez Cuellar,6063434,BARRIO DE LONDRES,31060,Hombre,JUAN ELEAZAR HERNANDEZ BAEZ,28.63969792556,-106.05625404466,"C 37 3415, BARRIO DE LONDRES, 31060 Chihuahua,CHIH",,51,41–59,,,,,,8,17,19,510,CHIHUAHUA
6566122716,2026-10-03 14:58:38.768969,MORENA,Cruz Pérez Cuellar,7502421,ANAHUAC,32240,Mujer,ESTELA PERALES MARMOLEJO,31.717589493709,-106.47760446485,"C SANCHEZ 2917, ANAHUAC, 32240 Chihuahua,CHIH",,88,65+,MORENA,,,,,4,4,37,1991,JUAREZ
6142032225,2026-10-03 14:58:50.011731,MORENA,Cruz Pérez Cuellar,5639222,LOMAS ALTAS V ETAPA,31207,Hombre,FERNANDO PORRAS LICON,28.61572746123,-106.111032406851,"C LOMAS DE MOCTEZUMA 2529, LOMAS ALTAS V ETAPA, 31207 Chihuahua,CHIH",,65,65+,MORENA,UNIVERSIDAD AUTONOMA DE CHIHUAHUA (3ER TRIMESTRE),,,,6,18,19,846,CHIHUAHUA
6562697853,2026-10-03 14:58:55.066229,MORENA,Cruz Pérez Cuellar,5733723,LAS ESTANCIAS,32695,Mujer,DORA LUZ RUIZ ANGUIANO,31.683096495309,-106.36192288546,"C ESTANCIA DE LA ASUNCION SUR 1020, LAS ESTANCIAS, 32695 Chihuahua,CHIH",,57,41–59,,,,,,4,5,37,1706,JUAREZ
6143942035,2026-10-03 14:58:56.858654,MORENA,Cruz Pérez Cuellar,5168305,COLINAS DEL SOL,31110,Hombre,JOSE LAURENCIO RODRIGUEZ RAMIREZ,28.65838380468,-106.123970377317,"C PAPAGAYO 4304, COLINAS DEL SOL, 31110 Chihuahua,CHIH",,64,60–64,,,,,,6,18,19,756,CHIHUAHUA
6141985249,2026-10-03 14:58:55.914341,MORENA,Cruz Pérez Cuellar,6628792,LOMAS UNIVERSIDAD,31123,Hombre,OMAR ARMANDO RICO JAUREGUI,28.682696897854,-106.140515080719,"C BAHIA DE SAN QUINTIN 8721, LOMAS UNIVERSIDAD, 31123 Chihuahua,CHIH",,37,31–40,MORENA,DIF JUAREZ,,,,6,18,19,641,CHIHUAHUA
6144205023,2026-10-03 14:59:12.394800,MORENA,Cruz Pérez Cuellar,4985346,UNIDAD LAZARO CARDENAS,31063,Mujer,GRACIELA ROJAS ARELLANO,28.61006765182,-106.036770514085,"C MARGARITA FLORES 8414, UNIDAD LAZARO CARDENAS, 31063 Chihuahua,CHIH",,73,65+,MORENA,,,,GOB FED - ADULTOS MAYORES,8,16,19,603,CHIHUAHUA
4461422966,2026-10-03 14:59:13.286013,MORENA,Cruz Pérez Cuellar,6760551,LINSS,31020,Mujer,SILVIA GEORGINA ALMANZA RUIZ,28.6204695010495,-106.083212594,"C SALVADOR DIAZ MIRON 1807, LINSS, 31020 Chihuahua,CHIH",,35,31–40,,,,,,8,16,19,466,CHIHUAHUA
6141916382,2026-10-03 14:59:22.713536,MORENA,Cruz Pérez Cuellar,6390606,UNIDAD PRESIDENTES,31210,Hombre,FACUNDO JOSE MARIA PIEDRA JURI,28.646832955371,-106.103045878049,"C MIGUEL ALEMAN 4503, UNIDAD PRESIDENTES, 31210 Chihuahua,CHIH",,46,41–59,MORENA,,,,,6,15,19,807,CHIHUAHUA
6141842900,2026-10-03 14:59:26.347941,MORENA,Cruz Pérez Cuellar,5481161,SAN FELIPE,31203,Hombre,FERNANDO ALMEIDA NAVARRO,28.650917079603,-106.087872621644,"C ORTIZ DE CAMPOS 2519, SAN FELIPE, 31203 Chihuahua,CHIH",,60,60–64,,PENSIONES CIVILES DEL ESTADO,,,,6,15,19,795,CHIHUAHUA
6565992802,2026-10-03 14:59:27.076867,MORENA,Cruz Pérez Cuellar,6257615,CORDOVA AMERICAS,32310,Mujer,LOURDES GONZALEZ PEREZ,31.7523099111135,-106.446860415,"C RIO YAQUI 4075, CORDOVA AMERICAS, 32310 Chihuahua,CHIH",,80,65+,,,,,GOB FED - ADULTOS MAYORES,4,4,37,1567,JUAREZ
6144099828,2026-10-03 14:59:40.221921,MORENA,Cruz Pérez Cuellar,5191485,INDUSTRIAL,31304,Mujer,LIZETTE DRUSILA FLORES DELGADO,28.659327313611,-106.070935812812,"C CARLOS PEREYRA 1312, INDUSTRIAL, 31304 Chihuahua,CHIH",,42,41–59,,,,,,8,15,19,792,CHIHUAHUA
6563385765,2026-10-03 14:59:34.943943,MORENA,Cruz Pérez Cuellar,5129739,RDCIAL GARDENO,32662,Hombre,LORENZO ANTONIO PARRA VALENZUELA,31.669011441306,-106.388117748574,"C VIA PASERO 9868, RDCIAL GARDENO, 32662 Chihuahua,CHIH",,42,41–59,,SERVICIOS DE SALUD DE CHIHUAHUA,,,,4,5,37,1754,JUAREZ
6141401684,2026-10-03 14:59:43.051047,MORENA,Cruz Pérez Cuellar,5732022,LABOR DE TERRAZAS,31220,Hombre,HUGO RIVERA GARCIA,28.637387891597,-106.075125758571,"LOC LABOR DE TERRAZAS S/N, LABOR DE TERRAZAS, 31220 Chihuahua,CHIH",,58,41–59,,,,,,6,18,19,3366,CHIHUAHUA
6141846571,2026-10-03 14:59:45.230633,MORENA,Cruz Pérez Cuellar,5133019,INFONAVIT NACIONAL,31120,Hombre,DANIEL IVAN ADAME OLIVAS,28.6773399847,-106.114108821949,"C QUETZALCOATL 206, INFONAVIT NACIONAL, 31120 Chihuahua,CHIH",,43,41–59,,,,,,6,15,19,708,CHIHUAHUA
6142868430,2026-10-03 14:59:57.626736,MORENA,Cruz Pérez Cuellar,6955405,ALAMEDAS,31136,Hombre,JAVIER GONZALEZ ARMENTA,28.722235969604,-106.122958933061,"C WALTER SCOTT 513, ALAMEDAS, 31136 Chihuahua,CHIH",,33,31–40,,,,,,6,12,19,2902,CHIHUAHUA
6141269227,2026-10-03 15:00:01.713746,MORENA,Cruz Pérez Cuellar,4879585,ALAMEDAS IV ETAPA,31136,Mujer,MARITZA CONCEPCION GRIJALVA ALVAREZ,28.722980534063,-106.116365308928,"C LORD BYRON 1329, ALAMEDAS IV ETAPA, 31136 Chihuahua,CHIH",,63,60–64,,,,,,6,12,19,2899,CHIHUAHUA
6144192398,2026-10-03 15:00:14.892273,MORENA,Cruz Pérez Cuellar,5902936,CENTRO,31000,Hombre,RICARDO SOSA ROBLES,28.634848052548,-106.082783618461,"C 14 304, CENTRO, 31000 Chihuahua,CHIH",,70,65+,MORENA,,SECRETARIA DE DESARROLLO HUMANO Y BIEN COMUN,APOYO A PERSONAS MAYORES,GOB FED - ADULTOS MAYORES,8,15,19,434,CHIHUAHUA
6141421775,2026-10-03 15:00:11.626385,MORENA,Cruz Pérez Cuellar,6318503,SAN FRANCISCO,31125,Hombre,IVAN MIGUEL CHAVERO JURADO,28.663152473269,-106.139172320013,"C PASO DEL NORTE 3850, SAN FRANCISCO, 31125 Chihuahua,CHIH",,52,41–59,,,,,,6,18,19,653,CHIHUAHUA
6143947313,2026-10-03 15:00:30.448153,MORENA,Cruz Pérez Cuellar,5731375,COLINAS DEL VALLE,31217,Mujer,ELSA YOLANDA QUEZADA MARQUEZ,28.6459332170918,-106.123329428,"C MONTE ARARAT 2004, COLINAS DEL VALLE, 31217 Chihuahua,CHIH",,66,65+,,,SECRETARIA DE DESARROLLO HUMANO Y BIEN COMUN,APOYO A PERSONAS MAYORES,,6,18,19,805,CHIHUAHUA
6145126412,2026-10-03 15:00:20.163321,MORENA,Cruz Pérez Cuellar,5846094,PASEO DE LOS LEONES,31313,Mujer,BEATRIZ ADRIANA BACA REYES,28.6555786,-106.08790499,"C MOTTOLA 10742, PASEO DE LOS LEONES, 31313 Chihuahua,CHIH",,58,41–59,MORENA,,,,,8,17,19,3225,CHIHUAHUA
6143550033,2026-10-03 15:00:21.432318,MORENA,Cruz Pérez Cuellar,5609433,CERRO DE LA CRUZ,31460,Mujer,MABBY AMPARO BUSTILLOS LEYVA,28.60286113917,-106.095323946811,"C IGANCIO DE LA LLAVE 8214, CERRO DE LA CRUZ, 31460 Chihuahua,CHIH",,57,41–59,,,,,,8,16,19,479,CHIHUAHUA
6144817199,2026-10-03 15:00:30.332095,MORENA,Cruz Pérez Cuellar,6370792,SERGIO DE LA TORRE,31136,Mujer,AMERICA YOLANDA LEON COBOS,28.729408322242,-106.106819410858,"C CARLOS GREENE 15917, SERGIO DE LA TORRE, 31136 Chihuahua,CHIH",,39,31–40,,SECRETARIA DE HACIENDA,,,,6,17,19,3288,CHIHUAHUA
6563434498,2026-10-03 15:00:46.741183,MORENA,Cruz Pérez Cuellar,6844603,RIVERAS DEL BRAVO,32594,Hombre,JOSE ANGEL INFANTE RIVAS,31.601778623463,-106.305922133059,"C RIVERA DEL TEPEYAC 2609, RIVERAS DEL BRAVO, 32594 Chihuahua,CHIH",,53,41–59,,,,,,2,8,37,3124,JUAREZ
6144240980,2026-10-03 15:00:44.491954,MORENA,Cruz Pérez Cuellar,6133055,NOMBRE DE DIOS,31150,Mujer,JULIA SALCIDO SALINAS,28.618462145,-106.105066286,"C ABRAHAM GONZALEZ 203, NOMBRE DE DIOS, 31150 Chihuahua,CHIH",,87,65+,,,,,,8,15,19,669,CHIHUAHUA
6142240460,2026-10-03 15:00:40.772450,MORENA,Cruz Pérez Cuellar,5687475,PASEOS DEL CAMINO REAL IV,31384,Mujer,LOURDES LUGO CHACON,28.672327226341,-105.981990576713,"C PASEOS DEL ALTER REAL 9825, PASEOS DEL CAMINO REAL IV, 31384 Chihuahua,CHIH",,45,41–59,,SERVICIOS DE SALUD DE CHIHUAHUA,SECRETARIA DE SALUD,MEDICHIHUAHUA,,8,17,19,3237,CHIHUAHUA
9616124822,2026-10-03 15:00:49.938651,MORENA,Cruz Pérez Cuellar,5102055,AMPL BARRIO LERDO,31520,Mujer,SONIA GONZALEZ RIOS,31.745254341036,-106.480308431555,"AV MOCTEZUMA 4685, AMPL BARRIO LERDO, 31520 Chihuahua,CHIH",,57,41–59,,,,,,7,14,17,3356,CUAUHTEMOC
9999600925,2026-10-03 15:00:45.158770,MORENA,Cruz Pérez Cuellar,6883991,UNIVERSIDAD,32696,Mujer,MARIA CRICELDA GONZALEZ MENDEZ,31.64874452243,-106.401836251096,"C MIGUEL DE LA MADRID 7106, UNIVERSIDAD, 32696 Chihuahua,CHIH",,68,65+,,,,,,1,7,37,1826,JUAREZ
6564194029,2026-10-03 15:00:50.020000,MORENA,Cruz Pérez Cuellar,5390436,CD SATELITE,32543,Hombre,JOSE LUIS OCON CAMPOS,31.681145942621,-106.377410295595,"C NEPTUNO 1812, CD SATELITE, 32543 Chihuahua,CHIH",,55,41–59,,,,,,4,5,37,1707,JUAREZ
6141831262,2026-10-03 15:00:48.651821,MORENA,Cruz Pérez Cuellar,5526157,SAUCITO,31125,Hombre,CARLOS MARTIN ROJERO TORRES,28.666639350665,-106.126126873366,"C ANGEL DEL CAMPO 6115, SAUCITO, 31125 Chihuahua,CHIH",,64,60–64,MORENA,,,,,6,15,19,726,CHIHUAHUA
6563115118,2026-10-03 15:01:00.982985,MORENA,Cruz Pérez Cuellar,5298658,VALLE DEL SOL,32546,Mujer,MARIA GUADALUPE SANCHEZ CUEVAS,31.6968549310272,-106.378154043,"C VALLE DE BATOPILAS 11436, VALLE DEL SOL, 32546 Chihuahua,CHIH",,65,65+,,,,,,4,5,37,3310,JUAREZ
6562988582,2026-10-03 15:00:54.220149,MORENA,Cruz Pérez Cuellar,5600440,PASEOS DEL PINAR,32420,Mujer,ANA MARIA CALDERON LEMUS,31.353353333,-106.515816944,"PRIV DE LAS PALMAS 705, PASEOS DEL PINAR, 32420 Chihuahua,CHIH",,68,65+,,,,,,4,4,37,1574,JUAREZ
6144580833,2026-10-03 15:01:09.271596,MORENA,Cruz Pérez Cuellar,4975261,PANORAMICO,31107,Mujer,SOFIA IRENE TENA SALAZAR,28.6747994041396,-106.115544632,"C JOSE MARIA IGLESIAS 6309, PANORAMICO, 31107 Chihuahua,CHIH",,49,41–59,,,,,,6,15,19,723,CHIHUAHUA
6144587699,2026-10-03 15:01:11.862651,MORENA,Cruz Pérez Cuellar,5618966,QUINTAS CAROLINAS,31146,Mujer,MARIA JESUS SILVAS TENA,28.734478479229,-106.09808246887,"C MONTE MIRAVALLE 12311, QUINTAS CAROLINAS, 31146 Chihuahua,CHIH",,45,41–59,,,,,,6,17,19,612,CHIHUAHUA
6141963536,2026-10-03 15:01:08.038406,MORENA,Cruz Pérez Cuellar,5921412,MISION UNIVERSIDAD I,31124,Hombre,ROGELIO ESCOBAR ORDAZ,28.707510432558,-106.15131340276,"C COLEGIO SAN GREGORIO 14720, MISION UNIVERSIDAD I, 31124 Chihuahua,CHIH",,77,65+,MORENA,,,,GOB FED - ADULTOS MAYORES,6,12,19,3200,CHIHUAHUA
6566187143,2026-10-03 15:01:30.904761,MORENA,Cruz Pérez Cuellar,4882273,PLACITAS I,32538,Mujer,GUADALUPE HOLGUIN CARRILLO,31.705813464572,-106.410451254999,"C MONTEBELLO 2237, PLACITAS I, 32538 Chihuahua,CHIH",,76,65+,,,DESARROLLO INTEGRAL DE LA FAMILIA CHIHUAHUA,ALIMENTACION Y DESARROLLO AUTOSUSTENTABLE DE LAS FAMILIAS EN LOS MUNICIPIOS DE LA REGION SERRANA,GOB FED - ADULTOS MAYORES,4,5,37,1693,JUAREZ
6141487494,2026-10-03 15:01:41.689844,MORENA,Cruz Pérez Cuellar,6316124,MIRADOR,31205,Mujer,MARIA CONCEPCION MORALES CHAVEZ,28.632538252222,-106.08761570607,"C NIÑOS HEROES 2013, MIRADOR, 31205 Chihuahua,CHIH",,39,31–40,,,,,,6,18,19,836,CHIHUAHUA
6563115622,2026-10-03 15:01:38.702988,MORENA,Cruz Pérez Cuellar,5274481,PARAJES DEL SUR,32575,Mujer,MANUELA CEPEDA RODRIGUEZ,31.5857008,-106.3801031,"C TIERRA DE FUEGO 1130, PARAJES DEL SUR, 32575 Chihuahua,CHIH",,69,65+,,,,,,1,9,37,3325,JUAREZ
6141576499,2026-10-03 15:01:40.027449,MORENA,Cruz Pérez Cuellar,7157564,VILLA JUAREZ,31064,Mujer,DANIELA PEREGRINO HERNANDEZ,28.6555786,-106.08790499,"C 14A 905 A, VILLA JUAREZ, 31064 Chihuahua,CHIH",,31,31–40,,,,,,8,16,19,864,CHIHUAHUA
6566105102,2026-10-03 15:01:52.343966,MORENA,Cruz Pérez Cuellar,6197820,ROMA COMPLEJO INDUSTRIAL,32671,Hombre,HECTOR MANUEL BUSTILLOS BAUTISTA,31.636026402681,-106.407488526394,"C PORTAL DE TARQUINO 8416, ROMA COMPLEJO INDUSTRIAL, 32671 Chihuahua,CHIH",,55,41–59,,,,,,1,7,37,2711,JUAREZ
6563059488,2026-10-03 15:02:02.940788,MORENA,Cruz Pérez Cuellar,6540549,PARAJE DE SAN ISIDRO,32575,Mujer,ROSA NELLY GOMEZ MOLINA,31.587802596198,-106.346194914703,"C VOLCAN VERDE 2770, PARAJE DE SAN ISIDRO, 32575 Chihuahua,CHIH",,56,41–59,,,,,,2,10,37,2976,JUAREZ
6564868314,2026-10-03 15:01:57.727923,MORENA,Cruz Pérez Cuellar,6377227,SAN ISIDRO,32720,Mujer,LAURA LOZANO RODRIGUEZ,17.678678889,-93.3295925,"C MIGUEL HIDALGO S/N, SAN ISIDRO, 32720 Chihuahua,CHIH",,41,41–59,MORENA,,SECRETARIA DE DESARROLLO HUMANO Y BIEN COMUN,JUNTOS SI PODEMOS,GOB FED - BECAS BASICO,2,10,37,1942,JUAREZ
6144067151,2026-10-03 15:02:12.919592,MORENA,Cruz Pérez Cuellar,6335866,LOMAS DEL SANTUARIO,31206,Mujer,MA DEL REFUGIO PUERTAS SALVADOR,28.633399718072,-106.09550909235,"C PRESA FALCON 2502, LOMAS DEL SANTUARIO, 31206 Chihuahua,CHIH",,72,65+,,,,,GOB FED - ADULTOS MAYORES,6,18,19,837,CHIHUAHUA
6142193148,2026-10-03 15:02:22.377641,MORENA,Cruz Pérez Cuellar,6141869,MELCHOR OCAMPO,31030,Hombre,MIGUEL ANGEL PEÑA RIVAS,28.640844127462,-106.029735070667,"C LEY DE LERDO 6820, MELCHOR OCAMPO, 31030 Chihuahua,CHIH",,69,65+,MORENA,,,,,8,17,19,570,CHIHUAHUA
6141844669,2026-10-03 15:02:18.824616,MORENA,Cruz Pérez Cuellar,5935366,RDCIAL VERANDAH,31207,Hombre,OTTO ALEJANDRO CAMPBELL CARDONA,28.605840532562,-106.125583794101,"C PEDRO ZULOAGA 11400, RDCIAL VERANDAH, 31207 Chihuahua,CHIH",,52,41–59,,,,,,6,18,19,847,CHIHUAHUA
6699947766,2026-10-03 15:02:20.098855,MORENA,Cruz Pérez Cuellar,5322224,LOMA LINDA,33820,Hombre,JESUS CENON GARDEA RIOS,26.9394769842496,-105.680751918,"C SUECIA 47, LOMA LINDA, 33820 Chihuahua,CHIH",,58,41–59,,,,,,9,21,32,1279,HIDALGO DEL PARRAL
6566159968,2026-10-03 15:02:23.169378,MORENA,Cruz Pérez Cuellar,5395272,ARROYO COLORADO,32140,Mujer,MANUELA RUIZ RODRIGUEZ,31.7465335421044,-106.502668246,"C CADMIO 570, ARROYO COLORADO, 32140 Chihuahua,CHIH",,65,65+,,,,,,3,3,37,1486,JUAREZ
8713623558,2026-10-03 15:02:25.371760,MORENA,Cruz Pérez Cuellar,6427218,MARMOL II,31075,Hombre,ABELARDO RODRIGUEZ FLORES,28.60464763297,-106.037189264799,"C GERONIMO AGUILAR 8203, MARMOL II, 31075 Chihuahua,CHIH",,37,31–40,,,SECRETARIA DE DESARROLLO HUMANO Y BIEN COMUN,FORTALECIMIENTO COMUNITARIO Y PARTICIPACION CIUDADANA,,8,16,19,600,CHIHUAHUA
6141765775,2026-10-03 15:02:23.783282,MORENA,Cruz Pérez Cuellar,6020361,PROVINCIA DE SANTA CLARA,31160,Hombre,CESAR ROGELIO ESCOBAR VEGA,28.715700430359,-106.16210403551,"CTO PROVINCIA DE ALTAGRACIA 2264, PROVINCIA DE SANTA CLARA, 31160 Chihuahua,CHIH",,48,41–59,,SERVICIOS EDUCATIVOS DEL ESTADO DE CHIHUAUA,,,,6,12,19,3179,CHIHUAHUA
6141764118,2026-10-03 15:02:29.216658,MORENA,Cruz Pérez Cuellar,4984935,ANGEL TRIAS,31203,Hombre,VICTOR HUMBERTO VILLARREAL NORIEGA,28.612072343757,-106.107227316176,"LATERAL PERIF ORTIZ MENA 3116, ANGEL TRIAS, 31203 Chihuahua,CHIH",,48,41–59,,,,,,6,15,19,780,CHIHUAHUA
6568164323,2026-10-03 15:02:40.648972,MORENA,Cruz Pérez Cuellar,6028181,EL FORTIN,32598,Mujer,ROCIO CAROLINA MAESE ESPARZA,31.6355385169317,-106.369658461,"C MARIA GAYTAN 428, EL FORTIN, 32598 Chihuahua,CHIH",,58,41–59,,JUAREZ - CENTRALIZADA,,,,1,9,37,1885,JUAREZ
8183090882,2026-10-03 15:02:52.425582,MORENA,Cruz Pérez Cuellar,5718626,HORIZONTES DEL SUR,32580,Hombre,GILBERTO SALINAS RODRIGUEZ,31.612222045165,-106.374912505543,"C ARQ FEDERICO MARISCAL SUR 235, HORIZONTES DEL SUR, 32580 Chihuahua,CHIH",,62,60–64,,,,,,1,9,37,2778,JUAREZ
6565959841,2026-10-03 15:03:04.081541,MORENA,Cruz Pérez Cuellar,6190472,PASEOS DEL CAMINO REAL,31384,Mujer,GABRIELA VASQUEZ DIAZ,28.671375335507,-105.98484503384,"AV PASEOS DEL PASTIZAL 10921, PASEOS DEL CAMINO REAL, 31384 Chihuahua,CHIH",,42,41–59,,,SECRETARIA DE DESARROLLO HUMANO Y BIEN COMUN,JUNTOS SI PODEMOS,,8,17,19,3237,CHIHUAHUA
6144931336,2026-10-03 15:03:05.572862,MORENA,Cruz Pérez Cuellar,5523036,JOSE VASCONCELOS,31109,Hombre,ANTONIO GUZMAN MADERO,28.734092380197,-106.143160465947,"C EDUCACION ESPECIAL 218, JOSE VASCONCELOS, 31109 Chihuahua,CHIH",,74,65+,MORENA,,,,GOB FED - ADULTOS MAYORES,6,12,19,3344,CHIHUAHUA
6142222733,2026-10-03 15:03:10.880110,MORENA,Cruz Pérez Cuellar,6108313,RINCONADA LOS NOGALES,31390,Mujer,LIDIA GUADALUPE FRIAS RAMOS,28.625847310119,-106.0006522974,"C SIERRA LA VIRGEN MORENA 11234, RINCONADA LOS NOGALES, 31390 Chihuahua,CHIH",,42,41–59,,,,,,8,17,19,855,CHIHUAHUA
6566121242,2026-10-03 15:03:08.873794,MORENA,Cruz Pérez Cuellar,6179797,BARRIO ALTO,32160,Hombre,MARCO IVAN TRUJILLO GOMEZ,17.727484167,-93.353077778,"C EMILIANO ZAPATA 709, BARRIO ALTO, 32160 Chihuahua,CHIH",,41,41–59,,JUAREZ - CENTRALIZADA,,,,3,3,37,1958,JUAREZ
6563206687,2026-10-03 15:03:13.929971,MORENA,Cruz Pérez Cuellar,6166337,1 DE SEPTIEMBRE,32210,Mujer,MARIA DE LOURDES GOMEZ RENTERIA,31.661534300848,-106.479619893469,"C ALEJANDRO PARRA 421, 1 DE SEPTIEMBRE, 32210 Chihuahua,CHIH",,42,41–59,,,,,,3,2,37,2191,JUAREZ
6563384228,2026-10-03 15:03:18.664562,MORENA,Cruz Pérez Cuellar,5060727,CIELO VISTA,32425,Hombre,SILVERIO CASTILLO GARAY,31.665589468997,-106.390467116006,"C PIMPINELA 5417, CIELO VISTA, 32425 Chihuahua,CHIH",,66,65+,,SERVICIOS EDUCATIVOS DEL ESTADO DE CHIHUAUA,,,,4,5,37,1794,JUAREZ
6563499781,2026-10-03 15:03:35.707137,MORENA,Cruz Pérez Cuellar,5243904,COND VENEROS,32668,Hombre,JESUS RUBEN DARIO DELGADILLO ORTEGA,31.687149780905,-106.40545919339,"C CERRADA RAMON RIVERA LARA 8972, COND VENEROS, 32668 Chihuahua,CHIH",,51,41–59,,,,,,4,5,37,1734,JUAREZ
6144151094,2026-10-03 15:03:45.668739,MORENA,Cruz Pérez Cuellar,5936011,SAN RAFAEL,31060,Hombre,ALFREDO SIGALA MARTINEZ,28.637629593078,-106.050573553,"C 39 4414, SAN RAFAEL, 31060 Chihuahua,CHIH",,67,65+,,,,,,8,17,19,561,CHIHUAHUA
6141832155,2026-10-03 15:04:24.451036,MORENA,Cruz Pérez Cuellar,5544299,ROSARIO,31030,Hombre,RAUL JESUS ALDERETE RAMIREZ,28.6106793040333,-106.078364897,"PRIV CARLOS FUERO 5407, ROSARIO, 31030 Chihuahua,CHIH",,49,41–59,,SECRETARIA GENERAL DE GOBIERNO,,,,8,16,19,530,CHIHUAHUA
6144355309,2026-10-03 15:04:23.950103,MORENA,Cruz Pérez Cuellar,5544624,VILLA JUAREZ,31064,Hombre,GUILLERMO BACA AREVALO,28.602509493289,-106.008655170914,"C 5 DE MAYO 1503, VILLA JUAREZ, 31064 Chihuahua,CHIH",,75,65+,,,,,GOB FED - ADULTOS MAYORES,8,16,19,3298,CHIHUAHUA
6672476241,2026-10-03 15:04:26.254980,MORENA,Cruz Pérez Cuellar,5518375,HEROES DE LA REVOLUCION,32696,Mujer,MARIA FRANCISCA AGUILAR GARCIA,31.6454576129471,-106.410428714,"C PITAHAYA 7119, HEROES DE LA REVOLUCION, 32696 Chihuahua,CHIH",,52,41–59,,,,,,1,7,37,1883,JUAREZ
6144170672,2026-10-03 15:04:33.018153,MORENA,Cruz Pérez Cuellar,7449839,VILLA JUAREZ,31064,Mujer,DINA MARGARITA LUEVANO FORD,28.612539069081,-106.021920538518,"C 10A 1704, VILLA JUAREZ, 31064 Chihuahua,CHIH",,64,60–64,,,SECRETARIA DE SALUD,MEDICHIHUAHUA,,8,16,19,865,CHIHUAHUA
6142445212,2026-10-03 15:04:37.549924,MORENA,Cruz Pérez Cuellar,5399362,SIGLO XXI,31109,Hombre,RODOLFO RODRIGUEZ VARGAS,28.727122283879,-106.112883214891,"C EMILE ZOLA 14325, SIGLO XXI, 31109 Chihuahua,CHIH",,74,65+,,SERVICIOS DE SALUD DE CHIHUAHUA,,,,6,12,19,2897,CHIHUAHUA
6563047596,2026-10-03 15:04:46.276152,MORENA,Cruz Pérez Cuellar,5853121,CAMPESTRE VIRREYES,32694,Hombre,JOAQUIN VAZQUEZ RIVERA,31.645303333416,-106.426538502622,"C GASPAR DE SANDOVAL 7206, CAMPESTRE VIRREYES, 32694 Chihuahua,CHIH",,45,41–59,,,,,,1,7,37,1909,JUAREZ
6142358250,2026-10-03 14:44:13.742663,MORENA,Marco Bonilla,5501436,SIERRA AZUL,31397,Hombre,JESUS CONTRERAS ACOSTA,28.643746251374,-105.991604025529,"C SIERRA DE LOS ARADOS 11900, SIERRA AZUL, 31397 Chihuahua,CHIH",,71,65+,,,,,GOB FED - ADULTOS MAYORES,8,17,19,909,CHIHUAHUA
6141614405,2026-10-03 14:46:17.945340,MORENA,Marco Bonilla,6036037,JUNTA DE LOS RIOS,31300,Mujer,GABRIELA EUGENIA FEMATT FLORES,28.611377391,-106.060722519,"C RIO SAN JUAN 2133, JUNTA DE LOS RIOS, 31300 Chihuahua,CHIH",,69,65+,,,SECRETARIA DE DESARROLLO HUMANO Y BIEN COMUN,FORTALECIMIENTO COMUNITARIO Y PARTICIPACION CIUDADANA,,8,15,19,787,CHIHUAHUA
6565788395,2026-10-03 14:46:41.844150,MORENA,Marco Bonilla,5130008,TORRES DEL PRI,32573,Mujer,MARGARITA GARCIA JUAREZ,31.638460178691,-106.387009334931,"C SEPTIMA 1418, TORRES DEL PRI, 32573 Chihuahua,CHIH",,48,41–59,,,SECRETARIA DE DESARROLLO HUMANO Y BIEN COMUN,JUNTOS SI PODEMOS,,1,9,37,1932,JUAREZ
6144205284,2026-10-03 14:47:31.640120,MORENA,Marco Bonilla,5130639,RIGOBERTO QUIROZ,31064,Mujer,ROSA FABIOLA CARAVEO GONZALEZ,28.597099664127,-106.013800990051,"C ANGEL POSADA 2705, RIGOBERTO QUIROZ, 31064 Chihuahua,CHIH",,49,41–59,,,,,,8,16,19,3304,CHIHUAHUA
6142355568,2026-10-03 14:47:34.688502,MORENA,Marco Bonilla,6117158,SANTA ROSA,31050,Hombre,CARLOS EVER HARMON MENDOZA,28.624161918938,-106.051849716367,"C 7A 5608, SANTA ROSA, 31050 Chihuahua,CHIH",,51,41–59,,SERVICIOS EDUCATIVOS DEL ESTADO DE CHIHUAUA,,,,8,17,19,552,CHIHUAHUA
6143947410,2026-10-03 14:48:52.193084,MORENA,Marco Bonilla,5084794,RDCIAL LA CANTERA,31217,Hombre,JAIME ALBERTO TRIANA REYES,28.642680811995,-106.131928072372,"C CANTERA CORALITO 7315, RDCIAL LA CANTERA, 31217 Chihuahua,CHIH",,53,41–59,,,,,,6,18,19,805,CHIHUAHUA
6144201460,2026-10-03 14:48:58.793629,MORENA,Marco Bonilla,5291687,DIVISION DEL NORTE,31095,Hombre,FELIPE OLIVAS VEGA,28.6555786,-106.08790499,"C 27A 1904, DIVISION DEL NORTE, 31095 Chihuahua,CHIH",,53,41–59,,SECRETARIA DE SEGURIDAD PUBLICA,,,,8,16,19,3300,CHIHUAHUA
6144065690,2026-10-03 14:49:02.436764,MORENA,Marco Bonilla,4912721,RDCIAL CUMBRES II,31216,Hombre,PABLO SERNA MOLINA,28.639387082,-106.123894367,"C CUMBRES DEL PEDREGAL 2603, RDCIAL CUMBRES II, 31216 Chihuahua,CHIH",,57,41–59,,SERVICIOS DE SALUD DE CHIHUAHUA,SECRETARIA DE DESARROLLO RURAL,SECRETARIA DE DESARROLLO RURAL,,6,18,19,805,CHIHUAHUA
6142409850,2026-10-03 14:49:41.656613,MORENA,Marco Bonilla,5935005,MIRADOR,31205,Hombre,MARIO OSCAR DOMINGUEZ BUSTAMANTE,28.6356658000748,-106.092386471,"C BERNA 2009, MIRADOR, 31205 Chihuahua,CHIH",,43,41–59,,,,,,6,18,19,827,CHIHUAHUA
6144185535,2026-10-03 14:51:11.173799,MORENA,Marco Bonilla,5453825,ZARCO,31020,Mujer,VIRGINIA VERONICA VILLEGAS GARZA,28.624779581383,-106.089578506578,"C MATAMOROS 2427, ZARCO, 31020 Chihuahua,CHIH",,54,41–59,,SERVICIOS EDUCATIVOS DEL ESTADO DE CHIHUAUA,SECRETARIA DE SALUD,SECRETARIA DE SALUD,,8,18,19,433,CHIHUAHUA
6144106263,2026-10-03 14:55:21.183257,MORENA,Marco Bonilla,5295919,ANTIGUO LIENZO CHARRO,31375,Hombre,VICTOR ARIEL DAVILA MARTINEZ,28.638529590628,-106.031279394418,"C CUENCA DE CONCHOS 6808, ANTIGUO LIENZO CHARRO, 31375 Chihuahua,CHIH",,66,65+,MORENA,,,,,8,17,19,572,CHIHUAHUA
6563386819,2026-10-03 14:59:26.854986,MORENA,Marco Bonilla,5584868,FRONTERIZA,32180,Mujer,NORMA LIDIA ROCHA CORDOVA,31.732029626082,-106.533191971,"C NOGALES 2907, FRONTERIZA, 32180 Chihuahua,CHIH",,43,41–59,,,SECRETARIA DE SALUD,SECRETARIA DE SALUD,,3,3,37,1560,JUAREZ
6141036493,2026-10-03 15:00:31.018642,MORENA,Marco Bonilla,5839787,SIERRA AZUL,31390,Hombre,RAFAEL RAMIREZ PRIETO,28.643591551525,-106.002277478744,"C SIERRA MOHINORA 8503, SIERRA AZUL, 31390 Chihuahua,CHIH",,77,65+,,,,,GOB FED - ADULTOS MAYORES,8,17,19,856,CHIHUAHUA
6142209841,2026-10-03 15:01:17.709124,MORENA,Marco Bonilla,5080192,CHIHUAHUA 2000 94,31136,Hombre,AARON TORRES TORRES,28.731138808062,-106.116159197928,"C LENNY ROMO 15131, CHIHUAHUA 2000 94, 31136 Chihuahua,CHIH",,58,41–59,,,,,,6,12,19,2885,CHIHUAHUA
6564022097,2026-10-03 15:01:18.293975,MORENA,Marco Bonilla,6862962,MAESTROS ESTATALES,32180,Mujer,MA GUADALUPE ALMANZA GARCIA,31.741104503973,-106.521908355189,"C SAN MATEO 100, MAESTROS ESTATALES, 32180 Chihuahua,CHIH",,55,41–59,,,,,,3,3,37,1544,JUAREZ
6562858914,2026-10-03 15:03:14.630270,MORENA,Marco Bonilla,5108911,RINCONES DE CARTAGENA,32546,Mujer,INGRID BRYSEIDA TALAMANTES MORENO,31.6926196540206,-106.361409942,"C ALBAYAR 2413, RINCONES DE CARTAGENA, 32546 Chihuahua,CHIH",,49,41–59,,,,,,4,5,37,3310,JUAREZ
6141306576,2026-10-03 15:03:50.065522,MORENA,Marco Bonilla,5984313,QUINTAS DEL SOL,31214,Hombre,ALFREDO RAMOS BAEZA,28.6341511150722,-106.102591894,"C IOWA 2404, QUINTAS DEL SOL, 31214 Chihuahua,CHIH",,60,60–64,,,SECRETARIA DE DESARROLLO RURAL,MECANIZACION,,6,18,19,838,CHIHUAHUA
6566143783,2026-10-03 14:43:57.317951,PAN,-,6158274,SOTO,31620,Mujer,ROSA OLIVIA MORALES QUEZADA,28.30004,-106.13296,"C ALTAMIRANO 2865, MARIANO ESCOBEDO, 32230 Chihuahua,CHIH",,42,41–59,,,COMISION ESTATAL DE VIVIENDA SUELO E INFRAESTRUCTURA,VIVIENDA DIGNA,,8,16,19,901,CHIHUAHUA
6142537200,2026-10-03 14:44:09.481060,PAN,-,5690985,JUNTA DE LOS RIOS,31300,Hombre,VICTOR MANUEL RAMIREZ TREJO,28.667189248127,-106.070067268,"C RIO MAYO 2725, JUNTA DE LOS RIOS, 31300 Chihuahua,CHIH",,69,65+,,,,,,8,15,19,789,CHIHUAHUA
6142296194,2026-10-03 14:45:10.789586,PAN,-,5283658,SAN FELIPE,31203,Hombre,JOSE ALEJANDRO GARCIA BETANCOURT,28.653117706372,-106.093468883118,"C CORTEZ DE MONROY 2929, SAN FELIPE, 31203 Chihuahua,CHIH",,44,41–59,,,,,,6,15,19,797,CHIHUAHUA
8717121855,2026-10-03 14:45:42.317922,PAN,-,6940190,OJUELOS,33470,Hombre,ELISEO VALENZUELA RAMIREZ,25.712548334,-106.861111111,"OJUELOS S/N, OJUELOS, 33470 Chihuahua,CHIH",,51,41–59,,,DESARROLLO INTEGRAL DE LA FAMILIA CHIHUAHUA,ALIMENTACION Y DESARROLLO AUTOSUSTENTABLE DE LAS FAMILIAS EN LOS MUNICIPIOS DE LA REGION SERRANA,GOB FED - SEMBRANDO VIDA,9,22,29,1165,GUADALUPE Y CALVO
6141625468,2026-10-03 14:45:49.096981,PAN,-,7183063,LOMAS DE MONTECARLO,31183,Hombre,CARLOS HUMBERTO GARDEA RASCON,28.747175358584,-106.144836789996,"C ARBOL DE JUPITER 19112, LOMAS DE MONTECARLO, 31183 Chihuahua,CHIH",,53,41–59,,,,,,6,12,19,3344,CHIHUAHUA
6144793629,2026-10-03 14:45:51.603598,PAN,-,5969415,ATENAS,31196,Hombre,RICARDO ESTEBAN HERNANDEZ CHAVEZ,28.731696749447,-106.094936386726,"C HERA 5518, ATENAS, 31196 Chihuahua,CHIH",,47,41–59,,,,,,6,18,19,3360,CHIHUAHUA
6141366093,2026-10-03 14:45:58.230402,PAN,-,5776241,ROMA IV ETAPA,31100,Hombre,LUIS ALFONSO SALCIDO HERNANDEZ,28.673784336389,-106.11005256237,"PRIV DE GARCIA SALINAS 6504, ROMA IV ETAPA, 31100 Chihuahua,CHIH",,72,65+,,,,,GOB FED - ADULTOS MAYORES,6,15,19,736,CHIHUAHUA
6141963780,2026-10-03 14:47:12.106734,PAN,-,5489312,LOMAS AMERICA,31209,Hombre,JESUS ALFREDO FLORES ESPARZA,28.635960369667,-106.040303812381,"C CTO DE LAS TRES CULTURAS 19, LOMAS AMERICA, 31209 Chihuahua,CHIH",,42,41–59,,,,,,6,15,19,775,CHIHUAHUA
4423050274,2026-10-03 14:47:12.412451,PAN,-,6021034,GUADALUPE,31410,Hombre,JOSE RAMIREZ PIÑON,28.6180664740456,-106.093815445,"C 2 DE ABRIL 3405, GUADALUPE, 31410 Chihuahua,CHIH",,64,60–64,PAN,,,,,8,18,19,428,CHIHUAHUA
6142221570,2026-10-03 14:47:44.196075,PAN,-,4889173,RINCONADA DE LA SIERRA,31124,Hombre,JOSE CHAPARRO ORTIZ,28.682310258359,-106.14497364382,"C RINCONADA DE LA SIERRA DE NEIBA 4477, RINCONADA DE LA SIERRA, 31124 Chihuahua,CHIH",,77,65+,,,,,GOB FED - ADULTOS MAYORES,6,18,19,641,CHIHUAHUA
6142230562,2026-10-03 14:47:41.584846,PAN,-,6127130,MISAEL NUÑEZ,31063,Mujer,ELIZA DURAN GUTIERREZ,28.640776400238,-106.040491020397,"C 15 DE ENERO 60, MISAEL NUÑEZ, 31063 Chihuahua,CHIH",,56,41–59,,,SECRETARIA DE DESARROLLO HUMANO Y BIEN COMUN,FORTALECIMIENTO COMUNITARIO Y PARTICIPACION CIUDADANA,,8,17,19,605,CHIHUAHUA
6144143648,2026-10-03 14:47:50.809568,PAN,-,5298521,UNIVERSIDAD,31200,Mujer,SOLEDAD GAVALDON MENDOZA,28.661128333146,-106.090874348809,"C MIGUEL SCHULTZ 3514, UNIVERSIDAD, 31200 Chihuahua,CHIH",,89,65+,,,,,GOB FED - ADULTOS MAYORES,8,15,19,783,CHIHUAHUA
6141382699,2026-10-03 14:47:57.459895,PAN,-,5922978,ROMA,31100,Mujer,LAURENCIA GUADALUPE HERNANDEZ PACHECO,28.677200045752,-106.107738402722,"C BETECHI 707, ROMA, 31100 Chihuahua,CHIH",,75,65+,PAN,,,,GOB FED - ADULTOS MAYORES,6,15,19,720,CHIHUAHUA
6141421516,2026-10-03 14:48:42.331053,PAN,-,5541441,BUROCRATA ESTATAL,31210,Mujer,MARINA GUADALUPE MALDONADO MILLAN,28.6534230501041,-106.106219249,"C 10 DE JUNIO 5102, BUROCRATA ESTATAL, 31210 Chihuahua,CHIH",,68,65+,,,,,,6,15,19,801,CHIHUAHUA
6141011885,2026-10-03 14:48:49.006864,PAN,-,6061183,ROMA,31100,Hombre,HORACIO ADAME AGUILAR,28.672795887481,-106.110314359867,"C IGNACIO COMMONFORT 6313, ROMA, 31100 Chihuahua,CHIH",,52,41–59,,,,,,6,15,19,736,CHIHUAHUA
6141999191,2026-10-03 14:49:17.771305,PAN,-,5191212,RDCIAL LOMAS UNIVERSIDAD,31123,Hombre,RAFAEL MANCILLAS BORUNDA,28.680616723367,-106.138341775202,"C UNIVESIDAD DE FRANKFORT 8521, RDCIAL LOMAS UNIVERSIDAD, 31123 Chihuahua,CHIH",,73,65+,,,,,GOB FED - ADULTOS MAYORES,6,18,19,641,CHIHUAHUA
6878573260,2026-10-03 14:49:25.546345,PAN,-,5314481,GRAN MORELOS,33260,Hombre,EDUARDO GRAJEDA GRANILLO,28.288613056,-105.459339444,"C SIN NOMBRE S/N, GRAN MORELOS, 33260 Chihuahua,CHIH",,71,65+,,,SECRETARIA DE DESARROLLO RURAL,PESPEI,GOB FED - ADULTOS MAYORES,7,21,26,1070,GRAN MORELOS
6141977352,2026-10-03 14:49:48.447912,PAN,-,6096077,PANAMERICANA,31210,Hombre,CARLOS EDUARDO MIRAMONTES ALONSO,28.6523234841024,-106.109514458,"AV RIO DE JANEIRO 318, PANAMERICANA, 31210 Chihuahua,CHIH",,42,41–59,,,,,,6,15,19,778,CHIHUAHUA
6141225957,2026-10-03 14:50:18.923148,PAN,-,7549239,PASEOS DE CHIHUAHUA,31125,Mujer,ANA BELEN GARCIA VARELA,28.706178967238,-106.132129070411,"C PASEOS DE LA UNIVERSIDAD 13744, PASEOS DE CHIHUAHUA, 31125 Chihuahua,CHIH",,28,25–30,,,,,,6,12,19,3202,CHIHUAHUA
6566194982,2026-10-03 14:50:48.992223,PAN,-,6711414,REVOLUCION MEXICANA,32670,Mujer,JESSICA MARISOL ROQUE ALMENGOR,31.675939733012,-106.461084068968,"C MANUEL MARIN AVEITIA 2352, REVOLUCION MEXICANA, 32670 Chihuahua,CHIH",,35,31–40,,,,,,3,6,37,2152,JUAREZ
6141965104,2026-10-03 14:51:17.765576,PAN,-,5876548,RINCONES DE SAN FRANCISCO,31115,Mujer,NORMA ARACELI VILLALOBOS LEO,28.666758532441,-106.13821450423,"C JOSE DE GALVEZ 4000, RINCONES DE SAN FRANCISCO, 31115 Chihuahua,CHIH",,53,41–59,,,,,,6,18,19,653,CHIHUAHUA
6141839491,2026-10-03 14:51:26.437512,PAN,-,6312984,BARRIO DE LONDRES,31060,Hombre,ARMANDO MONTOYA CIENFUEGOS,28.621449072204,-106.070311261729,"PRIV DE CARLOS FUERO 2502, BARRIO DE LONDRES, 31060 Chihuahua,CHIH",,64,60–64,,UNIVERSIDAD AUTONOMA DE CHIHUAHUA (3ER TRIMESTRE),SECRETARIA DE DESARROLLO HUMANO Y BIEN COMUN,FORTALECIMIENTO COMUNITARIO Y PARTICIPACION CIUDADANA,,8,17,19,513,CHIHUAHUA
6141424421,2026-10-03 14:51:39.176853,PAN,-,6280889,GRANJAS,31100,Hombre,LUIS CARLOS PIÑON BALDERRAMA,28.661216678406,-106.101547780494,"C SABINO 308, GRANJAS, 31100 Chihuahua,CHIH",,40,31–40,PAN,,,,,6,15,19,771,CHIHUAHUA
9511162629,2026-10-03 14:52:24.015210,PAN,-,5912478,CIUDAD MODERNA,32670,Hombre,EDUARDO MARTINEZ CHAIREZ,31.656653329019,-106.470488792059,"C GOLFO DE HONDURAS 9422, CIUDAD MODERNA, 32670 Chihuahua,CHIH",,56,41–59,,,,,,3,6,37,2188,JUAREZ
6141788668,2026-10-03 14:52:22.349196,PAN,-,5566016,SAN FELIPE,31203,Mujer,ALMA LETICIA LOYA BARRIO,28.648269068752,-106.092428018382,"C DIEGO DE VILCHIS 2909, SAN FELIPE, 31203 Chihuahua,CHIH",,43,41–59,PRI,,,,,6,15,19,798,CHIHUAHUA
6141759136,2026-10-03 14:52:29.930143,PAN,-,7112554,GIRASOLES,31376,Mujer,KARLA DENISSE ESPARZA RIVAS,28.676953953075,-106.004300185481,"C DEL CHAPARRAL 6808, GIRASOLES, 31376 Chihuahua,CHIH",,32,31–40,,,,,,8,17,19,3318,CHIHUAHUA
6146039227,2026-10-03 14:53:14.177544,PAN,-,6297052,LOURDES,31120,Hombre,ADALBERTO ORTIZ CARAVEO,28.680521249157,-106.114437638835,"C PEDRO ARMANDARIZ 7901, LOURDES, 31120 Chihuahua,CHIH",,40,31–40,,FISCALIA GENERAL DEL ESTADO DE CHIHUAHUA,,,,6,15,19,697,CHIHUAHUA
6142353097,2026-10-03 14:53:06.901605,PAN,-,6691588,RDCIAL CUMBRES,31215,Hombre,FEDERICO GARCIA TERAN,28.642524866686,-106.122737566998,"C CUMBRE MONSERRAT 7120, RDCIAL CUMBRES, 31215 Chihuahua,CHIH",,35,31–40,,,SECRETARIA DE SALUD,MEDICHIHUAHUA,,6,18,19,805,CHIHUAHUA
6141036574,2026-10-03 14:53:20.351894,PAN,-,6250539,LOS PINOS,31416,Mujer,ZAYRAA GABRIELA OGAZ GANDARA,28.595222015211,-106.096443536736,"C ROMULO ALVELAIZ 9213, LOS PINOS, 31416 Chihuahua,CHIH",,40,31–40,,FISCALIA GENERAL DEL ESTADO DE CHIHUAHUA,,,,8,16,19,487,CHIHUAHUA
6141817508,2026-10-03 14:53:23.213783,PAN,-,5231073,QUINTAS DE SAN SEBASTIAN,31125,Hombre,JOAQUIN FERNANDO GOMEZ GARDEA,28.712738602754,-106.151941877861,"C ROBERTO MATTA 1612, QUINTAS DE SAN SEBASTIAN, 31125 Chihuahua,CHIH",,64,60–64,,,,,,6,12,19,3194,CHIHUAHUA
6141970613,2026-10-03 14:53:22.552031,PAN,-,5252670,PASEO DE LOS LEONES,31313,Mujer,MIRIAM VIRGINIA SOLIS CARBAJAL,28.6881820891618,-106.039080501,"C ABUJA 10526, PASEO DE LOS LEONES, 31313 Chihuahua,CHIH",,43,41–59,,SERVICIOS DE SALUD DE CHIHUAHUA,,,,8,17,19,3221,CHIHUAHUA
6144185449,2026-10-03 14:53:31.471690,PAN,-,6519720,ALFREDO CHAVEZ,31414,Mujer,MARIA ERNESTINA PORTILLO GARCIA,28.604270573056,-106.103515013169,"C RIO GRIJALVA 8405, ALFREDO CHAVEZ, 31414 Chihuahua,CHIH",,78,65+,,,SECRETARIA DE DESARROLLO HUMANO Y BIEN COMUN,APOYO A PERSONAS MAYORES,GOB FED - ADULTOS MAYORES,6,18,19,414,CHIHUAHUA
6142189951,2026-10-03 14:53:32.177723,PAN,-,5453965,DIEGO LUCERO,31126,Mujer,SILVIA DOMINGUEZ CHAVEZ,28.671335725874,-106.126924046258,"C RAMON E BETANCES 102, DIEGO LUCERO, 31126 Chihuahua,CHIH",,57,41–59,,,,,,6,15,19,702,CHIHUAHUA
6141036611,2026-10-03 14:53:37.328500,PAN,-,6064754,LOMAS VALLARTA,31100,Mujer,SILVIA PATRICIA NUÑEZ LEOS,28.674483839104,-106.114516669529,"C ANTONIO LAVASTIDA Y DAVALOS 429, LOMAS VALLARTA, 31100 Chihuahua,CHIH",,63,60–64,,,,,,6,15,19,722,CHIHUAHUA
6142305669,2026-10-03 14:53:56.748209,PAN,-,4986809,ALTAMIRA,31150,Mujer,NORMA OLGA DOMINGUEZ RUIZ,28.679863688853,-106.095463692255,"C DE LAS LILAS 2504, ALTAMIRA, 31150 Chihuahua,CHIH",,68,65+,,,SECRETARIA DE DESARROLLO HUMANO Y BIEN COMUN,APOYO A PERSONAS MAYORES,,8,15,19,714,CHIHUAHUA
6144101623,2026-10-03 14:54:13.887246,PAN,-,6571481,PENSIONES CIVILES DEL ESTADO,31416,Hombre,ALBERTO AVILA SANCHEZ,28.586469705189,-106.102307579111,"C HEROISMO 2247, PENSIONES CIVILES DEL ESTADO, 31416 Chihuahua,CHIH",,37,31–40,,PENSIONES CIVILES DEL ESTADO,,,,8,18,19,486,CHIHUAHUA
6144135669,2026-10-03 14:54:28.968751,PAN,-,5496278,PARQUES DE SAN FELIPE,31203,Hombre,JESUS MANUEL GONZALEZ ESCANAME,28.650873535616,-106.096691138156,"C CRISTOBAL DE OLID 305, PARQUES DE SAN FELIPE, 31203 Chihuahua,CHIH",,91,65+,,,,,,6,15,19,799,CHIHUAHUA
6145023335,2026-10-03 14:54:36.450960,PAN,-,5353842,VILLA NUEVA,31134,Mujer,SUSANA BLANCO PORRAS,28.687645405851,-106.102400220047,"C OSCAR GONZALEZ 238, VILLA NUEVA, 31134 Chihuahua,CHIH",,58,41–59,,,,,,8,15,19,685,CHIHUAHUA
6141612300,2026-10-03 14:54:46.713712,PAN,-,5494988,LOMAS UNIVERSIDAD,31123,Hombre,ARTURO ZAMORA PEREA,28.682438461511,-106.139471777503,"C UNIVERSIDAD DE HARVARD 8735, LOMAS UNIVERSIDAD, 31123 Chihuahua,CHIH",,72,65+,,SERVICIOS DE SALUD DE CHIHUAHUA,,,,6,18,19,641,CHIHUAHUA
6142395407,2026-10-03 14:55:58.856065,PAN,-,5002356,PUERTA DE HIERRO,31207,Hombre,GUILLERMO GARCIA SIQUEIROS,28.620064886576,-106.120518206675,"C BARCELONA 7210, PUERTA DE HIERRO, 31207 Chihuahua,CHIH",,71,65+,,,,,GOB FED - ADULTOS MAYORES,6,18,19,839,CHIHUAHUA
6141168084,2026-10-03 14:55:56.098212,PAN,-,6643169,REVOLUCION,31135,Mujer,MARISSA VILLALOBOS RIVERA,28.707771612661,-106.1130884877,"C CD JULIMES 146, REVOLUCION, 31135 Chihuahua,CHIH",,36,31–40,,,,,,6,12,19,617,CHIHUAHUA
6144244846,2026-10-03 14:56:02.142067,PAN,-,5839990,NOMBRE DE DIOS,31150,Mujer,PALMIRA DE LA ROSA VILLA,28.6916006831676,-106.087392815,"C LEONARDO BRAVO 214, NOMBRE DE DIOS, 31150 Chihuahua,CHIH",,60,60–64,MORENA,,,,,8,15,19,689,CHIHUAHUA
6562624416,2026-10-03 14:56:22.240602,PAN,-,6032169,URBIVILLA DEL CEDRO  II,32575,Mujer,VALENTINA CRUZ HERNANDEZ,31.563279557955,-106.338085205903,"C SIERRA DE BAZA 2085, URBIVILLA DEL CEDRO  II, 32575 Chihuahua,CHIH",,44,41–59,,,,,,2,10,37,3159,JUAREZ
6144173211,2026-10-03 14:56:47.809276,PAN,-,5592964,GRANJAS,31100,Hombre,CARLOS FELIPE HERNANDEZ MARTINEZ,28.671900671288,-106.100297032902,"C GONZALEZ ORTEGA 5701, GRANJAS, 31100 Chihuahua,CHIH",,48,41–59,,,,,,8,15,19,741,CHIHUAHUA
6142555427,2026-10-03 14:56:53.539086,PAN,-,5017030,VETERANOS,31064,Mujer,TANIA BERENICE ESCOBEDO GUERRA,28.694180687,-106.133520176,"C IGNACIO ALLENDE 609, VETERANOS, 31064 Chihuahua,CHIH",,48,41–59,MORENA,SERVICIOS EDUCATIVOS DEL ESTADO DE CHIHUAUA,,,,8,16,19,862,CHIHUAHUA
6141966717,2026-10-03 14:56:47.909142,PAN,-,5193699,LOMAS UNIVERSIDAD,31123,Hombre,JORGE ARMANDO RAMIREZ ROMERO,28.683290547056,-106.137669439773,"C UNIVERSIDAD DE SALAMANCA 8925, LOMAS UNIVERSIDAD, 31123 Chihuahua,CHIH",,61,60–64,,,,,,6,18,19,641,CHIHUAHUA
6141257396,2026-10-03 14:57:11.255121,PAN,-,5272811,LAS HACIENDAS,31215,Mujer,VIRGINIA GUADALUPE FERNANDEZ PEREZ,28.626674520144,-106.107435564561,"C HACIENDA DE LAS CHEPAS 3210, LAS HACIENDAS, 31215 Chihuahua,CHIH",,75,65+,,,,,GOB FED - ADULTOS MAYORES,6,18,19,839,CHIHUAHUA
8711351125,2026-10-03 14:57:19.324315,PAN,-,6302520,MORELOS I,32573,Hombre,MANUEL DELGADO ARZATE,31.6414272479408,-106.372365157,"C PRESA DE JUCHITENGO 820, MORELOS I, 32573 Chihuahua,CHIH",,42,41–59,,,,,,1,9,37,1935,JUAREZ
6141424475,2026-10-03 14:57:48.747117,PAN,-,5592783,PASEO DE LAS MORAS II,31110,Hombre,RICARDO PEREZ AGUILAR,28.665825774284,-106.118554455281,"C CIRCUITO DEL MORAL 5302, PASEO DE LAS MORAS II, 31110 Chihuahua,CHIH",,52,41–59,,,,,,6,15,19,753,CHIHUAHUA
6563001971,2026-10-03 14:57:51.596623,PAN,-,6536044,LAS ACEQUIAS,32317,Mujer,MARIA DEL REFUGIO GUTIERREZ BELTRAN,31.688969527226,-106.416324119277,"C ACEQUIA MONDRAGOLEÑA 7528, LAS ACEQUIAS, 32317 Chihuahua,CHIH",,66,65+,,,,,,4,5,37,1758,JUAREZ
6144142318,2026-10-03 14:57:44.890283,PAN,-,5601271,SAN FELIPE,31203,Hombre,LUIS HECTOR DE JESUS BENITEZ MASSE,28.650177968,-106.102464645,"C RINCON DE SAN FELIPE 114, SAN FELIPE, 31203 Chihuahua,CHIH",,47,41–59,,PENSIONES CIVILES DEL ESTADO,,,,6,15,19,800,CHIHUAHUA
6141424967,2026-10-03 14:57:55.935855,PAN,-,5168675,LAS VEGAS,31130,Hombre,EMANUEL DOMINGO AMAYA PARODI,28.685355174038,-106.096160268483,"PRIV ALCALA 7501, LAS VEGAS, 31130 Chihuahua,CHIH",,44,41–59,,,,,,8,15,19,691,CHIHUAHUA
6144460184,2026-10-03 14:58:19.742308,PAN,-,4936092,RIGOBERTO QUIROZ,31090,Mujer,MARTHA IRENE MENDEZ CARRILLO,28.600380196516,-106.015589351773,"C FRANCISCO SARABIA 1908, RIGOBERTO QUIROZ, 31090 Chihuahua,CHIH",,57,41–59,,,,,,8,16,19,880,CHIHUAHUA
6142398378,2026-10-03 14:58:35.125853,PAN,-,6718119,SAN JUAN BAUTISTA,31150,Mujer,GUADALUPE MARTINEZ VALLES,28.676216492279,-106.072434790466,"C PASEOS DEL MIMBRE 4703, SAN JUAN BAUTISTA, 31150 Chihuahua,CHIH",,66,65+,MORENA,,,,,8,15,19,740,CHIHUAHUA
6271085990,2026-10-03 14:59:13.767261,PAN,-,5484984,PARRAL,31104,Hombre,RAFAEL ALONSO FERNANDEZ TINAJERO,28.678070799763,-106.097555480012,"C MIGUEL BARRAGAN 6513, PARRAL, 31104 Chihuahua,CHIH",,44,41–59,,,,,,8,15,19,719,CHIHUAHUA
6141884484,2026-10-03 14:59:06.785867,PAN,-,6216244,VISTAS DEL SOL,31206,Mujer,LAURA EDEN ZAMORA ORTEGA,28.623326395914,-106.098902961025,"C PRESA EL MANTE 33, VISTAS DEL SOL, 31206 Chihuahua,CHIH",,41,41–59,,,,,,6,18,19,844,CHIHUAHUA
6142272399,2026-10-03 14:59:55.969170,PAN,-,6723259,QUINTAS DEL SOL,31214,Mujer,MARIA DE LOS ANGELES SALCIDO ROMERO,28.629937760486,-106.105380275633,"C MONTANA 2808, QUINTAS DEL SOL, 31214 Chihuahua,CHIH",,63,60–64,,,,,,6,18,19,838,CHIHUAHUA
6141408084,2026-10-03 15:00:10.150902,PAN,-,6323761,INDUSTRIAS,31134,Hombre,ALBERTO CARRASCO RAMIREZ,28.666524602411,-106.080518758893,"C AGUSTIN MELGAR 3311, INDUSTRIAS, 31134 Chihuahua,CHIH",,40,31–40,,,,,,8,15,19,740,CHIHUAHUA
6142221801,2026-10-03 15:00:48.417064,PAN,-,6534101,HIDALGO,31414,Mujer,VELIA IVONNE BECERRA RIVAS,28.593149715379,-106.109529866888,"C 6 1303, HIDALGO, 31414 Chihuahua,CHIH",,53,41–59,,INSTITUTO CHIHUAHUENSE DE SALUD,,,,6,18,19,404,CHIHUAHUA
6142766863,2026-10-03 15:01:25.491895,PAN,-,6031712,VILLAS DEL REY,31180,Mujer,ALMA IMELDA HOLGUIN CHAVEZ,28.747611096179,-106.132668656981,"C DE LOS REYES 1523, VILLAS DEL REY, 31180 Chihuahua,CHIH",,48,41–59,,UNIVERSIDAD AUTONOMA DE CHIHUAHUA (3ER TRIMESTRE),,,,6,12,19,2847,CHIHUAHUA
8711764874,2026-10-03 15:01:25.363569,PAN,-,4998096,JARDINES UNIVERSIDAD,31124,Mujer,DENISSE LIZETH CHACON PARRA,28.690004408681,-106.144621039808,"C LOMAS SAN PEDRO 4627, JARDINES UNIVERSIDAD, 31124 Chihuahua,CHIH",,42,41–59,,,SECRETARIA DE DESARROLLO HUMANO Y BIEN COMUN,FORTALECIMIENTO COMUNITARIO Y PARTICIPACION CIUDADANA,,6,18,19,641,CHIHUAHUA
6142239219,2026-10-03 15:02:07.528796,PAN,-,4886341,IGNACIO ALLENDE,31124,Mujer,GABRIELA IVONNE FERNANDEZ RENTERIA,28.606479052963,-106.102577614671,"PRIV PERIF DE LA JUVENTUD 10508, IGNACIO ALLENDE, 31124 Chihuahua,CHIH",,63,60–64,,SERVICIOS EDUCATIVOS DEL ESTADO DE CHIHUAUA,,,,6,12,19,622,CHIHUAHUA
6142385239,2026-10-03 15:02:41.353702,PAN,-,6547681,QUINTAS DEL RIO,31105,Hombre,ARTURO FLORES DELGADO,28.680601170603,-106.084878522011,"C LAS PALMERAS 3900, QUINTAS DEL RIO, 31105 Chihuahua,CHIH",,88,65+,,,,,GOB FED - ADULTOS MAYORES,8,15,19,716,CHIHUAHUA
6141837616,2026-10-03 15:02:34.399668,PAN,-,6149291,RDCIAL SAN ANDRES,31110,Hombre,JORGE ARMANDO CARDENAS TREJO,28.662791999251,-106.118544027546,"C DEL TORDO 710, RDCIAL SAN ANDRES, 31110 Chihuahua,CHIH",,62,60–64,,,,,,6,15,19,758,CHIHUAHUA
8182803123,2026-10-03 15:02:36.663818,PAN,-,4890188,TERRANOVA,32576,Hombre,FRANCISCO JAVIER XX GUTIERREZ,31.595292790604,-106.416321101792,"C TIERRA DE LABRANZA 8605, TERRANOVA, 32576 Chihuahua,CHIH",,65,65+,,,,,,1,2,37,2815,JUAREZ
6144139588,2026-10-03 15:03:24.873325,PAN,-,5028771,PANAMERICANA,31210,Hombre,RUBEN BONILLA RODRIGUEZ,28.648193422075,-106.112376193568,"C REPUBLICA DE URUGUAY 810, PANAMERICANA, 31210 Chihuahua,CHIH",,54,41–59,,,,,,6,15,19,804,CHIHUAHUA
6144231357,2026-10-03 15:04:15.802138,PAN,-,5140821,PACIFICO,31030,Hombre,CARLOS EDUARDO OCHOA SANDOVAL,28.623030906833,-106.068206162224,"C 18 3413, PACIFICO, 31030 Chihuahua,CHIH",,73,65+,,,,,GOB FED - ADULTOS MAYORES,8,16,19,521,CHIHUAHUA
6141696438,2026-10-03 14:50:01.234517,PAN,-,6333291,LAZARO CARDENAS II,31063,Mujer,MARIA CONCEPCION MAYORGA SANTANA,28.610166967,-106.036582075894,"PRIV DE MARGARITA FLORES 8418, LAZARO CARDENAS II, 31063 Chihuahua,CHIH",,41,41–59,,,,,,8,16,19,603,CHIHUAHUA
6144152347,2026-10-03 14:50:20.862111,PAN,-,6169378,LAS PALMAS,31205,Hombre,GUILLERMO MICHEL GUZMAN,28.637818872448,-106.096714548297,"C J Q ADAMS 2508, LAS PALMAS, 31205 Chihuahua,CHIH",,85,65+,,,,,GOB FED - ADULTOS MAYORES,6,18,19,826,CHIHUAHUA
7531097068,2026-10-03 15:04:20.428369,PAN,-,6369499,REVOLUCION MEXICANA,32670,Mujer,MA LUZ DEL CARMEN SANCHEZ BELTRAN,31.6733568289906,-106.467906597,"C ZENZONTLE 3245, REVOLUCION MEXICANA, 32670 Chihuahua,CHIH",,65,65+,,,,,,3,6,37,2153,JUAREZ
6141908122,2026-10-03 14:56:26.730117,PAN,-,5035395,ROMA,31100,Mujer,ARACELI VELETA CASTILLO,28.675207541639,-106.109377483888,"C MANUEL GONZALEZ COSSIO 6707, ROMA, 31100 Chihuahua,CHIH",,59,41–59,,,,,,6,15,19,721,CHIHUAHUA
6142782116,2026-10-03 14:44:42.545589,PAN,Alfredo Lozoya,5578412,REAL DE MINAS,31144,Hombre,JUAN CARLOS TINAJERO PEDROZA,28.7345522542388,-106.102830585,"C MINERAL DE LORETO 15515, REAL DE MINAS, 31144 Chihuahua,CHIH",,60,60–64,,,,,,6,18,19,3360,CHIHUAHUA
6563533996,2026-10-03 14:51:21.539165,PAN,Alfredo Lozoya,7177619,CAMPO 59,0,Hombre,CORNELIUS GIESBRECHT FRIESEN,18.997917222,-100.748155833,"LOC CAMPO 59 14, CAMPO 59, 0 Chihuahua,CHIH",,32,31–40,,,,,,7,13,54,2520,RIVA PALACIO
6563086730,2026-10-03 15:02:09.390841,PAN,Alfredo Lozoya,5581857,PARAJES DEL VALLE,32590,Mujer,ERICA CRUZ RESENDIZ,31.6099210128916,-106.351352787,"C VALLE DE ABDALAGIS 1508, PARAJES DEL VALLE, 32590 Chihuahua,CHIH",,49,41–59,,,,,,2,8,37,2916,JUAREZ
6141301314,2026-10-03 14:52:33.277766,PAN,Cruz Pérez Cuellar,5126784,SAN FELIPE,31203,Mujer,LIZET ALEJANDRA ECHAVARRIA DELGADO,28.649111785297,-106.096518806227,"C DIEGO DE VILCHIS 3102, SAN FELIPE, 31203 Chihuahua,CHIH",,51,41–59,,,,,,6,15,19,799,CHIHUAHUA
6141154431,2026-10-03 15:00:18.200790,PAN,Cruz Pérez Cuellar,5682035,VILLA NUEVA,31134,Mujer,ERIKA LORENA ARVIZO VARGAS,28.649688241167,-106.02658883329,"C BELISARIO DOMINGUEZ 7923, VILLA NUEVA, 31134 Chihuahua,CHIH",,51,41–59,,SECRETARIA DE SALUD,,,,8,15,19,695,CHIHUAHUA
6251144818,2026-10-03 12:41:37.645644,PAN,Marco Bonilla,6004785,BUROCRATA,31560,Mujer,VIRGINIA CORRAL CARRERA,28.4192621157153,-106.838756091,"C NOCHEBUENA 3250, BUROCRATA, 31560 Chihuahua,CHIH",,61,60–64,,SECRETARIA DE DESARROLLO HUMANO Y BIEN COMUN,,,,7,14,17,305,CUAUHTEMOC
3314136830,2026-10-03 12:41:37.870090,PAN,Marco Bonilla,,,,,,,,,,,,,,,,,,,,,
6141304593,2026-10-03 12:41:48.435955,PAN,Marco Bonilla,6672881,SAN FELIPE,31203,Hombre,IRVING RAFAEL LOERA TALAMANTES,28.6512464,-106.0918535,"C ESTRADA BOCANEGRA 2902, SAN FELIPE, 31203 Chihuahua,CHIH",,36,31–40,PAN,SECRETARIA DE DESARROLLO HUMANO Y BIEN COMUN,ICHIJUV - Instituto Chihuahuense de la Juventud,ICHIJUV - Instituto Chihuahuense de la Juventud,,6,15,19,797,CHIHUAHUA
6142856518,2026-10-03 14:43:26.909085,PAN,Marco Bonilla,5700347,NOMBRE DE DIOS,31150,Hombre,JOSE MANUEL BELTRAN VENEGAS,28.695388188909,-106.085261574986,"C 3A 8511, NOMBRE DE DIOS, 31150 Chihuahua,CHIH",,68,65+,,,,,,6,17,19,3294,CHIHUAHUA
6141318018,2026-10-03 14:43:38.265179,PAN,Marco Bonilla,5730120,LOMAS DEL SANTUARIO,31205,Mujer,CARMEN ELENA QUIROZ LEON,28.626875513984,-106.097404264959,"C LAGO DE BUSTILLOS 3016, LOMAS DEL SANTUARIO, 31205 Chihuahua,CHIH",,70,65+,,,,,GOB FED - ADULTOS MAYORES,6,18,19,840,CHIHUAHUA
6143941544,2026-10-03 14:43:57.883791,PAN,Marco Bonilla,5605343,QUINTAS CAROLINAS,31146,Mujer,VANESSA GONZALEZ MOLINAR,28.711598555852,-106.085347779993,"C MONTE CELESTE 11320, QUINTAS CAROLINAS, 31146 Chihuahua,CHIH",,42,41–59,,SERVICIOS EDUCATIVOS DEL ESTADO DE CHIHUAUA,SECRETARIA DE SALUD,MEDICHIHUAHUA,,6,17,19,3294,CHIHUAHUA
6142434606,2026-10-03 14:44:20.665322,PAN,Marco Bonilla,6493416,LINSS,31020,Hombre,EFRAIN MEDRANO GAMBOA,28.62626104086,-106.077805201559,"C 24 1802, LINSS, 31020 Chihuahua,CHIH",,38,31–40,,,,,,8,16,19,466,CHIHUAHUA
6566120688,2026-10-03 14:44:17.852387,PAN,Marco Bonilla,6111578,EL GRANJERO,32690,Hombre,CRISTOBAL MARTINEZ MEDINA,31.657763156881,-106.402065244691,"C CARTAMO 8805, EL GRANJERO, 32690 Chihuahua,CHIH",,72,65+,,,,,,1,7,37,1832,JUAREZ
6141272244,2026-10-03 14:44:11.083943,PAN,Marco Bonilla,6106948,SICOMOROS,31205,Mujer,BERENICE MAYRAN RODRIGUEZ BARRERA,28.723381790264,-106.151196586838,"C PASEO DEL BOSQUE 2331, SICOMOROS, 31205 Chihuahua,CHIH",,45,41–59,,,,,,6,15,19,820,CHIHUAHUA
6142406429,2026-10-03 14:44:20.086413,PAN,Marco Bonilla,5138201,GRANJAS,31100,Mujer,HILDA DAVILA REYES,28.671372234203,-106.102218751843,"PRIV DE VALLARTA 5705, GRANJAS, 31100 Chihuahua,CHIH",,69,65+,,,,,,6,15,19,743,CHIHUAHUA
6141038453,2026-10-03 14:44:22.368965,PAN,Marco Bonilla,5563697,SAN FELIPE V ETAPA,31203,Hombre,JOSE GABRIEL SAN ROMAN THOMPSON,28.6555298351077,-106.103633086,"C LAGUNA DE LA VIEJA 3311, SAN FELIPE V ETAPA, 31203 Chihuahua,CHIH",,60,60–64,,SECRETARIA DE HACIENDA,,,,6,15,19,779,CHIHUAHUA
6141620033,2026-10-03 14:44:27.209850,PAN,Marco Bonilla,4930696,SAN PATRICIO,31134,Mujer,CARMEN ISELA ADAME CASTILLO,28.672396272,-106.07619651,"C SAN FRANCISCO 3716, SAN PATRICIO, 31134 Chihuahua,CHIH",,61,60–64,,,,,,8,15,19,671,CHIHUAHUA
6144861205,2026-10-03 14:44:35.732778,PAN,Marco Bonilla,5781327,CENTRO,31000,Hombre,CARLOS ALEJANDRO OCHOA COVARRUBIAS,28.601835021898,-106.088878110938,"AVE 20 DE NOVIEMBRE 1003, CENTRO, 31000 Chihuahua,CHIH",,55,41–59,PAN,,,,,8,16,19,502,CHIHUAHUA
6144170603,2026-10-03 14:44:37.299830,PAN,Marco Bonilla,5608655,LOS PORTALES,31137,Hombre,JOSE ANGEL SILVA DOMINGUEZ,28.7400682162478,-106.137240458,"C PUERTA DE TORILES 539, LOS PORTALES, 31137 Chihuahua,CHIH",,76,65+,,,,,GOB FED - ADULTOS MAYORES,6,12,19,3344,CHIHUAHUA
6142212314,2026-10-03 14:44:31.701249,PAN,Marco Bonilla,6522722,GUADALUPE,31410,Hombre,JESUS ISMAEL PRIETO TELLEZ,28.6196303760482,-106.091150056,"C 30 507, GUADALUPE, 31410 Chihuahua,CHIH",,37,31–40,,,,,,8,18,19,430,CHIHUAHUA
6142357838,2026-10-03 14:44:39.770529,PAN,Marco Bonilla,5438418,HACIENDAS DEL VALLE II,31217,Hombre,MANUEL SERGIO FLORES DE LA GARZA,28.639736039862,-106.119812450427,"C HACIENDA DE LA LUZ 1805, HACIENDAS DEL VALLE II, 31217 Chihuahua,CHIH",,61,60–64,,,,,,6,18,19,805,CHIHUAHUA
6144150174,2026-10-03 14:44:40.921118,PAN,Marco Bonilla,5352371,PASEOS DE CHIHUAHUA,31125,Mujer,MARLO IVETH THOMAS PORRAS,28.718265252522,-106.141936902954,"C PASEOS DE DELICIAS 15132, PASEOS DE CHIHUAHUA, 31125 Chihuahua,CHIH",,48,41–59,,UNIVERSIDAD AUTONOMA DE CHIHUAHUA (3ER TRIMESTRE),SECRETARIA DE SALUD,SECRETARIA DE SALUD,,6,12,19,3195,CHIHUAHUA
6141048871,2026-10-03 14:44:46.936382,PAN,Marco Bonilla,5490973,LAS ALDABAS,31170,Hombre,LEONARDO NUÑEZ LAGUNAS,28.736685191008,-106.160115521076,"CTO MANTUA 2224, LAS ALDABAS, 31170 Chihuahua,CHIH",,48,41–59,,,,,,6,12,19,3178,CHIHUAHUA
6142783790,2026-10-03 14:44:45.816935,PAN,Marco Bonilla,5934584,LOS NOGALES,31150,Hombre,EDMUNDO MARTINEZ ROMERO,28.632531141,-106.000519443,"C LOS NOGALES 5718, LOS NOGALES, 31150 Chihuahua,CHIH",,43,41–59,,,SECRETARIA DE DESARROLLO HUMANO Y BIEN COMUN,FORTALECIMIENTO COMUNITARIO Y PARTICIPACION CIUDADANA,,8,15,19,689,CHIHUAHUA
6144059702,2026-10-03 14:44:41.180139,PAN,Marco Bonilla,5911703,QUINTAS DE SAN SEBASTIAN VI,31125,Mujer,ZULEMA ARACELY HERNANDEZ VALENZUELA,28.711013397533,-106.155762600785,"C MIGUEL DE UNAMUNO 2035, QUINTAS DE SAN SEBASTIAN VI, 31125 Chihuahua,CHIH",,56,41–59,PAN,,,,,6,12,19,3196,CHIHUAHUA
6141255278,2026-10-03 14:44:38.209609,PAN,Marco Bonilla,5770001,RDCIAL CUMBRES,31217,Mujer,LAURA NINFA VILLEZCAS MADERO,28.642788812817,-106.121347344537,"C CUMBRE DE LOS ANDES 7120, RDCIAL CUMBRES, 31217 Chihuahua,CHIH",,60,60–64,,,,,,6,18,19,805,CHIHUAHUA
6144559129,2026-10-03 14:44:45.688698,PAN,Marco Bonilla,5041128,JARDINES DEL SAUCITO,31123,Hombre,SALVADOR BARRON VALLEJO,28.6733713961374,-106.137623365,"C SIERRA NEVADA 3426, JARDINES DEL SAUCITO, 31123 Chihuahua,CHIH",,68,65+,,,,,,6,18,19,653,CHIHUAHUA
6142783948,2026-10-03 14:44:44.351426,PAN,Marco Bonilla,6114206,AEROPUERTO,31384,Hombre,JOEL OSCAR ESPARZA GONZALEZ,28.6555786,-106.08790499,"C 25A 7105, AEROPUERTO, 31384 Chihuahua,CHIH",,60,60–64,,,,,,8,17,19,908,CHIHUAHUA
6142357303,2026-10-03 14:44:52.343840,PAN,Marco Bonilla,5583850,GLORIA,31130,Hombre,SIXTO ARTURO LOYA VARGAS,28.686054972787,-106.101277086537,"C GRAL MIGUEL BARRAGAN 7917, GLORIA, 31130 Chihuahua,CHIH",,75,65+,,,,,GOB FED - ADULTOS MAYORES,8,15,19,693,CHIHUAHUA
6141427019,2026-10-03 14:45:05.684520,PAN,Marco Bonilla,6418163,INFONAVIT NACIONAL,31120,Mujer,DIANA GUADALUPE LOZANO BELTRAN,28.6772376801436,-106.123710417,"C CHAMULAS 7912, INFONAVIT NACIONAL, 31120 Chihuahua,CHIH",,39,31–40,,,,,,6,15,19,700,CHIHUAHUA
6141978038,2026-10-03 14:45:09.678172,PAN,Marco Bonilla,4923482,JARDINES DE SAN FRANCISCO,31115,Hombre,FERNANDO FERNANDEZ AGUIRRE,28.665760591936,-106.132281704867,"C OCOTILLOS 3615, JARDINES DE SAN FRANCISCO, 31115 Chihuahua,CHIH",,65,65+,,,,,,6,18,19,653,CHIHUAHUA
6142401794,2026-10-03 14:45:09.259076,PAN,Marco Bonilla,5049462,CHIHUAHUA 2000,31109,Mujer,MARIA ELENA VALDEZ ROBLES,28.730416498885,-106.119560073944,"C GARCILAZO DE LA VEGA 14903, CHIHUAHUA 2000, 31109 Chihuahua,CHIH",,57,41–59,,,SECRETARIA DE DESARROLLO HUMANO Y BIEN COMUN,FORTALECIMIENTO COMUNITARIO Y PARTICIPACION CIUDADANA,,6,12,19,2895,CHIHUAHUA
6562757363,2026-10-03 14:45:21.709455,PAN,Marco Bonilla,5973906,LA FLORIDA,32545,Hombre,JOSE VALENTE BARRON LOPEZ,31.703571383517,-106.393321530624,"C PASEO DEL AVELLANO 9210, LA FLORIDA, 32545 Chihuahua,CHIH",,72,65+,,,,,GOB FED - ADULTOS MAYORES,4,5,37,1642,JUAREZ
6141741893,2026-10-03 14:45:14.209761,PAN,Marco Bonilla,4912783,ARBOLEDAS II ETAPA,31110,Hombre,FORTINO GARCIA SANCHEZ,28.664101261402,-106.117257710616,"C HACEBUCHE 1632, ARBOLEDAS II ETAPA, 31110 Chihuahua,CHIH",,64,60–64,,,,,,6,15,19,753,CHIHUAHUA
6142208062,2026-10-03 14:45:31.032742,PAN,Marco Bonilla,6221460,GRANJAS,31160,Hombre,RAUL ADRIAN BALDERRAMA TINOCO,28.57434665485,-106.046273571461,"C JOSE MEDRANO 5308, GRANJAS, 31160 Chihuahua,CHIH",,41,41–59,,,,,,6,15,19,744,CHIHUAHUA
6563415217,2026-10-03 14:45:33.404539,PAN,Marco Bonilla,5604108,SICOMOROS,32695,Hombre,JOEL ROCHA FERNANDEZ,31.618988933796,-106.460787936328,"C RIO CORDOVA 10104, SICOMOROS, 32695 Chihuahua,CHIH",,49,41–59,,,DESARROLLO INTEGRAL DE LA FAMILIA CHIHUAHUA,PROGRAMAS DE ASISTENCIA SOCIAL ALIMENTARIA A PERSONAS DE ATENCION PRIORITARIA,,3,2,37,2831,JUAREZ
6142540347,2026-10-03 14:45:27.543782,PAN,Marco Bonilla,7200868,TIERRA Y LIBERTAD,31126,Hombre,KEVIN MANUEL FRANCO REYES,28.684050901155,-106.120629671,"C CHE GUEVARA 807, TIERRA Y LIBERTAD, 31126 Chihuahua,CHIH",,31,31–40,,Colegio de Estudios Científicos y Tecnológicos,,,,6,15,19,660,CHIHUAHUA
6141122976,2026-10-03 14:45:35.201346,PAN,Marco Bonilla,6503782,INSURGENTES,31129,Mujer,BRISSA GONZALEZ MOLINA,28.611607174085,-106.023187879278,"C NIÑOS HEROES 1520, INSURGENTES, 31129 Chihuahua,CHIH",,37,31–40,,,,,,6,15,19,626,CHIHUAHUA
6141789735,2026-10-03 14:45:32.732250,PAN,Marco Bonilla,6096359,EL FRESNO,31000,Hombre,MARTIN ENRIQUE AYALA VALENZUELA,28.582193794895,-106.120487151959,"CARR CHIHUAHUA CUAUHTEMOC KM 13 8, EL FRESNO, 31000 Chihuahua,CHIH",,60,60–64,,,,,,6,18,19,898,CHIHUAHUA
6142202189,2026-10-03 14:45:41.289592,PAN,Marco Bonilla,5973098,GRANJAS,31100,Hombre,ROSALIO BUSTAMANTE ROQUE,28.662681709352,-106.091730979314,"C MIGUEL SCHULTZ 3709, GRANJAS, 31100 Chihuahua,CHIH",,80,65+,,,,,GOB FED - ADULTOS MAYORES,8,15,19,769,CHIHUAHUA
6563416303,2026-10-03 14:45:49.693461,PAN,Marco Bonilla,5959559,OASIS REVOLUCION,32674,Mujer,FLORINA CHAPARRO VALDEZ,31.659354419289,-106.455557544928,"C ELIGIO PASTEN 1538, OASIS REVOLUCION, 32674 Chihuahua,CHIH",,68,65+,,,,,,3,6,37,3104,JUAREZ
6141922943,2026-10-03 14:45:46.586295,PAN,Marco Bonilla,5443731,AVICOLA I ETAPA,31207,Hombre,CARLOS EUGENIO LOMELI CASTAÑEDA,28.610761731256,-106.108395435001,"C CHIANINA 7233, AVICOLA I ETAPA, 31207 Chihuahua,CHIH",,49,41–59,,,,,,6,18,19,847,CHIHUAHUA
6143512806,2026-10-03 14:45:48.155577,PAN,Marco Bonilla,4987958,INFONAVIT NACIONAL,31120,Hombre,MIGUEL ALEJANDRO ROLDAN TORRES,28.6824393161523,-106.120214151,"C MIXCOAC 8323, INFONAVIT NACIONAL, 31120 Chihuahua,CHIH",,51,41–59,,,DESARROLLO INTEGRAL DE LA FAMILIA CHIHUAHUA,GESTION SOCIAL Y ATENCION A LA CIUDADANIA,,6,15,19,680,CHIHUAHUA
6141540734,2026-10-03 14:45:49.070927,PAN,Marco Bonilla,4953760,JARDINES UNIVERSIDAD II,31125,Mujer,LYDIA PATRICIA RUIZ MEDINA,28.690314664827,-106.145586551235,"C JARDIN DE LAS GARDENIAS 4807, JARDINES UNIVERSIDAD II, 31125 Chihuahua,CHIH",,50,41–59,,SERVICIOS EDUCATIVOS DEL ESTADO DE CHIHUAUA,,,,6,18,19,641,CHIHUAHUA
6141572864,2026-10-03 14:45:57.860932,PAN,Marco Bonilla,5309992,ALTAVISTA,31200,Mujer,JOSEFINA PAYAN HOLGUIN,28.656328603931,-106.077490964009,"PRIV DE ALTAMIRANO 3517, ALTAVISTA, 31200 Chihuahua,CHIH",,71,65+,,,,,GOB FED - ADULTOS MAYORES,8,15,19,794,CHIHUAHUA
6144062884,2026-10-03 14:46:04.085055,PAN,Marco Bonilla,5890554,PARRAL,31104,Mujer,JOSEFINA MAYELA ITURRIRIA ALVARADO,28.68130451586,-106.099042698687,"C MIGUEL BARRAGAN 6912, PARRAL, 31104 Chihuahua,CHIH",,70,65+,,,SECRETARIA DE SALUD,MEDICHIHUAHUA,GOB FED - ADULTOS MAYORES,8,15,19,714,CHIHUAHUA
6142819238,2026-10-03 14:45:58.673010,PAN,Marco Bonilla,5097400,DUMAS,31137,Hombre,LUIS CARLOS CHAVEZ LIMON,28.7369891892428,-106.118183007,"C MINA ZAPORI 16520, DUMAS, 31137 Chihuahua,CHIH",,57,41–59,,,,,,6,12,19,2873,CHIHUAHUA
6144633390,2026-10-03 14:46:01.522107,PAN,Marco Bonilla,5953543,CHULAVISTA,31063,Mujer,ALMA PATRICIA FIERRO HOLGUIN,28.620885474896,-106.039001264628,"C CORINDON 1318, CHULAVISTA, 31063 Chihuahua,CHIH",,61,60–64,PAN,JMAS CHIHUAHUA,,,,8,17,19,605,CHIHUAHUA
6566110177,2026-10-03 14:46:04.721577,PAN,Marco Bonilla,5935339,U HAB BENITO JUAREZ,32390,Hombre,JESUS JOSE REYES CHACON,31.710539502535,-106.441506522924,"C MAESTROS MEXICANOS 2331, U HAB BENITO JUAREZ, 32390 Chihuahua,CHIH",,86,65+,,,,,GOB FED - ADULTOS MAYORES,4,4,37,1698,JUAREZ
6141578815,2026-10-03 14:46:14.404954,PAN,Marco Bonilla,5165420,PAVIS BORUNDA,31456,Mujer,MARIA GUADALUPE GARCIA SANCHEZ,28.5920197800023,-106.100895837,"C 102 2205, PAVIS BORUNDA, 31456 Chihuahua,CHIH",,50,41–59,MORENA,,SECRETARIA DE DESARROLLO HUMANO Y BIEN COMUN,FORTALECIMIENTO COMUNITARIO Y PARTICIPACION CIUDADANA,GOB FED - ADULTOS MAYORES,8,18,19,486,CHIHUAHUA
6141962140,2026-10-03 14:46:21.133054,PAN,Marco Bonilla,5131586,PUERTA DEL VALLE,31124,Mujer,LOREDANA JULIA GARRONE SAMUELE,28.693223855781,-106.151217429969,"C PUERTA DE NAPA 3013, PUERTA DEL VALLE, 31124 Chihuahua,CHIH",,63,60–64,,,,,,6,18,19,3214,CHIHUAHUA
6142130534,2026-10-03 14:46:11.635218,PAN,Marco Bonilla,6269709,ROBINSON,31375,Hombre,MANUEL MARQUEZ SANDOVAL,28.628978249,-106.082146044,"C CUAUHTEMOC 6911, ROBINSON, 31375 Chihuahua,CHIH",,73,65+,,,,,GOB FED - ADULTOS MAYORES,8,17,19,848,CHIHUAHUA
6141530392,2026-10-03 14:46:15.819523,PAN,Marco Bonilla,5820288,GRANJAS,31100,Mujer,LAURA CECILIA SOSA HOLGUIN,28.663651085982,-106.105884073055,"C CIPRES 9, GRANJAS, 31100 Chihuahua,CHIH",,60,60–64,,,,,,6,15,19,762,CHIHUAHUA
6144350250,2026-10-03 14:46:21.644691,PAN,Marco Bonilla,6391572,SAN LAZARO,31063,Mujer,CONCEPCION ESPINO JAUREGUI,28.60649668081,-106.043496730758,"C AZTECA 2003, SAN LAZARO, 31063 Chihuahua,CHIH",,78,65+,,,,,GOB FED - ADULTOS MAYORES,8,16,19,593,CHIHUAHUA
6141970988,2026-10-03 14:46:18.382573,PAN,Marco Bonilla,5508942,REVOLUCION,31107,Mujer,MICAELA ARTEAGA DIAZ,28.732147741135,-106.136120887506,"C 18 DE MARZO 126, REVOLUCION, 31107 Chihuahua,CHIH",,78,65+,PAN,SECRETARIA DE EDUCACION Y DEPORTE,COMISION ESTATAL DE VIVIENDA SUELO E INFRAESTRUCTURA,VIVIENDA DIGNA,GOB FED - ADULTOS MAYORES,6,15,19,634,CHIHUAHUA
6141847500,2026-10-03 14:46:23.532171,PAN,Marco Bonilla,7231114,VALLE DE LA MADRID,31455,Hombre,GILBERTO ANTONIO TORRENS ACOSTA,28.590917584255,-106.077142492688,"C VALLE GRANDE 5003, VALLE DE LA MADRID, 31455 Chihuahua,CHIH",,61,60–64,,,,,,8,16,19,539,CHIHUAHUA
6142153074,2026-10-03 14:46:24.132566,PAN,Marco Bonilla,5218204,RDCIAL CANTERA II,31216,Mujer,CLARA RAMIREZ HERNANDEZ,28.644347910211,-106.131458441729,"C CANTERA MARRON 7363, RDCIAL CANTERA II, 31216 Chihuahua,CHIH",,62,60–64,,,SECRETARIA DE SALUD,MEDICHIHUAHUA,,6,18,19,805,CHIHUAHUA
6143693790,2026-10-03 14:46:21.292421,PAN,Marco Bonilla,6086806,PUENTE DE PIEDRA,31115,Mujer,OLGALICIA LUJAN ORTEGA,28.651233000111,-106.149908039896,"CTO PUENTE DE NUEVO PARIS 3939, PUENTE DE PIEDRA, 31115 Chihuahua,CHIH",,50,41–59,,,,,,6,18,19,754,CHIHUAHUA
6143458947,2026-10-03 14:46:22.753142,PAN,Marco Bonilla,5608887,MISION UNIVERSIDAD III,31125,Mujer,ROSA ISELA LOPEZ OLIVAS,28.703551240593,-106.151084995899,"C COLEGIO SAN PIO 14352, MISION UNIVERSIDAD III, 31125 Chihuahua,CHIH",,48,41–59,,SECRETARIA DE HACIENDA,,,,6,12,19,3204,CHIHUAHUA
6142474057,2026-10-03 14:46:34.305070,PAN,Marco Bonilla,7086090,PASEOS DEL CAMINO REAL,31384,Hombre,HIRAM BERNAL RODARTE,28.672684546873,-105.981383056371,"C PASEOS DEL FALABELLA 9822, PASEOS DEL CAMINO REAL, 31384 Chihuahua,CHIH",,32,31–40,,,SECRETARIA DE SALUD,MEDICHIHUAHUA,,8,17,19,3237,CHIHUAHUA
6142190800,2026-10-03 14:46:31.063553,PAN,Marco Bonilla,5242915,RDCIAL CUMBRES IV,31216,Hombre,LUIS FERNANDO CABRERA PARRA,28.639883100353,-106.120519966875,"C MONTE LOGAN 2203, RDCIAL CUMBRES IV, 31216 Chihuahua,CHIH",,66,65+,,,,,,6,18,19,805,CHIHUAHUA
6142854113,2026-10-03 14:46:27.492376,PAN,Marco Bonilla,7476993,PASEOS DE CHIHUAHUA,31125,Mujer,LUZ VALERIA HERNANDEZ URIAS,28.716087773994,-106.139272231504,"RTNO PASEOS DE MEDANOS 14737, PASEOS DE CHIHUAHUA, 31125 Chihuahua,CHIH",,28,25–30,,SECRETARIA DE HACIENDA,,,,6,12,19,3193,CHIHUAHUA
6141424178,2026-10-03 14:46:34.403290,PAN,Marco Bonilla,5449458,GLORIA,31125,Hombre,JUAN ENRIQUE DE LA CRUZ ERIVES,28.684797707908,-106.10116397434,"C VIEDMA 7706, GLORIA, 31125 Chihuahua,CHIH",,54,41–59,,TRIBUNAL SUPERIOR DE JUSTICIA,,,,8,15,19,693,CHIHUAHUA
6563113793,2026-10-03 14:46:47.863396,PAN,Marco Bonilla,4990660,RINCONES DE SAN MARCOS,32450,Hombre,RAMIRO SOTO GONZALEZ,31.7233891810684,-106.414341488,"C CONVENTO DE SANTA TERESA 1135, RINCONES DE SAN MARCOS, 32450 Chihuahua,CHIH",,57,41–59,,,,,,4,4,37,1639,JUAREZ
6143947756,2026-10-03 14:46:49.830750,PAN,Marco Bonilla,6945704,CHE GUEVARA,31000,Hombre,MARCO ANTONIO RODRIGUEZ MENDIVIL,28.649773075548,-106.067195723796,"C JESUS GARCIA 3922, CHE GUEVARA, 31000 Chihuahua,CHIH",,33,31–40,,,,,,8,15,19,437,CHIHUAHUA
6143778135,2026-10-03 14:46:48.920643,PAN,Marco Bonilla,7431981,PUENTE DE PIEDRA,31115,Hombre,ANDRE ISMAEL SOTO PIÑON,28.650584860007,-106.148768781442,"C CERRADA PUENTE DE SORIA 9513, PUENTE DE PIEDRA, 31115 Chihuahua,CHIH",,28,25–30,PAN,,,,,6,18,19,754,CHIHUAHUA
6141400186,2026-10-03 14:46:43.238809,PAN,Marco Bonilla,4937091,SAN FRANCISCO,31300,Mujer,MARTHA GABRIELA RODRIGUEZ GONZALEZ,28.672296151149,-106.07739701586,"C SAN MIGUEL 4125, SAN FRANCISCO, 31300 Chihuahua,CHIH",,57,41–59,MORENA,,SECRETARIA DE DESARROLLO HUMANO Y BIEN COMUN,FORTALECIMIENTO COMUNITARIO Y PARTICIPACION CIUDADANA,,8,15,19,740,CHIHUAHUA
6142229429,2026-10-03 14:46:55.538343,PAN,Marco Bonilla,6431950,SANTA RITA,31020,Mujer,MARIA GUADALUPE FIGUEROA VENZOR,28.6555786,-106.08790499,"C 34 1805, SANTA RITA, 31020 Chihuahua,CHIH",,70,65+,PAN,,SECRETARIA DE DESARROLLO HUMANO Y BIEN COMUN,APOYO A PERSONAS MAYORES,GOB FED - ADULTOS MAYORES,8,16,19,462,CHIHUAHUA
6142364847,2026-10-03 14:46:58.055052,PAN,Marco Bonilla,5280408,MAJALCA,31120,Hombre,EMILIO RODRIGUEZ ANGEL,28.682408758,-106.113829356106,"C BONAMPAK 8, MAJALCA, 31120 Chihuahua,CHIH",,74,65+,,,,,GOB FED - ADULTOS MAYORES,6,15,19,681,CHIHUAHUA
6141888699,2026-10-03 14:47:00.668811,PAN,Marco Bonilla,5967805,PACIFICO,31020,Hombre,OSCAR SAENZ CARRILLO,28.618938169234,-106.075049894618,"C 38 3005, PACIFICO, 31020 Chihuahua,CHIH",,60,60–64,MORENA,,,,,8,16,19,464,CHIHUAHUA
6142151687,2026-10-03 14:46:58.612053,PAN,Marco Bonilla,6171545,JARDINES UNIVERSIDAD,31124,Hombre,MARIO ALEJANDRO FERNANDEZ BLANCO,28.690213411437,-106.146056859822,"C JARDIN DE LAS GARDENIAS 4819, JARDINES UNIVERSIDAD, 31124 Chihuahua,CHIH",,43,41–59,,,,,,6,18,19,641,CHIHUAHUA
6141379078,2026-10-03 14:47:06.553890,PAN,Marco Bonilla,5756876,LOMAS VALLARTA,31100,Hombre,LUIS JOEL GARDEA ESTRELLA,28.6751148451402,-106.113518119,"C BETECHI 400, LOMAS VALLARTA, 31100 Chihuahua,CHIH",,49,41–59,,SERVICIOS EDUCATIVOS DEL ESTADO DE CHIHUAUA,,,,6,15,19,722,CHIHUAHUA
6144167869,2026-10-03 14:47:06.289137,PAN,Marco Bonilla,5475413,SANTA ROSA,31050,Hombre,RAUL CANO GONZALEZ,28.627765626286,-106.063676538421,"C 2A 3609, SANTA ROSA, 31050 Chihuahua,CHIH",,59,41–59,,,,,,8,16,19,518,CHIHUAHUA
6565551030,2026-10-03 14:47:09.405263,PAN,Marco Bonilla,7575344,PARAJES DEL SOL,32696,Mujer,CINTHIA LUCERO MARTINEZ DUARTE,31.6234014989127,-106.413455548,"C JUAN DE BOLONIA 8540, PARAJES DEL SOL, 32696 Chihuahua,CHIH",,27,25–30,,SECRETARIA DE SEGURIDAD PUBLICA DEL ESTADO,DESARROLLO INTEGRAL DE LA FAMILIA CHIHUAHUA,"IMPULSAR EVENTOS, CURSOS Y TALLERES",,1,7,37,2810,JUAREZ
6142490111,2026-10-03 14:47:07.250309,PAN,Marco Bonilla,6357686,GRANJAS,31100,Hombre,GUSTAVO ENRIQUE AVILA JIMENEZ,28.667831341116,-106.096857686572,"C GABINO BARREDA 4712, GRANJAS, 31100 Chihuahua,CHIH",,45,41–59,,,,,,8,15,19,766,CHIHUAHUA
6143429482,2026-10-03 14:47:20.066082,PAN,Marco Bonilla,5500363,ROMA,31350,Hombre,LUZ BERNARDO AGUIRRE GONZALEZ,28.647167267579,-106.061455964139,"C 43 1205, ROMA, 31350 Chihuahua,CHIH",,59,41–59,,,,,,8,15,19,446,CHIHUAHUA
6562693457,2026-10-03 14:47:08.499201,PAN,Marco Bonilla,5278465,HERMENEGILDO GALEANA,32230,Hombre,JOSE HUMBERTO MENDOZA LUNA,31.7129792490524,-106.488758946,"C AYUTLA 3562, HERMENEGILDO GALEANA, 32230 Chihuahua,CHIH",,50,41–59,,SECRETARIA DE HACIENDA,,,,3,3,37,2038,JUAREZ
6141624650,2026-10-03 14:47:11.621316,PAN,Marco Bonilla,5542219,REAL SAN JUAN,31150,Mujer,MYRNA NOEMI CORRAL TRILLO,28.670567099,-106.071367252,"PRIV SAN JUAN BAUTISTA 4322, REAL SAN JUAN, 31150 Chihuahua,CHIH",,46,41–59,,,,,,8,15,19,717,CHIHUAHUA
6142767895,2026-10-03 14:47:13.351064,PAN,Marco Bonilla,6192925,CUMBRES UNIVERSIDAD,31124,Mujer,MELBA MATAMOROS CHAVEZ,28.687013703718,-106.143598447621,"C CUMBRE DE LA MORA 9141, CUMBRES UNIVERSIDAD, 31124 Chihuahua,CHIH",,58,41–59,,,,,,6,18,19,641,CHIHUAHUA
6141633075,2026-10-03 14:47:12.451008,PAN,Marco Bonilla,5764080,VALLE DE SAN PEDRO,31125,Hombre,LUIS ALBERTO CORONA REYES,28.728872871459,-106.152538694751,"C VALLE DE LA SANTA CRUZ 17105, VALLE DE SAN PEDRO, 31125 Chihuahua,CHIH",,44,41–59,PAN,,,,,6,12,19,3180,CHIHUAHUA
6141168678,2026-10-03 14:47:18.564848,PAN,Marco Bonilla,6267718,REAL CAROLINAS,31180,Mujer,MARGARITA MOLINA MEDRANO,28.745007196047,-106.136351528759,"C PLAZA REAL 17904, REAL CAROLINAS, 31180 Chihuahua,CHIH",,41,41–59,MORENA,,,,,6,12,19,2848,CHIHUAHUA
6142479765,2026-10-03 14:47:16.553206,PAN,Marco Bonilla,5843632,ARBOLEDAS,31110,Hombre,JAIME ALBERTO LUNA CADENA,28.664269744377,-106.119294162241,"C HUANCUNE 1800, ARBOLEDAS, 31110 Chihuahua,CHIH",,46,41–59,,,,,,6,15,19,753,CHIHUAHUA
6144215154,2026-10-03 14:47:23.028347,PAN,Marco Bonilla,6355713,GRANJAS,31100,Mujer,CLAUDIA JANETH MARTINEZ HERNANDEZ,28.670812825985,-106.112376445025,"C PONCIANO ARRIAGA 6114, GRANJAS, 31100 Chihuahua,CHIH",,43,41–59,,,,,,6,15,19,735,CHIHUAHUA
6143941862,2026-10-03 14:47:21.989352,PAN,Marco Bonilla,5879450,TIERRA Y LIBERTAD,31126,Hombre,ARMANDO ORTIZ JAIME,28.687878213212,-106.116912940572,"PRIV VICTORIA DEL PUEBLO 145, TIERRA Y LIBERTAD, 31126 Chihuahua,CHIH",,66,65+,,SECRETARIA DE DESARROLLO RURAL,,,,6,15,19,655,CHIHUAHUA
6141971585,2026-10-03 14:47:25.127977,PAN,Marco Bonilla,5994008,RDCIAL CUMBRES,31217,Hombre,ALBERTO GRANADOS SANDOVAL,28.643334811938,-106.122962929363,"C CUMBRE SANTA ELENA 2232, RDCIAL CUMBRES, 31217 Chihuahua,CHIH",,62,60–64,,,,,,6,18,19,805,CHIHUAHUA
6141400543,2026-10-03 14:47:30.985806,PAN,Marco Bonilla,5011613,DALE,31050,Mujer,ROSA ELVA MONTES CHAVIRA,28.6161738680424,-106.063924109,"C 30 4801, DALE, 31050 Chihuahua,CHIH",,67,65+,,,,,,8,16,19,548,CHIHUAHUA
3331041408,2026-10-03 14:47:33.808938,PAN,Marco Bonilla,7372563,REVOLUCION,31135,Hombre,MANUEL MARUNGO CEPEDA,28.698481865552,-106.109693062543,"C CD OJINAGA 165, REVOLUCION, 31135 Chihuahua,CHIH",,65,65+,,,,,,6,15,19,635,CHIHUAHUA
6142755997,2026-10-03 14:47:41.390105,PAN,Marco Bonilla,5552628,SANTA ROSA,31050,Mujer,ERIKA CYNTHIA FLORES GARCIA,28.6281627040623,-106.067931812,"C SEXTA 3002, SANTA ROSA, 31050 Chihuahua,CHIH",,46,41–59,,,,,,8,16,19,502,CHIHUAHUA
6141841264,2026-10-03 14:47:41.312099,PAN,Marco Bonilla,5173727,UNIDAD PRESIDENTES,31210,Mujer,MIREYA ISABEL TORRES JACOBO,28.6455864810911,-106.1018703,"C ALVARO OBREGON 436, UNIDAD PRESIDENTES, 31210 Chihuahua,CHIH",,49,41–59,,,,,,6,15,19,807,CHIHUAHUA
6141681681,2026-10-03 14:47:39.620585,PAN,Marco Bonilla,7579913,ALAMEDAS,31136,Mujer,LESLIE SOTO AGUIRRE,28.6555786,-106.08790499,"C MARTIN H  BARRIOS 14305, ALAMEDAS, 31136 Chihuahua,CHIH",,27,25–30,,H. CONGRESO DEL ESTADO,INSTITUTO CHIHUAHUENSE DE LA JUVENTUD,BECAS,,6,12,19,2898,CHIHUAHUA
6141923267,2026-10-03 14:47:43.176845,PAN,Marco Bonilla,5311597,PROVINCIA DE SANTA CLARA II,31160,Mujer,JESSICA LILIANA MENDIETA TORRES,28.71302178664,-106.161404991568,"C PROVINCIA DE SALERNO 2409, PROVINCIA DE SANTA CLARA II, 31160 Chihuahua,CHIH",,50,41–59,,,,,,6,12,19,3196,CHIHUAHUA
6142554382,2026-10-03 14:47:45.132377,PAN,Marco Bonilla,6004733,PANAMERICANA,31210,Mujer,DANIELA CITLALLI JACQUEZ FLORES,28.6492594520972,-106.108382501,"C REPUBLICA DE PANAMA 214, PANAMERICANA, 31210 Chihuahua,CHIH",,45,41–59,,TRIBUNAL SUPERIOR DE JUSTICIA,,,,6,15,19,801,CHIHUAHUA
6142316911,2026-10-03 14:47:54.678937,PAN,Marco Bonilla,6505577,RDCIAL DEL OLMO,31144,Mujer,ADRIANA EUNICE JUAREZ ALVIDREZ,28.737571541563,-106.103138498079,"C MINERAL EL CARRIZO 5109, RDCIAL DEL OLMO, 31144 Chihuahua,CHIH",,37,31–40,,,,,,6,18,19,3360,CHIHUAHUA
6141820184,2026-10-03 14:48:00.241859,PAN,Marco Bonilla,5894191,PANAMERICANA,31210,Hombre,AGUSTIN NARDEL MARQUEZ PACHECO,28.6540647441053,-106.109120317,"C RIO DE JANEIRO 520, PANAMERICANA, 31210 Chihuahua,CHIH",,48,41–59,,,,,,6,15,19,778,CHIHUAHUA
6563013021,2026-10-03 14:47:54.616917,PAN,Marco Bonilla,5092896,LA HACIENDA,32500,Hombre,HECTOR LUIS GARCIA TERRAZAS,31.71665193593,-106.415236986436,"C LA HACIENDA 7611, LA HACIENDA, 32500 Chihuahua,CHIH",,49,41–59,,,,,,4,5,37,1669,JUAREZ
8115771521,2026-10-03 14:47:55.652599,PAN,Marco Bonilla,5479736,PARAJES DEL SOL,32696,Hombre,MARCOS FREDY MANUEL MIGUEL,31.6235645759131,-106.405484777,"C PEDRO CORONEL 8730, PARAJES DEL SOL, 32696 Chihuahua,CHIH",,55,41–59,,,,,,1,7,37,2754,JUAREZ
6144939132,2026-10-03 14:48:01.870078,PAN,Marco Bonilla,5504427,PROVINCIA DE SANTA CLARA,31123,Hombre,EDGAR BENJAMIN ESTRADA MONTES DE OCA,28.715013665667,-106.16145142243,"CTO PROVINCIA DE PUNTA ARENAS 2408, PROVINCIA DE SANTA CLARA, 31123 Chihuahua,CHIH",,53,41–59,,FISCALIA GENERAL DEL ESTADO DE CHIHUAHUA,,,,6,12,19,3179,CHIHUAHUA
6141690572,2026-10-03 14:48:06.104147,PAN,Marco Bonilla,6015618,LA CIMA,31200,Hombre,ANTONIO MACKINTOSH RAMOS,28.662235666375,-106.087421172339,"C AHUEHUETE 2317, LA CIMA, 31200 Chihuahua,CHIH",,70,65+,,,,,,8,15,19,784,CHIHUAHUA
6141246366,2026-10-03 14:48:01.007536,PAN,Marco Bonilla,6451528,RINCONADA DE LA SIERRA IV,31124,Hombre,SIMON HIRAM HERNANDEZ PEREZ,28.6555786,-106.08790499,"C RINCONADA PEÑA AZUL 4247, RINCONADA DE LA SIERRA IV, 31124 Chihuahua,CHIH",,38,31–40,,JUNTA CENTRAL DE AGUA Y SANEAMIENTO,SECRETARIA DE SALUD,MEDICHIHUAHUA,,6,18,19,641,CHIHUAHUA
6141578305,2026-10-03 14:48:04.771616,PAN,Marco Bonilla,5382896,CAMPESTRE LAS CAROLINAS,31183,Hombre,GERARDO AGUILAR RODRIGUEZ,28.5945766,-106.1054749,"C CONEJOS 20104, CAMPESTRE LAS CAROLINAS, 31183 Chihuahua,CHIH",,64,60–64,,,,,,6,12,19,3344,CHIHUAHUA
6563383513,2026-10-03 14:48:07.388845,PAN,Marco Bonilla,5254124,CANTO DE CALABRIA,32540,Hombre,MARIO SALAS MARQUEZ,31.6952743790247,-106.35918317,"C VIA ITALIANA 944, CANTO DE CALABRIA, 32540 Chihuahua,CHIH",,57,41–59,,,,,,4,5,37,1706,JUAREZ
6142317680,2026-10-03 14:48:15.601154,PAN,Marco Bonilla,5649158,CAMPO BELLO III,31124,Hombre,LUIS CARLOS CERECERES VAZQUEZ,28.695708241766,-106.147404133679,"C NUEVA FE 9304, CAMPO BELLO III, 31124 Chihuahua,CHIH",,57,41–59,,,,,,6,12,19,3213,CHIHUAHUA
6141838509,2026-10-03 14:48:15.815265,PAN,Marco Bonilla,6042419,DALE,31050,Mujer,ROMELIA VALDEZ AGUIRRE,28.613534023038,-106.062119759,"C 34 5212, DALE, 31050 Chihuahua,CHIH",,79,65+,PRI,,,,GOB FED - ADULTOS MAYORES,8,16,19,545,CHIHUAHUA
6142833703,2026-10-03 14:48:29.771079,PAN,Marco Bonilla,4990876,SANTA RITA,31020,Hombre,JESUS MANUEL PEREZ ARAMBULA,28.627817466662,-106.082380195425,"C MORELOS 2216, SANTA RITA, 31020 Chihuahua,CHIH",,60,60–64,PAN,,SECRETARIA DE SALUD,SECRETARIA DE SALUD,,8,16,19,460,CHIHUAHUA
6142687475,2026-10-03 14:48:36.819473,PAN,Marco Bonilla,5616770,SANTA ROSA,31050,Hombre,LUIS FERNANDO ALVARADO ACEVES,28.628238164181,-106.066403466308,"C 4A 3204, SANTA ROSA, 31050 Chihuahua,CHIH",,48,41–59,,,,,,8,16,19,518,CHIHUAHUA
6143491447,2026-10-03 14:48:35.947064,PAN,Marco Bonilla,6111983,JOSEFA ORTIZ DE DOMINGUEZ,31304,Mujer,MARICELA CERVANTES TORRES,32.497597073802,-117.049487757422,"C CANARIOS 501, JOSEFA ORTIZ DE DOMINGUEZ, 31304 Chihuahua,CHIH",,51,41–59,,,,,,8,15,19,815,CHIHUAHUA
6144940093,2026-10-03 14:48:38.688241,PAN,Marco Bonilla,6070697,LOS OLIVOS,31180,Mujer,CECILIA BURCIAGA CHAVIRA,28.743498503846,-106.141961127129,"C OLIVAR DE ALICANTE 177, LOS OLIVOS, 31180 Chihuahua,CHIH",,52,41–59,,,,,,6,12,19,3344,CHIHUAHUA
6141601167,2026-10-03 14:48:45.285086,PAN,Marco Bonilla,6883535,PANAMERICANA,31210,Mujer,IVONNE URQUIZA MEDRANO,28.656501396865,-106.121403000374,"C WASHINGTON 3907, PANAMERICANA, 31210 Chihuahua,CHIH",,70,65+,,,,,GOB FED - ADULTOS MAYORES,6,18,19,756,CHIHUAHUA
6141846244,2026-10-03 14:48:37.593704,PAN,Marco Bonilla,5364096,MEXICO 91,31064,Hombre,ALVARO CORDOVA DE LA CRUZ,28.59999934379,-106.020888558599,"PRIV DE 23 2313, MEXICO 91, 31064 Chihuahua,CHIH",,55,41–59,,,,,,8,16,19,3298,CHIHUAHUA
6142245290,2026-10-03 14:48:42.303372,PAN,Marco Bonilla,5994392,BUROCRATA ESTATAL,31210,Hombre,CARLOS MIYAR ALVAREZ,28.654448613489,-106.107391859908,"C 10 DE JUNIO 5101, BUROCRATA ESTATAL, 31210 Chihuahua,CHIH",,45,41–59,,,,,,6,15,19,801,CHIHUAHUA
6141631990,2026-10-03 14:48:47.305254,PAN,Marco Bonilla,5288046,RDCIAL RINCONADAS DE LA SIERRA,31124,Mujer,ELIA MARTINA LOPEZ TELLEZ,28.6555786,-106.08790499,"C RINCONADA PEÑA AZUL 4403, RDCIAL RINCONADAS DE LA SIERRA, 31124 Chihuahua,CHIH",,63,60–64,,,,,,6,18,19,641,CHIHUAHUA
6141970258,2026-10-03 14:48:50.017327,PAN,Marco Bonilla,5817012,QUINTA MONTECARLO,31170,Hombre,MILTON CARLOS GARCIA,28.752032797202,-106.145391923443,"C ARBOL DEL MANNA 204, QUINTA MONTECARLO, 31170 Chihuahua,CHIH",,45,41–59,,,,,,6,12,19,3344,CHIHUAHUA
6141632231,2026-10-03 14:48:52.315499,PAN,Marco Bonilla,5512486,CAMPO BELLO V,31124,Hombre,ROBERTO GANIRI VIEZCAS AMARO,28.6970442271766,-106.151046839,"C CAMPO DEL ALGODON 9313, CAMPO BELLO V, 31124 Chihuahua,CHIH",,49,41–59,,SERVICIOS EDUCATIVOS DEL ESTADO DE CHIHUAUA,,,,6,12,19,3208,CHIHUAHUA
6143760707,2026-10-03 14:49:00.247004,PAN,Marco Bonilla,7108731,PANORAMICO,31107,Hombre,BRAULIO ALONSO RODRIGUEZ ENRIQUEZ,28.6743541281388,-106.11729459,"C OYAMA 831, PANORAMICO, 31107 Chihuahua,CHIH",,32,31–40,,,SECRETARIA DE DESARROLLO HUMANO Y BIEN COMUN,APOYO A PERSONAS CON DISCAPACIDAD,GOB FED - PENSION PERSONAS CON DISCAPACIDAD,6,15,19,723,CHIHUAHUA
6141038909,2026-10-03 14:48:58.148243,PAN,Marco Bonilla,5886774,PROVINCIA DE SANTA CLARA,31125,Hombre,DAVID MANJARREZ RASCON,28.71270740358,-106.158556122492,"CTO PROVINCIA DE ALICANTE 2400, PROVINCIA DE SANTA CLARA, 31125 Chihuahua,CHIH",,45,41–59,,,SECRETARIA DE SALUD,MEDICHIHUAHUA,,6,12,19,3196,CHIHUAHUA
6141054078,2026-10-03 14:48:52.429059,PAN,Marco Bonilla,6364107,CORDILLERAS,31124,Hombre,LUIS DEMETRIO MAR CEPEDA,28.7013445491837,-106.148197014,"C CAMPO DEL AGOSTADERO 6005, CORDILLERAS, 31124 Chihuahua,CHIH",,39,31–40,MORENA,,,,,6,12,19,3209,CHIHUAHUA
6142474051,2026-10-03 14:49:04.796736,PAN,Marco Bonilla,4897989,BELLAVISTA,31050,Mujer,MARIA DOLORES CHACON MUÑOZ,28.620565076648,-106.063712875388,"C PONCE DE LEON 1610, BELLAVISTA, 31050 Chihuahua,CHIH",,64,60–64,MORENA,INSTITUTO CHIHUAHUENSE DE SALUD,,,,8,16,19,549,CHIHUAHUA
6144231747,2026-10-03 14:49:07.825984,PAN,Marco Bonilla,5202877,CUMBRES,31217,Hombre,JESUS HUMBERTO DE LA RIVA RAMOS,28.642926359849,-106.120493647699,"C CUMBRE MONTELINAR 2004, CUMBRES, 31217 Chihuahua,CHIH",,70,65+,,,,,GOB FED - ADULTOS MAYORES,6,18,19,805,CHIHUAHUA
6141926831,2026-10-03 14:49:11.935500,PAN,Marco Bonilla,6012346,MARMOL III,31080,Mujer,MARIA OFELIA ARELLANES MAURICIO,28.601832295282,-106.035120600275,"C FRANCISCO DE MONTEJO 3031, MARMOL III, 31080 Chihuahua,CHIH",,66,65+,,,,,,8,16,19,597,CHIHUAHUA
6142781496,2026-10-03 14:49:06.949121,PAN,Marco Bonilla,5998430,HACIENDAS DEL VALLE II,31217,Mujer,LETICIA GUADALUPE HIGUERA ARAGON,28.639495437331,-106.119574572015,"C HACIENDA DE LA LUZ 1800, HACIENDAS DEL VALLE II, 31217 Chihuahua,CHIH",,67,65+,,,SECRETARIA DE DESARROLLO HUMANO Y BIEN COMUN,APOYO A PERSONAS MAYORES,,6,18,19,805,CHIHUAHUA
6566384182,2026-10-03 14:49:09.360927,PAN,Marco Bonilla,5135274,CHARROS,31210,Hombre,GUILLERMO GUTIERREZ ESPINOZA,28.655276422492,-106.119304634174,"C SILVERIO PEREZ 511, CHARROS, 31210 Chihuahua,CHIH",,55,41–59,,,,,,6,15,19,775,CHIHUAHUA
6141963481,2026-10-03 14:49:16.499572,PAN,Marco Bonilla,6304030,RDCIAL VERANDAH,31207,Hombre,ALBERTO FARRES CHAVEZ,28.605840532562,-106.125583794101,"C PEDRO ZULOAGA 11400, RDCIAL VERANDAH, 31207 Chihuahua,CHIH",,47,41–59,,UNIVERSIDAD AUTONOMA DE CHIHUAHUA (3ER TRIMESTRE),,,,6,18,19,847,CHIHUAHUA
6141380496,2026-10-03 14:49:29.817806,PAN,Marco Bonilla,7082590,PLOMEROS,31370,Mujer,CATALINA CASTRUITA LOPEZ,28.650196186365,-106.030855536653,"BLVD LOMBARDO TOLEDANO 2628, PLOMEROS, 31370 Chihuahua,CHIH",,56,41–59,,,SECRETARIA DE DESARROLLO HUMANO Y BIEN COMUN,FORTALECIMIENTO COMUNITARIO Y PARTICIPACION CIUDADANA,,8,17,19,509,CHIHUAHUA
6145096558,2026-10-03 14:49:35.900151,PAN,Marco Bonilla,5015591,PRADERAS DE LEON,31313,Hombre,SERGIO GARDUÑO HERRERA,28.673842297249,-106.033755785801,"C RUANDA 9105, PRADERAS DE LEON, 31313 Chihuahua,CHIH",,67,65+,,,,,,8,17,19,3230,CHIHUAHUA
6562698333,2026-10-03 14:49:34.107667,PAN,Marco Bonilla,4909614,FRACC VILLA HERMOSA,32510,Mujer,LILIA JOSEFINA CARRILLO TERRAZAS,31.714085061901,-106.429333922653,"C MECATEPEC 6440, FRACC VILLA HERMOSA, 32510 Chihuahua,CHIH",,73,65+,,,,,GOB FED - ADULTOS MAYORES,4,4,37,1680,JUAREZ
6141211754,2026-10-03 14:49:35.682006,PAN,Marco Bonilla,5348726,VILLA DEL REAL,31137,Mujer,ROSANA ELIAS DE LA GARZA,28.737709046685,-106.124634475505,"C MINA PROGRESO 1511, VILLA DEL REAL, 31137 Chihuahua,CHIH",,52,41–59,,,,,,6,12,19,2867,CHIHUAHUA
6141206722,2026-10-03 14:49:40.737275,PAN,Marco Bonilla,5835521,BRISAS DEL REAL,31150,Mujer,LUZ ROCIO MIRANDA ORDOÑEZ,28.676450594692,-106.093943230595,"C MINSTRAL 6103, BRISAS DEL REAL, 31150 Chihuahua,CHIH",,71,65+,,,,,,8,15,19,718,CHIHUAHUA
6144067385,2026-10-03 14:49:46.630517,PAN,Marco Bonilla,5029848,SANTO NIÑO,31200,Hombre,JUAN GERMAN AGUILERA GARCIA,28.647641264204,-106.077872927337,"PRIV ESCUDERO 2305, SANTO NIÑO, 31200 Chihuahua,CHIH",,60,60–64,,,,,,8,15,19,831,CHIHUAHUA
6562800082,2026-10-03 14:49:38.773665,PAN,Marco Bonilla,5838785,PRADOS DE SALVARCAR,32573,Hombre,CECILIO ARTURO XX OROZCO,31.6445579039457,-106.372478542,"C MICHOACAN 644, PRADOS DE SALVARCAR, 32573 Chihuahua,CHIH",,62,60–64,,,,,,1,9,37,1858,JUAREZ
6144174639,2026-10-03 14:49:41.682305,PAN,Marco Bonilla,5368401,GRANJAS,31100,Hombre,JOSE JESUS FAUSTO SANCHEZ DENTON,28.663299123574,-106.103421275823,"C NOGAL 112, GRANJAS, 31100 Chihuahua,CHIH",,77,65+,,,,,GOB FED - ADULTOS MAYORES,6,15,19,763,CHIHUAHUA
6566103073,2026-10-03 14:49:42.133217,PAN,Marco Bonilla,4998541,CARLOS CASTILLO PERAZA,32575,Mujer,MARIA ELIZABETH XX MARTINEZ,31.5943582148674,-106.362128472,"C SALOMON ACOSTA BAYLON 2804, CARLOS CASTILLO PERAZA, 32575 Chihuahua,CHIH",,59,41–59,,,,,,2,10,37,2781,JUAREZ
6144826754,2026-10-03 14:49:46.499546,PAN,Marco Bonilla,5304719,REVOLUCION,31135,Mujer,ALEJANDRA CONTRERAS GARCIA,28.7013899971838,-106.11493667,"C LUCHA OBRERA 206, REVOLUCION, 31135 Chihuahua,CHIH",,58,41–59,MORENA,,,,,6,12,19,618,CHIHUAHUA
6144192957,2026-10-03 14:49:47.318229,PAN,Marco Bonilla,5213276,ROMA,31100,Hombre,SERGIO ARTURO NUÑEZ ALONSO,28.675228313488,-106.111422750352,"C IGNACIO COMONFORT 6745, ROMA, 31100 Chihuahua,CHIH",,65,65+,,COMISION ESTATAL DE LOS DERECHOS HUMANOS,,,,6,15,19,722,CHIHUAHUA
6141987457,2026-10-03 14:49:51.574344,PAN,Marco Bonilla,4900727,QUINTA VERSALLES,31313,Mujer,CRISTINA EYEYLIN MACIAS VAZQUEZ,28.680406626631,-106.040195853468,"C COMORES 9504, QUINTA VERSALLES, 31313 Chihuahua,CHIH",,48,41–59,,,,,,8,17,19,3224,CHIHUAHUA
6143449952,2026-10-03 14:49:49.671148,PAN,Marco Bonilla,7222572,PACIFICO,31030,Hombre,JUAN FERNANDO GUERRERO GONZALEZ,28.6555786,-106.08790499,"C 36A 3013, PACIFICO, 31030 Chihuahua,CHIH",,35,31–40,,ARCHIVO GENERAL DEL ESTADO DE CHIHUAUHUA,,,,8,16,19,464,CHIHUAHUA
6143284490,2026-10-03 14:49:56.062858,PAN,Marco Bonilla,6505070,PAQUIME,31120,Mujer,ISABEL SARAHI SOTO BAEZ,28.680168748219,-106.127278630681,"C COYOLXAUQUI 1418, PAQUIME, 31120 Chihuahua,CHIH",,37,31–40,,CHIHUAHUA,,,,6,15,19,676,CHIHUAHUA
6142452838,2026-10-03 14:49:59.474649,PAN,Marco Bonilla,6774686,SAN RAFAEL,31060,Hombre,MANUEL RICARDO HUERTA RIOS,28.6555786,-106.08790499,"C 37A 4007, SAN RAFAEL, 31060 Chihuahua,CHIH",,35,31–40,,,,,,8,17,19,561,CHIHUAHUA
6144111065,2026-10-03 14:49:56.342745,PAN,Marco Bonilla,5027497,CAMPESTRE,31213,Mujer,MARIA ANTONIETA BAEZA MARES,28.635862091852,-106.111972437292,"AV CAMPESTRE 238, CAMPESTRE, 31213 Chihuahua,CHIH",,46,41–59,,,,,,6,18,19,823,CHIHUAHUA
6144190203,2026-10-03 14:50:06.064563,PAN,Marco Bonilla,5864122,GRANJAS,31160,Mujer,CRUZ ZAMBRANO NOGAL,28.670123919478,-106.106589561613,"PRIV DE MANUEL COSSIO 5711, GRANJAS, 31160 Chihuahua,CHIH",,57,41–59,,,,,,6,15,19,746,CHIHUAHUA
6144158186,2026-10-03 14:50:08.538242,PAN,Marco Bonilla,5491988,ROMA SUR,31350,Hombre,JOSE MANUEL HERRERA SALCEDO,28.646949002821,-106.059072318514,"C JOSE CORONADO 4503, ROMA SUR, 31350 Chihuahua,CHIH",,67,65+,,,,,,8,15,19,444,CHIHUAHUA
6141610969,2026-10-03 14:50:11.746513,PAN,Marco Bonilla,7059556,FRANCISCO R ALMADA,31034,Mujer,AMERICA DENISSE BORUNDA HERMOSILLO,28.597325956727,-106.064940069832,"C GRACIELA DE LA VEGA 5204, FRANCISCO R ALMADA, 31034 Chihuahua,CHIH",,32,31–40,,,,,,8,16,19,541,CHIHUAHUA
6144113411,2026-10-03 14:50:16.479532,PAN,Marco Bonilla,5570919,LOMAS DEL SANTUARIO,31206,Mujer,PATRICIA DE GUADALUPE LOZANO GUTIERREZ,28.625820837098,-106.098072318186,"C PRESA LA ESTANCIA 2507, LOMAS DEL SANTUARIO, 31206 Chihuahua,CHIH",,76,65+,,,,,GOB FED - ADULTOS MAYORES,6,18,19,840,CHIHUAHUA
6141530144,2026-10-03 14:50:23.192180,PAN,Marco Bonilla,5993822,PANORAMICO,31140,Hombre,CRISTIAN DOMINGUEZ ALVAREZ,28.673909613479,-106.11588176744,"C KENIA 811, PANORAMICO, 31140 Chihuahua,CHIH",,51,41–59,,SERVICIOS DE SALUD DE CHIHUAHUA,,,,6,15,19,723,CHIHUAHUA
6141883036,2026-10-03 14:50:17.596859,PAN,Marco Bonilla,6473035,MIRADOR,31270,Mujer,MARIA ELENA ACOSTA ROBLES,28.633474026381,-106.090893749492,"C PEKIN 2208, MIRADOR, 31270 Chihuahua,CHIH",,84,65+,,,,,GOB FED - ADULTOS MAYORES,6,18,19,827,CHIHUAHUA
6142209844,2026-10-03 14:50:16.422425,PAN,Marco Bonilla,5326043,QUINTAS DEL SOL,31214,Hombre,JOSE ANTONIO FERREIRO BURDICK,28.628553156102,-106.104966088247,"C ODESSA 3211, QUINTAS DEL SOL, 31214 Chihuahua,CHIH",,45,41–59,,COORDINACION DE RELACIONES PUBLICAS,,,,6,18,19,839,CHIHUAHUA
6141878101,2026-10-03 14:50:26.820999,PAN,Marco Bonilla,6038304,SANTA ROSA,31050,Hombre,RENE HINOJOS GAYTAN,28.622950524382,-106.052166384669,"C 3A 5615, SANTA ROSA, 31050 Chihuahua,CHIH",,55,41–59,,,,,,8,17,19,552,CHIHUAHUA
6143943602,2026-10-03 14:50:22.998045,PAN,Marco Bonilla,5613021,SAN FELIPE,31203,Hombre,LUIS RAUL FLORES ANDUJO,28.648269068752,-106.092428018382,"C DIEGO DE VILCHIS 2909, SAN FELIPE, 31203 Chihuahua,CHIH",,42,41–59,,,,,,6,15,19,798,CHIHUAHUA
6141843533,2026-10-03 14:50:18.814941,PAN,Marco Bonilla,5534598,RDCIAL CAMPESTRE,31213,Mujer,MARIA DE LOURDES MELENDEZ PIZARRO,28.642959384547,-106.110488253697,"C CONNECTICUT 4915, RDCIAL CAMPESTRE, 31213 Chihuahua,CHIH",,55,41–59,,,,,,6,15,19,806,CHIHUAHUA
6142312960,2026-10-03 14:50:28.401377,PAN,Marco Bonilla,5225479,VILLA DEL REAL,31137,Mujer,ELVIA MARIA SAENZ ROBLES,28.734487085014,-106.125773743785,"C DEL ONIX 16527, VILLA DEL REAL, 31137 Chihuahua,CHIH",,42,41–59,,,,,,6,12,19,2875,CHIHUAHUA
6141902328,2026-10-03 14:50:33.796027,PAN,Marco Bonilla,4872547,PONCE DE LEON,31136,Hombre,JESUS SALVADOR PEREYRA CORRAL,28.724056979978,-106.103952548515,"C EDGAR ALAN POE 14907, PONCE DE LEON, 31136 Chihuahua,CHIH",,57,41–59,PAN,CHIHUAHUA,,,,6,17,19,3288,CHIHUAHUA
6144168984,2026-10-03 14:50:32.095361,PAN,Marco Bonilla,5575286,CENTRO,31000,Mujer,SILVIA ARAUJO CEBALLOS,28.634566691029,-106.069511183299,"PRIV PIPILA 2017, CENTRO, 31000 Chihuahua,CHIH",,62,60–64,,,,,,8,15,19,457,CHIHUAHUA
6144270643,2026-10-03 14:50:37.688987,PAN,Marco Bonilla,6088776,QUINTAS DEL SOL,31214,Mujer,MARIA DEL PILAR GARCIA GONZALEZ,28.631677121366,-106.102028927241,"C OKLAHOMA 2801, QUINTAS DEL SOL, 31214 Chihuahua,CHIH",,61,60–64,,,,,,6,18,19,838,CHIHUAHUA
6144274734,2026-10-03 14:50:40.887859,PAN,Marco Bonilla,6152640,MAGISTERIAL,31200,Hombre,MARIO FLORES CONTRERAS,28.904596111,-106.298105278,"LT PASCUAL OROZCO 1137, MAGISTERIAL, 31200 Chihuahua,CHIH",,56,41–59,,JUAREZ - CENTRALIZADA,,,,8,15,19,782,CHIHUAHUA
6141682691,2026-10-03 14:50:44.317509,PAN,Marco Bonilla,5720123,RDCIAL CUMBRES V,31217,Hombre,MARGARITO RAMIREZ GUTIERREZ,28.642893091911,-106.127615828347,"C MONTE KEA 2614, RDCIAL CUMBRES V, 31217 Chihuahua,CHIH",,61,60–64,,,,,,6,18,19,805,CHIHUAHUA
6141967339,2026-10-03 14:50:43.772561,PAN,Marco Bonilla,5967891,PANAMERICANA,31210,Mujer,VIANNEY ILEANA BUENO VALLES,28.642471390144,-106.084648271131,"C ANTONIO DE MONTES 5508, PANAMERICANA, 31210 Chihuahua,CHIH",,58,41–59,,,,,,6,15,19,801,CHIHUAHUA
6144820252,2026-10-03 14:50:43.337585,PAN,Marco Bonilla,5571917,LOMAS SAN JOSE,31126,Mujer,VERONICA CASTRO MENDOZA,28.690671987166,-106.117050784,"C DINAMARCA 122, LOMAS SAN JOSE, 31126 Chihuahua,CHIH",,51,41–59,,,,,,6,15,19,638,CHIHUAHUA
6141613753,2026-10-03 14:50:46.165840,PAN,Marco Bonilla,7152848,CAFETALES,31125,Mujer,CLAUDIA VERONICA DELGADO MORALES,28.718900936059,-106.14869389038,"C CAFETALES SIMOJOVEL 620, CAFETALES, 31125 Chihuahua,CHIH",,52,41–59,,,,,,6,12,19,3190,CHIHUAHUA
6144580440,2026-10-03 14:50:53.258496,PAN,Marco Bonilla,5811604,ROMANCE,31313,Hombre,SIMEY DANIEL CRUZ JARQUIN,28.6849886891565,-106.033463616,"C BRONTE 1551, ROMANCE, 31313 Chihuahua,CHIH",,52,41–59,,,,,,8,17,19,3223,CHIHUAHUA
6141840396,2026-10-03 14:50:57.217847,PAN,Marco Bonilla,5215934,MORELOS,31420,Hombre,JOSE ALFREDO MORALES MARISCAL,28.607335545615,-106.108986041949,"C ROBERTO ESPERON 2131, MORELOS, 31420 Chihuahua,CHIH",,45,41–59,,,SECRETARIA DE SALUD,MEDICHIHUAHUA,,6,18,19,412,CHIHUAHUA
6144215425,2026-10-03 14:51:01.542039,PAN,Marco Bonilla,5050356,REVOLUCION,31135,Hombre,EDUARDO RIVERA HOLGUIN,28.685731297,-106.132293794,"C IGNACIO RODRIGUEZ 48, REVOLUCION, 31135 Chihuahua,CHIH",,70,65+,,,,,GOB FED - ADULTOS MAYORES,6,12,19,615,CHIHUAHUA
6142883207,2026-10-03 14:51:04.069941,PAN,Marco Bonilla,5988103,QUINTA VERSALLES,31313,Hombre,DAVID BORJAS MELENDEZ,28.676906558255,-106.036202088528,"C TUNEZ 1111, QUINTA VERSALLES, 31313 Chihuahua,CHIH",,47,41–59,,DESARROLLO INTEGRAL DE LA FAMILA DEL ESTADO DE CHIHUAHUA,ICHIJUV - Instituto Chihuahuense de la Juventud,INSTITUCIONALIZACION PARA LA PERSPECTIVA DE LAS JUVENTUDES,,8,17,19,3230,CHIHUAHUA
6142311228,2026-10-03 14:51:06.939042,PAN,Marco Bonilla,5366887,CAFETALES I,31125,Mujer,FLOR MARIA ESPARZA VILLAGRAN,28.721537002698,-106.148288541542,"C CAFETALES DE AMATENANGO 404, CAFETALES I, 31125 Chihuahua,CHIH",,58,41–59,,,,,,6,12,19,3186,CHIHUAHUA
6141183072,2026-10-03 14:51:06.717432,PAN,Marco Bonilla,7538234,PUNTA ORIENTE,NULL,Mujer,LIZBETH ARELI HERNANDEZ MENDEZ,28.662631972654,-105.946928339721,"C PUNTA EL ESCALON 9313, PUNTA ORIENTE, NULL Chihuahua,CHIH",,28,25–30,MORENA,,SECRETARIA DE DESARROLLO HUMANO Y BIEN COMUN,DESARROLLO HUMANO,,8,17,19,3215,CHIHUAHUA
6566161349,2026-10-03 14:51:11.784575,PAN,Marco Bonilla,5255581,AMPL AEROPUERTO,32690,Mujer,MARIA LOURDES GARDEA AGUIRRE,31.665627393716,-106.394688415525,"C AJENJO 9531, AMPL AEROPUERTO, 32690 Chihuahua,CHIH",,71,65+,,,SECRETARIA DE DESARROLLO HUMANO Y BIEN COMUN,JUNTOS SI PODEMOS,GOB FED - ADULTOS MAYORES,4,5,37,1791,JUAREZ
6144206147,2026-10-03 14:51:18.642881,PAN,Marco Bonilla,5584320,VILLA JUAREZ,31064,Hombre,HUGO PACHECO PORTILLO,28.602663259303,-106.015029692098,"C 15 504, VILLA JUAREZ, 31064 Chihuahua,CHIH",,57,41–59,,,,,,8,16,19,876,CHIHUAHUA
6562658964,2026-10-03 14:51:15.901182,PAN,Marco Bonilla,6368948,HARMONI,32668,Hombre,ORLANDO DANIEL AVITIA,31.680049799234,-106.406507904831,"C VIA KOMPRENI 8502, HARMONI, 32668 Chihuahua,CHIH",,39,31–40,,,SECRETARIA DE SALUD,MEDICHIHUAHUA,,4,5,37,1754,JUAREZ
6566183082,2026-10-03 14:51:26.768662,PAN,Marco Bonilla,6322220,COMPLEJO CIELO,32599,Mujer,GRISEL DE LOS ANGELES ALTAMIRANO ALOR,31.6161097249013,-106.353293322,"C MEZCALEROS 1706, COMPLEJO CIELO, 32599 Chihuahua,CHIH",,40,31–40,,,SECRETARIA DE DESARROLLO HUMANO Y BIEN COMUN,JUNTOS SI PODEMOS,,2,8,37,2731,JUAREZ
6142840861,2026-10-03 14:51:26.358838,PAN,Marco Bonilla,6330190,CAMPANARIO,31236,Mujer,ANAIS DENEFF FLORES ADAME,28.64090986986,-106.115160502739,"C MISION DE SANTA ANNA DE CHINARRAS 6105, CAMPANARIO, 31236 Chihuahua,CHIH",,40,31–40,,INSTITUTO CHIHUAHUENSE DEL DEPORTE Y CULTURA FISICA,,,,6,18,19,805,CHIHUAHUA
6143694655,2026-10-03 14:51:45.390574,PAN,Marco Bonilla,5328613,ALAMILLO DE BAYLON,33124,Mujer,MARTHA ALMAZAN PANIAGUA,28.6555786,-106.08790499,,,61,60–64,,,COMISION ESTATAL DE VIVIENDA SUELO E INFRAESTRUCTURA,VIVIENDA DIGNA,,8,16,19,904,CHIHUAHUA
6142753945,2026-10-03 14:51:36.436209,PAN,Marco Bonilla,5983591,LINCE II,31189,Mujer,GUADALUPE MONTAÑEZ LARA,28.671272196188,-106.077340089752,"PRIV MA DE LOS ANGELES 4105, LINCE II, 31189 Chihuahua,CHIH",,77,65+,,,,,,8,15,19,740,CHIHUAHUA
6355830024,2026-10-03 14:51:46.388857,PAN,Marco Bonilla,7267063,CERRO DE LA CRUZ,31460,Hombre,VICTOR MANUEL SAUZAMEDA MOLINA,28.601838179873,-106.081868969093,"PRIV ANTONIO OCHOA 7019, CERRO DE LA CRUZ, 31460 Chihuahua,CHIH",,73,65+,,,,,GOB FED - ADULTOS MAYORES,8,16,19,535,CHIHUAHUA
6141069454,2026-10-03 14:51:33.237546,PAN,Marco Bonilla,6282958,GRANJAS,31100,Mujer,CLAUDIA IRASEMA RAMIREZ MARTINEZ,28.670516148522,-106.101123320917,"PRIV VALLARTA 5509, GRANJAS, 31100 Chihuahua,CHIH",,40,31–40,,FISCALIA GENERAL DEL ESTADO DE CHIHUAHUA,,,,6,15,19,743,CHIHUAHUA
6141968287,2026-10-03 14:51:51.116699,PAN,Marco Bonilla,5637822,SAN CARLOS,31150,Mujer,LUZ MARIA MARTINEZ HERNANDEZ,28.6776818031444,-106.07378219,"PRIV SAN ANTONIO 4907, SAN CARLOS, 31150 Chihuahua,CHIH",,59,41–59,MORENA,SERVICIOS DE SALUD DE CHIHUAHUA,SECRETARIA DE SALUD,MEDICHIHUAHUA,,8,15,19,739,CHIHUAHUA
6141713349,2026-10-03 14:51:54.933314,PAN,Marco Bonilla,7005434,MARMOL,31063,Mujer,MARIBEL NOCHE DIAZ,28.604230926653,-106.034516443515,"C ANTONIO DE QUIÑONEZ 8400, MARMOL, 31063 Chihuahua,CHIH",,60,60–64,,,,,,8,16,19,599,CHIHUAHUA
6141069748,2026-10-03 14:51:54.178985,PAN,Marco Bonilla,5769738,EL CAMPANARIO,31213,Hombre,FRANCISCO CECEÑAS CASTAÑEDA,28.645058129283,-106.114524978266,"AV MIRADOR 6301, EL CAMPANARIO, 31213 Chihuahua,CHIH",,72,65+,,,,,,6,15,19,804,CHIHUAHUA
6565573812,2026-10-03 14:51:52.151810,PAN,Marco Bonilla,5225360,OLIVIA ESPINOZA,32575,Mujer,OFELIA SEGUNDO HERNANDEZ,31.592831780013,-106.371617394673,"C MARGARITA MUÑOZ DE SOSA 903, OLIVIA ESPINOZA, 32575 Chihuahua,CHIH",,43,41–59,,,,,GOB FED - BECAS BASICO,2,9,37,2785,JUAREZ
6143499105,2026-10-03 14:52:04.037609,PAN,Marco Bonilla,5487077,COLINAS DEL SOL,31110,Mujer,LAURA CASTAÑON SANCHEZ,28.660500025684,-106.11871626513,"C ALONDRA 4314, COLINAS DEL SOL, 31110 Chihuahua,CHIH",,56,41–59,MORENA,,,,,6,15,19,757,CHIHUAHUA
6562627373,2026-10-03 14:52:03.154724,PAN,Marco Bonilla,7385863,LAS ALDABAS,32545,Mujer,MARIA GUADALUPE ESPINOZA LARES,31.698936722929,-106.385858154524,"C PALMANOVA PTE 2312, LAS ALDABAS, 32545 Chihuahua,CHIH",,75,65+,,,,,GOB FED - ADULTOS MAYORES,4,5,37,3310,JUAREZ
6142721279,2026-10-03 14:52:17.590123,PAN,Marco Bonilla,5800445,GRANJAS,31100,Hombre,ALEJANDRO ALBERTO TARANGO ALVAREZ,28.66031443411,-106.103987477279,"C SABINO 10, GRANJAS, 31100 Chihuahua,CHIH",,59,41–59,,,,,,6,15,19,772,CHIHUAHUA
6141888842,2026-10-03 14:52:22.409659,PAN,Marco Bonilla,5196002,VILLA JUAREZ,31064,Hombre,JAIME GOMEZ MARTINEZ,28.612547715937,-106.005719308255,"C PORFIRIO DIAZ 510, VILLA JUAREZ, 31064 Chihuahua,CHIH",,55,41–59,,,,,,8,16,19,869,CHIHUAHUA
6141909545,2026-10-03 14:52:17.949382,PAN,Marco Bonilla,5184591,EL CAMPANARIO,31213,Hombre,FRANCISCO GALO NIETO ARZAC,28.640434102309,-106.116779743511,"C MISION SAN FCO DE CONCHOS 2259, EL CAMPANARIO, 31213 Chihuahua,CHIH",,91,65+,,,,,GOB FED - ADULTOS MAYORES,6,18,19,805,CHIHUAHUA
6141275085,2026-10-03 14:52:24.319689,PAN,Marco Bonilla,5998601,CENTRO,31000,Hombre,JORGE ARTURO DE LA ROSA MENDOZA,28.636105316802,-106.066552435827,"C EMILIO CARRANZA 1312, CENTRO, 31000 Chihuahua,CHIH",,60,60–64,,SECRETARIA GENERAL DE GOBIERNO,SECRETARIA DE DESARROLLO HUMANO Y BIEN COMUN,FORTALECIMIENTO COMUNITARIO Y PARTICIPACION CIUDADANA,,8,15,19,455,CHIHUAHUA
6144822703,2026-10-03 14:52:30.675523,PAN,Marco Bonilla,6725558,INFONAVIT NACIONAL,31120,Hombre,MARTIN FLORES RIVERA,28.6832809681537,-106.118315893,"C XOCHIMILCO 8315, INFONAVIT NACIONAL, 31120 Chihuahua,CHIH",,74,65+,PAN,,ICHIJUV - Instituto Chihuahuense de la Juventud,ICHIJUV - Instituto Chihuahuense de la Juventud,,6,15,19,680,CHIHUAHUA
6142782683,2026-10-03 14:52:28.991538,PAN,Marco Bonilla,5601229,RDCIAL UNIVERSIDAD,31125,Mujer,GABRIELA SORAYA MARQUEZ BLANCO,28.69744498222,-106.128512698286,"C UNIVERSIDAD AUTONOMA DE MEXICO 1026, RDCIAL UNIVERSIDAD, 31125 Chihuahua,CHIH",,52,41–59,,FISCALIA GENERAL DEL ESTADO DE CHIHUAHUA,,,,6,12,19,621,CHIHUAHUA
6141987548,2026-10-03 14:52:35.281475,PAN,Marco Bonilla,6709015,ALAMEDAS,31136,Mujer,AIDA HELENA RADILLO CONTRERAS,28.724327463994,-106.115010541917,"C GILBERTO TAPIA 1508, ALAMEDAS, 31136 Chihuahua,CHIH",,35,31–40,,,,,,6,12,19,2898,CHIHUAHUA
6141647384,2026-10-03 14:52:39.869051,PAN,Marco Bonilla,6347510,PANAMERICANA,31210,Hombre,NICOLAS RUIZ MIRANDA,28.651715246333,-106.110679780185,"C REPUBLICA DE ECUADOR 509, PANAMERICANA, 31210 Chihuahua,CHIH",,39,31–40,,,,,,6,15,19,778,CHIHUAHUA
6141762787,2026-10-03 14:52:40.410373,PAN,Marco Bonilla,6295190,JUNTA DE LOS RIOS,31300,Hombre,JESUS ALEJANDRO DUARTE URITA,28.669789158154,-106.072164899311,"C RIO JORDAN 4310, JUNTA DE LOS RIOS, 31300 Chihuahua,CHIH",,40,31–40,,,SECRETARIA DE SALUD,MEDICHIHUAHUA,,8,15,19,788,CHIHUAHUA
6563112450,2026-10-03 14:52:41.977846,PAN,Marco Bonilla,6000220,ERENDIRA,32662,Hombre,CARLOS ALBERTO MORENO VALLES,31.6731131699902,-106.409460028,"C CARAPAN 7912, ERENDIRA, 32662 Chihuahua,CHIH",,49,41–59,,SERVICIOS EDUCATIVOS DEL ESTADO DE CHIHUAUA,,,,4,5,37,1771,JUAREZ
6141878792,2026-10-03 14:52:39.258351,PAN,Marco Bonilla,6311887,HACIENDA CAMILA I,31207,Hombre,MARIO ALBERTO RAMIREZ JURADO,28.592762675086,-106.154746295032,"C LERIDA 14013, HACIENDA CAMILA I, 31207 Chihuahua,CHIH",,40,31–40,,,,,,6,18,19,847,CHIHUAHUA
6141674763,2026-10-03 14:52:42.369983,PAN,Marco Bonilla,7643021,ROSARIO,31030,Mujer,ANA KAREN IBARRA PARRA,28.609173818626,-106.069206942977,"PRIV TAMBOREL 4810, ROSARIO, 31030 Chihuahua,CHIH",,26,25–30,PAN,SECRETARIA DE HACIENDA,,,,8,16,19,543,CHIHUAHUA
6144880441,2026-10-03 14:52:44.382155,PAN,Marco Bonilla,5395273,SAN FELIPE VI,31203,Hombre,FERNANDO RUIZ SOTO,28.650210485165,-106.102609683807,"C RINCON DEL PARQUE 4104, SAN FELIPE VI, 31203 Chihuahua,CHIH",,54,41–59,,TRIBUNAL SUPERIOR DE JUSTICIA,,,,6,15,19,800,CHIHUAHUA
6142786187,2026-10-03 14:52:50.311480,PAN,Marco Bonilla,5559378,GIRASOLES,31376,Mujer,YANIRA KARINA MENDOZA GONZALEZ,28.666234211375,-106.01239442174,"C DEL SILO 7017, GIRASOLES, 31376 Chihuahua,CHIH",,55,41–59,,,,,,8,17,19,3318,CHIHUAHUA
6145150130,2026-10-03 14:52:46.745914,PAN,Marco Bonilla,6022768,INFONAVIT SAUCITO,31125,Mujer,AMANDA ELENA MONTES REYES,28.670586975604,-106.120345958565,"C SALVADOR NOVO 6174, INFONAVIT SAUCITO, 31125 Chihuahua,CHIH",,44,41–59,,,,,,6,15,19,732,CHIHUAHUA
6143958982,2026-10-03 14:52:50.730265,PAN,Marco Bonilla,5801712,RINCONADA LOS NOGALES 3,31390,Mujer,MARIA RITA SOTELO ARMENDARIZ,28.626280235418,-106.000385585241,"C SIERRA LA LAGRIMA 5312, RINCONADA LOS NOGALES 3, 31390 Chihuahua,CHIH",,87,65+,,,SECRETARIA DE DESARROLLO HUMANO Y BIEN COMUN,APOYO A PERSONAS MAYORES,GOB FED - ADULTOS MAYORES,8,17,19,855,CHIHUAHUA
6142156560,2026-10-03 14:52:47.099069,PAN,Marco Bonilla,5703865,AMPL REVOLUCION,31107,Mujer,GABRIELA BONILLA FLORES,28.706329673858,-106.117074501755,"C JULIMES 231, AMPL REVOLUCION, 31107 Chihuahua,CHIH",,51,41–59,,,,,,6,12,19,618,CHIHUAHUA
6142885046,2026-10-03 14:52:48.611679,PAN,Marco Bonilla,6884818,RDCIAL LA CANTERA,31217,Mujer,MARIA FERNANDA VILLALOBOS GONZALEZ,28.642945386769,-106.135624240216,"C CANTERA MARCOTSA 7514, RDCIAL LA CANTERA, 31217 Chihuahua,CHIH",,34,31–40,PAN,,,,,6,18,19,805,CHIHUAHUA
6143458638,2026-10-03 14:52:52.694303,PAN,Marco Bonilla,5943693,VILLA TOSCANA,31115,Hombre,MANUEL ANTONIO TREVIÑO RIVERO,28.6482411400956,-106.14742047,"C FLORENCIA 9521, VILLA TOSCANA, 31115 Chihuahua,CHIH",,43,41–59,,,,,,6,18,19,754,CHIHUAHUA
6144408147,2026-10-03 14:52:53.878499,PAN,Marco Bonilla,5425998,LOS ARROYOS,31125,Hombre,EZEQUIEL SONORA SANCHEZ,28.725139754231,-106.156675809136,"AV LOS ARCOS 2443, LOS ARROYOS, 31125 Chihuahua,CHIH",,55,41–59,,,,,,6,12,19,3181,CHIHUAHUA
6144173631,2026-10-03 14:52:57.051636,PAN,Marco Bonilla,4974306,PAQUIME,31160,Hombre,DIMAS DIAZ ARAGON,28.672132850006,-106.091161931907,"PRIV DE ENCINO 2511, PAQUIME, 31160 Chihuahua,CHIH",,78,65+,,,,,GOB FED - ADULTOS MAYORES,8,15,19,718,CHIHUAHUA
6141276138,2026-10-03 14:53:02.713456,PAN,Marco Bonilla,6300975,RINCONES DE SIERRA AZUL,31384,Mujer,VERONICA BERNAL ESPINOZA,28.649447962478,-105.98288773372,"C SIERRA CUCHILLO PARADO 1201, RINCONES DE SIERRA AZUL, 31384 Chihuahua,CHIH",,53,41–59,,,SECRETARIA DE DESARROLLO HUMANO Y BIEN COMUN,FORTALECIMIENTO COMUNITARIO Y PARTICIPACION CIUDADANA,GOB FED - BECAS BASICO,8,17,19,3256,CHIHUAHUA
6144196485,2026-10-03 14:53:01.824016,PAN,Marco Bonilla,5136015,GRANJAS,31100,Hombre,JOSE LUIS CARREON BELTRAN,28.671587020472,-106.104270557922,"C VELAZQUEZ DE LEON 5902, GRANJAS, 31100 Chihuahua,CHIH",,72,65+,,INSTITUTO CHIHUAHUENSE DE SALUD,,,GOB FED - ADULTOS MAYORES,6,15,19,743,CHIHUAHUA
6141111338,2026-10-03 14:52:59.359535,PAN,Marco Bonilla,6475302,VILLA JUAREZ,31090,Hombre,MANUEL FRANCISCO BARRIO CHACON,28.603501784896,-106.015261367902,"C FRANCISCO SARABIA 1302, VILLA JUAREZ, 31090 Chihuahua,CHIH",,74,65+,,,,,,8,16,19,876,CHIHUAHUA
6141955660,2026-10-03 14:53:13.574851,PAN,Marco Bonilla,6512570,PROGRESO,31210,Mujer,SOFIA ALEJANDRA RAMOS GONZALEZ,28.6453068940908,-106.106664286,"C ADOLFO DE LA HUERTA 615, PROGRESO, 31210 Chihuahua,CHIH",,37,31–40,,SECRETARIA DE LA FUNCION PUBLICA,SECRETARIA DE DESARROLLO HUMANO Y BIEN COMUN,"ATENCION A NINAS, NINOS, ADOLESCENTES Y JUVENTUDES",,6,15,19,803,CHIHUAHUA
6142231386,2026-10-03 14:53:13.617154,PAN,Marco Bonilla,6473835,PASEOS DE LAS MORAS II,31110,Hombre,JUAN RAMON GARCIA CARO,28.66584684172,-106.118476626518,"CTO DEL MORAL 5342, PASEOS DE LAS MORAS II, 31110 Chihuahua,CHIH",,61,60–64,,,,,,6,15,19,753,CHIHUAHUA
6141534320,2026-10-03 14:53:16.392406,PAN,Marco Bonilla,4897005,DIAMANTE RELIZ,31207,Hombre,JORGE ARTURO MORALES RODRIGUEZ,28.6103838630328,-106.113910843,"C DIAMANTE AZUL 2314, DIAMANTE RELIZ, 31207 Chihuahua,CHIH",,61,60–64,,,,,,6,18,19,847,CHIHUAHUA
6141721157,2026-10-03 14:53:14.091119,PAN,Marco Bonilla,6276145,PANORAMICO,31107,Mujer,KORINA OLEYDA MOLINA SILVA,28.6669764301267,-106.115569793,"C PARICUTIN 5509, PANORAMICO, 31107 Chihuahua,CHIH",,40,31–40,PAN,H. CONGRESO DEL ESTADO,,,,6,15,19,750,CHIHUAHUA
6562844126,2026-10-03 14:53:32.950572,PAN,Marco Bonilla,5254748,COND FLORENCIA,32401,Hombre,JORGE ARMANDO TAPIA MOLINA,31.735355482313,-106.40088800639,"C MICHIGAN 101, COND FLORENCIA, 32401 Chihuahua,CHIH",,72,65+,,,,,GOB FED - ADULTOS MAYORES,4,4,37,1598,JUAREZ
6144731215,2026-10-03 14:53:37.638931,PAN,Marco Bonilla,6127748,GRANJAS,31160,Mujer,NORMA ANGELICA PACHECO CORRAL,28.663377365406,-106.097569058695,"AVE VALLARTA 4108, GRANJAS, 31160 Chihuahua,CHIH",,56,41–59,,,SECRETARIA DE DESARROLLO HUMANO Y BIEN COMUN,FORTALECIMIENTO COMUNITARIO Y PARTICIPACION CIUDADANA,GOB FED - BECAS BASICO,8,15,19,770,CHIHUAHUA
6563132595,2026-10-03 14:53:42.244926,PAN,Marco Bonilla,4978610,LAS ARCADAS,32563,Mujer,MARIA DEL ROSARIO GARDUÑO TAMAYO,31.662741252995,-106.378178413202,"C RIO AMECAMECA 735, LAS ARCADAS, 32563 Chihuahua,CHIH",,67,65+,,,,,,4,5,37,3333,JUAREZ
6144816064,2026-10-03 14:53:43.906319,PAN,Marco Bonilla,5104884,QUINTAS CAROLINAS II,31146,Mujer,ALICIA GUADALUPE GARCIA JUAREZ,28.717615780755,-106.094359879426,"C MONTE ETNA 11711, QUINTAS CAROLINAS II, 31146 Chihuahua,CHIH",,66,65+,,,,,,6,17,19,612,CHIHUAHUA
6141566422,2026-10-03 14:53:48.058627,PAN,Marco Bonilla,6314690,COLONIA SOTO,31620,Mujer,AMERICA YESENIA CUEVAS AVALOS,28.6555786,-106.08790499,"C SIN NOMBRE S/N, COLONIA SOTO, 31620 Chihuahua,CHIH",,42,41–59,,,SECRETARIA DE DESARROLLO HUMANO Y BIEN COMUN,DESARROLLO HUMANO,,8,16,19,901,CHIHUAHUA
6141532073,2026-10-03 14:53:44.832450,PAN,Marco Bonilla,6077351,RESERVA DEL PARQUE,31207,Mujer,ADRIANA ALEJANDRA RUIZ RAMIREZ,28.597855808076,-106.13195584622,"C PARQUE ESTANZUELA 12010, RESERVA DEL PARQUE, 31207 Chihuahua,CHIH",,45,41–59,,Colegio de Estudios Científicos y Tecnológicos,,,,6,18,19,847,CHIHUAHUA
6145150577,2026-10-03 14:54:02.327352,PAN,Marco Bonilla,5570047,MISION UNIVERSIDAD III,31124,Hombre,JOSE ZACARIAS GALVAN MELENDEZ,28.706041629755,-106.150675372291,"C COLEGIO SANTA MONICA 2201, MISION UNIVERSIDAD III, 31124 Chihuahua,CHIH",,54,41–59,,,,,,6,12,19,3204,CHIHUAHUA
4421551021,2026-10-03 14:54:04.733022,PAN,Marco Bonilla,5278980,SAN JOSE,31126,Hombre,CARLOS RAUL LOPEZ TERAN,28.686489083159,-106.116126896,"C LIBERACION 13, SAN JOSE, 31126 Chihuahua,CHIH",,47,41–59,,,,,,6,15,19,661,CHIHUAHUA
6142232422,2026-10-03 14:54:00.578723,PAN,Marco Bonilla,5267698,LINSS,31020,Mujer,ANA MARIA CRUZ BACA,28.622149507805,-106.084008648099,"C MANUEL ACUÑA 2601, LINSS, 31020 Chihuahua,CHIH",,67,65+,,,,,,8,16,19,466,CHIHUAHUA
6144162580,2026-10-03 14:54:05.477606,PAN,Marco Bonilla,5678641,ROMA SUR,31350,Mujer,SANDRA FERNANDEZ APODACA,28.6450909050904,-106.058767181,"C 43 2201, ROMA SUR, 31350 Chihuahua,CHIH",,53,41–59,,,,,,8,15,19,445,CHIHUAHUA
6141810053,2026-10-03 14:54:11.282545,PAN,Marco Bonilla,6303668,LOS PINOS,31416,Mujer,NASLY OFELIA PEREZ CHAVEZ,28.5955153690081,-106.097550277,"C FERNANDO OROZCO 9222, LOS PINOS, 31416 Chihuahua,CHIH",,40,31–40,MORENA,SECRETARIA DE HACIENDA,,,,8,18,19,488,CHIHUAHUA
6141955179,2026-10-03 14:54:03.859693,PAN,Marco Bonilla,6811878,SANTA ROSA,31050,Hombre,JORGE ALBERTO VAZQUEZ DOMINGUEZ,28.641716920402,-106.052573383108,"C OCHOA 105, SANTA ROSA, 31050 Chihuahua,CHIH",,53,41–59,,SECRETARIA DE HACIENDA,,,,8,17,19,516,CHIHUAHUA
6141546418,2026-10-03 14:54:04.590980,PAN,Marco Bonilla,5225856,LINCE,31300,Hombre,JESUS HUMBERTO RONQUILLO MORALES,28.671243236713,-106.077114951833,"PRIV MARIA DE LOS ANGELES 4104, LINCE, 31300 Chihuahua,CHIH",,69,65+,,CHIHUAHUA,,,GOB FED - ADULTOS MAYORES,8,15,19,740,CHIHUAHUA
6566152909,2026-10-03 14:54:05.284080,PAN,Marco Bonilla,5938387,PARTIDO ROMERO,32030,Hombre,LEONARDO FUENTES CHAPELA,31.737821629091,-106.467463296,"C BRASIL 135, PARTIDO ROMERO, 32030 Chihuahua,CHIH",,76,65+,,,SECRETARIA DE SALUD,MEDICHIHUAHUA,GOB FED - ADULTOS MAYORES,4,4,37,1613,JUAREZ
6141788853,2026-10-03 14:54:07.298304,PAN,Marco Bonilla,5265116,PARRAL,31150,Mujer,LUZ MARIA VAZQUEZ FERNANDEZ,28.678786568822,-106.09666724875,"C PINABETE 2121, PARRAL, 31150 Chihuahua,CHIH",,67,65+,PAN,,,,,8,15,19,714,CHIHUAHUA
6141523219,2026-10-03 14:54:12.813667,PAN,Marco Bonilla,5804254,INDUSTRIAL,31304,Hombre,ROLANDO GONZALEZ DAVILA,32.500487237827,-117.05024604795,"AV HIDALGO 2503, INDUSTRIAL, 31304 Chihuahua,CHIH",,63,60–64,,,,,,8,15,19,786,CHIHUAHUA
6142223103,2026-10-03 14:54:19.007044,PAN,Marco Bonilla,6626071,LOMAS SAN JOSE,31126,Mujer,YANIRA IVONNE SANCHEZ GARCIA,28.6907573591662,-106.116809128,"C DINAMARCA 128, LOMAS SAN JOSE, 31126 Chihuahua,CHIH",,37,31–40,,UNIVERSIDAD AUTONOMA DE CHIHUAHUA (3ER TRIMESTRE),SECRETARIA DE SALUD,SECRETARIA DE SALUD,,6,15,19,638,CHIHUAHUA
6141846780,2026-10-03 14:54:24.955054,PAN,Marco Bonilla,5711554,BRISAS DEL REAL,31104,Hombre,JUAN ANTONIO GRANADOS CASTILLO,28.676422209639,-106.09393263831,"C MINSTRAL 6102, BRISAS DEL REAL, 31104 Chihuahua,CHIH",,59,41–59,,,,,,8,15,19,718,CHIHUAHUA
6144449531,2026-10-03 14:54:25.812143,PAN,Marco Bonilla,5751805,BELLAVISTA,31030,Mujer,YAZMIN DEL SOCORRO ARIAS MONGE,28.6555786,-106.08790499,"C 18A 3400, BELLAVISTA, 31030 Chihuahua,CHIH",,55,41–59,,SERVICIOS EDUCATIVOS DEL ESTADO DE CHIHUAUA,DESARROLLO INTEGRAL DE LA FAMILIA CHIHUAHUA,REHABILITACION INTEGRAL FISICA Y APOYOS FUNCIONALES,,8,16,19,521,CHIHUAHUA
6142194357,2026-10-03 14:54:26.043167,PAN,Marco Bonilla,5078699,ZARCO,31020,Hombre,JOSE TRINIDAD LOPEZ MACHUCA,28.6139339610387,-106.092852835,"C 44 506, ZARCO, 31020 Chihuahua,CHIH",,52,41–59,,,,,,8,18,19,421,CHIHUAHUA
6142247471,2026-10-03 14:54:32.191710,PAN,Marco Bonilla,6082693,ROSARIO,31030,Hombre,LUIS MANUEL CHACON LOPEZ,28.611059034528,-106.078528727441,"PRIV DE MENDEZ 5402, ROSARIO, 31030 Chihuahua,CHIH",,53,41–59,,,,,,8,16,19,530,CHIHUAHUA
6566164053,2026-10-03 14:54:38.528242,PAN,Marco Bonilla,5094366,LOS COLORIN,32380,Hombre,NICOLAS BLANCAS FLORES,31.716345619278002,-106.44323011229,"C CRUZ M DE VALLES 5106, LOS COLORIN, 32380 Chihuahua,CHIH",,82,65+,,,,,GOB FED - ADULTOS MAYORES,4,4,37,1685,JUAREZ
6141896036,2026-10-03 14:54:39.161756,PAN,Marco Bonilla,6466995,MELCHOR OCAMPO,31375,Hombre,CESAR GABRIEL RAMIREZ TORRES,28.6416718560846,-106.032186077,"C PARTIDO LIBERAL 5530, MELCHOR OCAMPO, 31375 Chihuahua,CHIH",,38,31–40,,SECRETARIA DE PUEBLOS Y COMUNIDADES INDIGENAS,SECRETARIA DE PUEBLOS Y COMUNIDADES INDIGENAS,FOMENTO AL RESPETO DE LOS DERECHOS DE LAS Y LOS INDIGNAS,,8,17,19,570,CHIHUAHUA
6142495407,2026-10-03 14:54:36.933366,PAN,Marco Bonilla,6317967,PACIFICO,31030,Mujer,DANIELA FERNANDA HERNANDEZ MORENO,15.560288545619,-92.326902864653,"AV 20 DE NOVIEMBRE 3801, PACIFICO, 31030 Chihuahua,CHIH",,39,31–40,PAN,TRIBUNAL SUPERIOR DE JUSTICIA,,,,8,16,19,464,CHIHUAHUA
6142554308,2026-10-03 14:54:39.482124,PAN,Marco Bonilla,5301147,POPULAR,31350,Mujer,CLAUDIA ELENA LARA SALCIDO,28.6545087171059,-106.061316384,"C ANIVERSARIO 5302, POPULAR, 31350 Chihuahua,CHIH",,53,41–59,,,,,,8,15,19,438,CHIHUAHUA
6141761459,2026-10-03 14:54:44.754194,PAN,Marco Bonilla,5135274,CHARROS,31210,Hombre,GUILLERMO GUTIERREZ ESPINOZA,28.655276422492,-106.119304634174,"C SILVERIO PEREZ 511, CHARROS, 31210 Chihuahua,CHIH",,55,41–59,,,,,,6,15,19,775,CHIHUAHUA
6564190453,2026-10-03 14:54:51.280016,PAN,Marco Bonilla,5144379,UNIVERSIDAD,32696,Hombre,JOSE FRANCISCO RONGEL CHAVEZ,31.739963978408,-106.432052760586,"C MELQUIDES ALANIS 6093, UNIVERSIDAD, 32696 Chihuahua,CHIH",,42,41–59,,,,,,4,4,37,1568,JUAREZ
6141899898,2026-10-03 14:54:47.406719,PAN,Marco Bonilla,6211018,COSMOS,31105,Hombre,ANGEL CRISTINO QUEZADA CEBALLOS,28.673861063138,-106.089652087,"C DELTA 2542, COSMOS, 31105 Chihuahua,CHIH",,58,41–59,,SERVICIOS DE SALUD DE CHIHUAHUA,,,,8,15,19,718,CHIHUAHUA
6142411061,2026-10-03 14:54:53.848203,PAN,Marco Bonilla,5145476,LOMAS ALTAS V,31207,Hombre,LUIS ADRIAN TORRES TORRES,28.6157130200417,-106.111085516,"C LOMAS DE MOCTEZUMA 2529, LOMAS ALTAS V, 31207 Chihuahua,CHIH",,42,41–59,PAN,SECRETARIA DE DESARROLLO HUMANO Y BIEN COMUN,DESARROLLO INTEGRAL DE LA FAMILIA CHIHUAHUA,REHABILITACION INTEGRAL FISICA Y APOYOS FUNCIONALES,,6,18,19,846,CHIHUAHUA
9994451202,2026-10-03 14:55:00.045527,PAN,Marco Bonilla,7184599,LA LAJITA,33450,Hombre,LUIS FERNANDO ACOSTA CHAVEZ,28.317108055,-100.975821944,"LA LAJITA S/N, LA LAJITA, 33450 Chihuahua,CHIH",,31,31–40,,,,,,9,22,46,2329,MORELOS
6141694764,2026-10-03 14:55:02.118211,PAN,Marco Bonilla,6372154,PASEOS DE CHIHUAHUA,31125,Hombre,JESUS MANUEL GOMEZ TORRES,28.706566169256,-106.130436093607,"C PASEOS DE JIMENEZ 13727, PASEOS DE CHIHUAHUA, 31125 Chihuahua,CHIH",,40,31–40,,,SECRETARIA DE SALUD,MEDICHIHUAHUA,,6,12,19,3202,CHIHUAHUA
6142154420,2026-10-03 14:55:05.611180,PAN,Marco Bonilla,6216257,SAN FELIPE,31203,Mujer,ARELI HERNANDEZ RODRIGUEZ,28.650039453731,-106.090582126986,"C ESTRADA BOCANEGRA 2526, SAN FELIPE, 31203 Chihuahua,CHIH",,41,41–59,,,,,,6,15,19,795,CHIHUAHUA
6142155049,2026-10-03 14:54:59.979379,PAN,Marco Bonilla,5467908,GRANJAS,31100,Mujer,LOURDES FABIOLA ANDRADE RENDON,28.669951627343,-106.102103584494,"PRIV DE FRANCISCO PIMENTEL 5502, GRANJAS, 31100 Chihuahua,CHIH",,57,41–59,,,,,,6,15,19,743,CHIHUAHUA
6566070466,2026-10-03 14:55:09.555144,PAN,Marco Bonilla,6445172,MELCHOR OCAMPO,32380,Hombre,JOSE RAMON ESPARZA CABAÑAS,31.7252927650713,-106.460606089,"C 8 DE MAYO 2643, MELCHOR OCAMPO, 32380 Chihuahua,CHIH",,40,31–40,,,,,,4,4,37,1657,JUAREZ
6391201537,2026-10-03 14:55:11.664714,PAN,Marco Bonilla,6006428,SAN FELIPE,31203,Hombre,EDUARDO BAEZA GOMEZ,28.648784974892,-106.089287403081,"C ESTRADA BOCANEGRA 2503, SAN FELIPE, 31203 Chihuahua,CHIH",,53,41–59,,,,,,6,15,19,795,CHIHUAHUA
6142426328,2026-10-03 14:55:08.077291,PAN,Marco Bonilla,5180329,CUMBRES UNIVERSIDAD,31124,Mujer,NORMA DELIA DIEGO GARCIA,28.688033781335,-106.146271688,"C MONTES CIBAO 4616, CUMBRES UNIVERSIDAD, 31124 Chihuahua,CHIH",,58,41–59,,,,,,6,18,19,641,CHIHUAHUA
6142604950,2026-10-03 14:55:20.606067,PAN,Marco Bonilla,4906542,LOMAS DEL VALLE I ETAPA,31216,Hombre,DANIEL ALBERTO MARQUEZ LUJAN,28.628322519753,-106.127680228665,"C VALLE ALTO 6514, LOMAS DEL VALLE I ETAPA, 31216 Chihuahua,CHIH",,44,41–59,,,,,,6,18,19,805,CHIHUAHUA
6141038825,2026-10-03 14:55:16.877971,PAN,Marco Bonilla,6857153,SAN RAFAEL,31060,Hombre,JESUS MORALES CERVANTES,28.6555786,-106.08790499,"C 27A 4804, SAN RAFAEL, 31060 Chihuahua,CHIH",,73,65+,,,,,GOB FED - ADULTOS MAYORES,8,17,19,557,CHIHUAHUA
6141742077,2026-10-03 14:55:16.655885,PAN,Marco Bonilla,5585419,VILLAS DEL REY,31180,Hombre,ALEJANDRO BURCIAGA PALOMINO,28.748407862765,-106.128572454351,"C DE LOS ESCUDOS 17993, VILLAS DEL REY, 31180 Chihuahua,CHIH",,57,41–59,PAN,CHIHUAHUA,,,,6,12,19,2845,CHIHUAHUA
6141954938,2026-10-03 14:55:26.568449,PAN,Marco Bonilla,6041902,MAGISTERIAL SOLIDARIDAD,31137,Mujer,MARIA DEL ROSARIO MACEDO MAGAÑA,28.734465823569,-106.142115919429,"C EDUCACION ESPECIAL 406, MAGISTERIAL SOLIDARIDAD, 31137 Chihuahua,CHIH",,63,60–64,,,,,,6,12,19,3344,CHIHUAHUA
6144403631,2026-10-03 14:55:36.166866,PAN,Marco Bonilla,5782787,IGNACIO RODRIGUEZ,31123,Hombre,LUIS RAMON BAEZA PAREDES,28.6853287481571,-106.131871052,"C HOCHIMIN 317, IGNACIO RODRIGUEZ, 31123 Chihuahua,CHIH",,54,41–59,,,,,,6,15,19,642,CHIHUAHUA
6144864987,2026-10-03 14:55:32.680856,PAN,Marco Bonilla,6660260,AMPL VILLA JUAREZ,31064,Mujer,ALEJANDRA MEDRANO ALCANTARA,28.6555786,-106.08790499,"C 18A 2904, AMPL VILLA JUAREZ, 31064 Chihuahua,CHIH",,36,31–40,,,DESARROLLO INTEGRAL DE LA FAMILIA CHIHUAHUA,,,8,16,19,858,CHIHUAHUA
6141615125,2026-10-03 14:55:34.337951,PAN,Marco Bonilla,5899769,HACIENDA ISABELLA,31207,Hombre,JAVIER JACOBO SAENZ ROHANA,28.6555786,-106.08790499,"C GALVE 2511, HACIENDA ISABELLA, 31207 Chihuahua,CHIH",,45,41–59,,,,,,6,18,19,847,CHIHUAHUA
6141280367,2026-10-03 14:55:45.172980,PAN,Marco Bonilla,6393062,RDCIAL CAMPESTRE WASHINGTON,31215,Mujer,AIDE LORENA XX PADILLA,28.64534143761,-106.119165199864,"C SIERRA NEVADA 1824, RDCIAL CAMPESTRE WASHINGTON, 31215 Chihuahua,CHIH",,60,60–64,,,,,,6,18,19,805,CHIHUAHUA
6562730857,2026-10-03 14:55:42.691487,PAN,Marco Bonilla,6163207,FOVISSSTE CHAMIZAL,32310,Hombre,JORGE IRAM RASCON PEÑA,31.7497210151095,-106.442527077,"C RIO POTOMAC 4813, FOVISSSTE CHAMIZAL, 32310 Chihuahua,CHIH",,42,41–59,,,,,,4,4,37,1950,JUAREZ
6142351350,2026-10-03 14:55:56.171269,PAN,Marco Bonilla,7327989,ZARCO,31020,Hombre,JORGE ALBERTO BACA FRANCO,28.620360607613,-106.08771809427,"AV FRANCISCO ZARCO 2214, ZARCO, 31020 Chihuahua,CHIH",,55,41–59,,,,,,8,16,19,466,CHIHUAHUA
6141763380,2026-10-03 14:55:52.615617,PAN,Marco Bonilla,5877074,LOS HUERTOS,31125,Mujer,BERTHA ANTONIA CARRASCO GALLEGOS,28.716617811209,-106.147614946,"C HUERTO LOS MEMBRILLOS 817, LOS HUERTOS, 31125 Chihuahua,CHIH",,63,60–64,,,,,,6,12,19,3191,CHIHUAHUA
6144208616,2026-10-03 14:55:56.361729,PAN,Marco Bonilla,5503262,LIBERTAD,31090,Mujer,JOVITA GUZMAN GARCIA,28.649074904923,-106.078415236472,"C 25 1308, LIBERTAD, 31090 Chihuahua,CHIH",,60,60–64,,,,,,8,16,19,3304,CHIHUAHUA
6143142314,2026-10-03 14:56:04.270288,PAN,Marco Bonilla,5214480,INSURGENTES,31125,Mujer,ROSA ESTHER ORTIZ MIRANDA,28.695053035357,-106.128427713501,"C 3 DE OCTUBRE 10110, INSURGENTES, 31125 Chihuahua,CHIH",,57,41–59,PAN,,,,,6,12,19,621,CHIHUAHUA
8115777527,2026-10-03 14:56:04.776219,PAN,Marco Bonilla,6249054,FRANCISCO I MADERO,32170,Mujer,MAYRA ZORAYDA ACOSTA GARCIA,31.660985962,-106.417559603,"C SANCHEZ PAREJA 1237, FRANCISCO I MADERO, 32170 Chihuahua,CHIH",,43,41–59,,,SECRETARIA DE SALUD,MEDICHIHUAHUA,,3,3,37,1538,JUAREZ
6142444459,2026-10-03 14:56:03.467836,PAN,Marco Bonilla,5536226,CERRO DE LA CRUZ,31460,Hombre,ESTEBAN ANDRES NEVAREZ NEVAREZ,28.6079749750288,-106.086777101,"C 66 2404, CERRO DE LA CRUZ, 31460 Chihuahua,CHIH",,57,41–59,,COLEGIO DE BACHILLERES DEL ESTADO DE CHIHUAHUA,,,,8,16,19,494,CHIHUAHUA
6141902277,2026-10-03 14:56:08.663089,PAN,Marco Bonilla,5829105,ALAMOS,31123,Hombre,DANTE ALEJANDRO VALENZUELA PORRAS,28.684745015895,-106.133549970637,"C DE LOS ALAMOS 9723, ALAMOS, 31123 Chihuahua,CHIH",,52,41–59,,,,,,6,18,19,641,CHIHUAHUA
6144232090,2026-10-03 14:56:07.593993,PAN,Marco Bonilla,5856092,HACIENDAS DEL VALLE II,31217,Hombre,LUIS ALONSO HERRERA AMAYA,28.639294145926,-106.119427301977,"C HACIENDA DE LA LUZ 1806, HACIENDAS DEL VALLE II, 31217 Chihuahua,CHIH",,66,65+,,,,,,6,18,19,805,CHIHUAHUA
6567693540,2026-10-03 14:56:16.514915,PAN,Marco Bonilla,7244344,SATELITE,32543,Mujer,JAQUELINE AIDEE HOLGUIN CELESTIN,31.682379295209,-106.374686753889,"C MARTE 1703, SATELITE, 32543 Chihuahua,CHIH",,31,31–40,,,SECRETARIA DE DESARROLLO HUMANO Y BIEN COMUN,JUNTOS SI PODEMOS,,4,5,37,1707,JUAREZ
6141042723,2026-10-03 14:56:14.299468,PAN,Marco Bonilla,6050804,RDCIAL LA CANTERA II,31217,Mujer,ERIKA MARIA PANDO DELGADO,28.645322361425,-106.13269842509,"C CANTERA MARRON 7325, RDCIAL LA CANTERA II, 31217 Chihuahua,CHIH",,54,41–59,,SECRETARIA DE HACIENDA,,,,6,18,19,805,CHIHUAHUA
6141846227,2026-10-03 14:56:18.076635,PAN,Marco Bonilla,5808286,RDCIAL CUMBRES IV ETAPA,31207,Hombre,ELEAZAR ALVARADO RAMIREZ,28.638761182613,-106.120699088145,"C MONTE LOGAN 2229, RDCIAL CUMBRES IV ETAPA, 31207 Chihuahua,CHIH",,71,65+,,,,,,6,18,19,805,CHIHUAHUA
6141503798,2026-10-03 14:56:24.312353,PAN,Marco Bonilla,5136949,SAN JORGE,31054,Mujer,PERLA DE JESUS TORRES GARCIA,28.608997295894,-106.049138925061,"C OSCAR FLORES 2022, SAN JORGE, 31054 Chihuahua,CHIH",,41,41–59,,,,,,8,16,19,590,CHIHUAHUA
6144068648,2026-10-03 14:56:34.977494,PAN,Marco Bonilla,6110424,LAS HACIENDAS,31215,Mujer,IVONNE ACOSTA AGUILAR,28.623732975043,-106.108365033804,"C HACIENDA DE SOMBRERETILLO 3415, LAS HACIENDAS, 31215 Chihuahua,CHIH",,56,41–59,,,,,,6,18,19,839,CHIHUAHUA
6142341502,2026-10-03 14:56:29.158958,PAN,Marco Bonilla,4999979,JARDINES DE SAN FRANCISCO,31115,Hombre,ROBERTO MONTAÑEZ PEREZ,28.691936866,-106.101917077,"AV FRANCISCO VILLA 6729, JARDINES DE SAN FRANCISCO, 31115 Chihuahua,CHIH",,55,41–59,,,,,,6,18,19,653,CHIHUAHUA
8712214519,2026-10-03 14:56:31.101219,PAN,Marco Bonilla,5413605,CENTRO,33800,Hombre,PONCIANO JAIME ITURRALDE FRANCO,26.928993291693,-105.673816720896,"AV BENITO JUAREZ 16, CENTRO, 33800 Chihuahua,CHIH",,77,65+,,,,,GOB FED - ADULTOS MAYORES,9,21,32,1315,HIDALGO DEL PARRAL
6142229299,2026-10-03 14:56:40.060403,PAN,Marco Bonilla,5612524,JARDINES DEL NORTE,31130,Hombre,DANIEL CALAHORRA CASTAÑON,28.6868757721597,-106.09898849,"C ASUNCION 7911, JARDINES DEL NORTE, 31130 Chihuahua,CHIH",,49,41–59,,,,,,8,15,19,692,CHIHUAHUA
6142289272,2026-10-03 14:56:40.899152,PAN,Marco Bonilla,5649158,CAMPO BELLO III,31124,Hombre,LUIS CARLOS CERECERES VAZQUEZ,28.695708241766,-106.147404133679,"C NUEVA FE 9304, CAMPO BELLO III, 31124 Chihuahua,CHIH",,57,41–59,,,,,,6,12,19,3213,CHIHUAHUA
6141846778,2026-10-03 14:56:30.778107,PAN,Marco Bonilla,5116525,INFONAVIT NACIONAL,31120,Hombre,SALVADOR AMERICO PALMA PICASSO,28.6793389541,-106.122549987147,"C PUENTE DE CALDERON 1007, INFONAVIT NACIONAL, 31120 Chihuahua,CHIH",,51,41–59,PAN,SECRETARIA DE HACIENDA,,,,6,15,19,679,CHIHUAHUA
6141840879,2026-10-03 14:56:43.198093,PAN,Marco Bonilla,5502265,SENDAREAL,31207,Hombre,JAVIER KALB YARZA,28.6555786,-106.08790499,"C SALAMANCA CERRADA CASTILLA 2905, SENDAREAL, 31207 Chihuahua,CHIH",,54,41–59,,,,,,6,18,19,847,CHIHUAHUA
6142194982,2026-10-03 14:56:37.950967,PAN,Marco Bonilla,6016311,BUROCRATA FEDERAL,31470,Hombre,RAMSES MIGUEL IVAN LOPEZ MENDOZA,28.63007266296,-106.077183039345,"PRIV CORONADO 8012, BUROCRATA FEDERAL, 31470 Chihuahua,CHIH",,44,41–59,,JUNTA CENTRAL DE AGUA Y SANEAMIENTO,,,,8,16,19,477,CHIHUAHUA
6141524541,2026-10-03 14:56:52.716381,PAN,Marco Bonilla,5027472,FRANCISCO I MADERO,31170,Mujer,DIANA ARACELI DELGADO LUNA,28.675525383407,-106.09102488779,"PRIV AQUILES SERDAN 2717, FRANCISCO I MADERO, 31170 Chihuahua,CHIH",,54,41–59,,,,,,8,15,19,718,CHIHUAHUA
6142440867,2026-10-03 14:56:53.493576,PAN,Marco Bonilla,5806024,CERRO DE LA CRUZ,31460,Hombre,JULIO CESAR GALLEGOS ALCALA,28.606163415381,-106.077157139354,"C SAMANIEGO 6004, CERRO DE LA CRUZ, 31460 Chihuahua,CHIH",,43,41–59,PAN,SECRETARIA DE SALUD,,,,8,16,19,534,CHIHUAHUA
6565827414,2026-10-03 14:57:00.301528,PAN,Marco Bonilla,6167895,INF JUAREZ NUEVO,32000,Hombre,MIGUEL ANGEL BORJAS GUTIERREZ,31.651799600409,-106.391756928708,"C RICARDO SALGADO 10014, INF JUAREZ NUEVO, 32000 Chihuahua,CHIH",,65,65+,,,,,,1,7,37,1924,JUAREZ
6141974651,2026-10-03 14:56:58.548460,PAN,Marco Bonilla,5689643,SAN RAFAEL,31060,Mujer,GUADALUPE ADRIANA GONZALEZ GUEVARA,28.6353546130742,-106.051906688,"C 33 4414, SAN RAFAEL, 31060 Chihuahua,CHIH",,43,41–59,,,,,,8,17,19,557,CHIHUAHUA
6141202624,2026-10-03 14:56:52.537741,PAN,Marco Bonilla,7244913,SAN RAFAEL,31060,Mujer,MARISSA FERNANDA SANTOS AVILA,28.616613301174,-106.076030400823,"C TERRAZAS 3311, SAN RAFAEL, 31060 Chihuahua,CHIH",,31,31–40,,DIF CHIHUAHUA,SECRETARIA DE DESARROLLO HUMANO Y BIEN COMUN,FORTALECIMIENTO COMUNITARIO Y PARTICIPACION CIUDADANA,,8,15,19,507,CHIHUAHUA
6141256140,2026-10-03 14:56:54.116477,PAN,Marco Bonilla,6622218,GRANJAS,31100,Mujer,ALEJANDRA DEL ROCIO PORTILLO ROMERO,28.671346334122,-106.111213372141,"C JOSE MARIA MATA 6116, GRANJAS, 31100 Chihuahua,CHIH",,38,31–40,,,,,,6,15,19,735,CHIHUAHUA
6141286033,2026-10-03 14:57:06.221525,PAN,Marco Bonilla,5266050,COSMOS,31104,Mujer,ANABEL ESTRADA PEREZ,28.673576758557,-106.08973591872,"C DELTA 2528, COSMOS, 31104 Chihuahua,CHIH",,71,65+,,,,,GOB FED - ADULTOS MAYORES,8,15,19,718,CHIHUAHUA
6141753456,2026-10-03 14:56:57.266923,PAN,Marco Bonilla,6413225,DALE,31050,Mujer,KARLA GUADALUPE FERNANDEZ AGUILERA,28.615454714101,-106.071718766387,"C OCHOA 4004, DALE, 31050 Chihuahua,CHIH",,38,31–40,,,,,,8,16,19,525,CHIHUAHUA
6564587836,2026-10-03 14:57:06.022006,PAN,Marco Bonilla,6282345,LADRILLERA DE JUAREZ,32100,Mujer,MARTHA RIOS CRUZ,31.774387597735,-106.529491873812,"C PEDRO CHAPA 2311, LADRILLERA DE JUAREZ, 32100 Chihuahua,CHIH",,41,41–59,,,SECRETARIA DE DESARROLLO HUMANO Y BIEN COMUN,JUNTOS SI PODEMOS,,3,2,37,1426,JUAREZ
6142477696,2026-10-03 14:57:08.583145,PAN,Marco Bonilla,6209360,FRANCISCO I MADERO,31104,Hombre,LUIS ALBERTO ALMEIDA RODRIGUEZ,28.675858983153,-106.092318383088,"C AMERICA LATINA 5727, FRANCISCO I MADERO, 31104 Chihuahua,CHIH",,41,41–59,,,,,,8,15,19,718,CHIHUAHUA
6142475675,2026-10-03 14:57:07.189552,PAN,Marco Bonilla,6113416,RDCIAL MONTICELLO,31220,Mujer,ELVA LUCILA MADARIAGA PARRA,28.641046277225,-106.151836546155,"C CALVI 9554, RDCIAL MONTICELLO, 31220 Chihuahua,CHIH",,58,41–59,,,,,,6,18,19,3366,CHIHUAHUA
6141180375,2026-10-03 14:57:17.060875,PAN,Marco Bonilla,6226386,LEALTAD 2,31060,Hombre,FABIAN ALBERTO GONZALEZ GONZALEZ,28.630402539219,-106.04583645521,"PRIV TEPORACA 2911, LEALTAD 2, 31060 Chihuahua,CHIH",,45,41–59,,,,,,8,17,19,575,CHIHUAHUA
6563970065,2026-10-03 14:57:14.961566,PAN,Marco Bonilla,6885102,SAN PABLO,32560,Hombre,DAVID HUMBERTO RAMOS ESCARZAGA,31.6662817939797,-106.362415608,"C BEREA SUR 704, SAN PABLO, 32560 Chihuahua,CHIH",,57,41–59,,,,,,4,5,37,3029,JUAREZ
6143564278,2026-10-03 14:57:22.926595,PAN,Marco Bonilla,6444653,2 DE OCTUBRE,31375,Mujer,MARIA DE LA LUZ ALVAREZ MARTINEZ,28.6414095120843,-106.03789366,"C 26 DE JULIO 133, 2 DE OCTUBRE, 31375 Chihuahua,CHIH",,73,65+,MORENA,,DESARROLLO INTEGRAL DE LA FAMILIA CHIHUAHUA,PROGRAMAS DE ASISTENCIA SOCIAL ALIMENTARIA A PERSONAS DE ATENCION PRIORITARIA,GOB FED - ADULTOS MAYORES,8,17,19,566,CHIHUAHUA
6142189919,2026-10-03 14:57:20.813877,PAN,Marco Bonilla,5818207,LOS HUERTOS,31125,Mujer,FABIOLA ELENA SOTO CHAVEZ,28.715336950829,-106.146757000194,"C HUERTOS LOS NARANJOS 816, LOS HUERTOS, 31125 Chihuahua,CHIH",,44,41–59,,SERVICIOS DE SALUD DE CHIHUAHUA,,,,6,12,19,3191,CHIHUAHUA
6142274677,2026-10-03 14:57:20.328088,PAN,Marco Bonilla,6575230,CUMBRES DEL SUR II,31030,Hombre,J MARCOS SAUCEDO CHAVEZ,28.611310868809,-106.037237376923,"C MAGDALENA MONDRAGON AGUIRRE 8419, CUMBRES DEL SUR II, 31030 Chihuahua,CHIH",,73,65+,,,,,GOB FED - ADULTOS MAYORES,8,16,19,604,CHIHUAHUA
6141402272,2026-10-03 14:57:25.150748,PAN,Marco Bonilla,6672580,PANAMERICANA,31210,Mujer,MARTA ELVIRA MERAZ MENDOZA,28.6559727971084,-106.115256561,"C REPUBLICA DE COLOMBIA 526, PANAMERICANA, 31210 Chihuahua,CHIH",,86,65+,,,,,GOB FED - ADULTOS MAYORES,6,15,19,774,CHIHUAHUA
6141425638,2026-10-03 14:57:28.288333,PAN,Marco Bonilla,6349153,GIRASOLES,31376,Mujer,KARINA IVETTE ANTILLON ROMO,28.663365546923,-106.014509678825,"C DE LA LABOR 7003, GIRASOLES, 31376 Chihuahua,CHIH",,40,31–40,,,,,,8,17,19,3318,CHIHUAHUA
6142393369,2026-10-03 14:57:27.376323,PAN,Marco Bonilla,4909726,VILLA DEL REAL,31137,Hombre,AGUSTIN OZIEL LUEVANO GONZALEZ,28.743739029739,-106.121882612874,"C MINA DE  SAN FRANCISCO 17171, VILLA DEL REAL, 31137 Chihuahua,CHIH",,51,41–59,,H. CONGRESO DEL ESTADO,,,,6,12,19,2857,CHIHUAHUA
6144274035,2026-10-03 14:57:28.562026,PAN,Marco Bonilla,6198070,RDCIAL JARDINES DE SAN FRANCISCO,31115,Hombre,FRANCISCO EMILIO AMEZAGA MARTINEZ,28.668814747906,-106.133868902053,"C TOMAS DE ZIGARRAN 3617, RDCIAL JARDINES DE SAN FRANCISCO, 31115 Chihuahua,CHIH",,65,65+,,,,,,6,18,19,653,CHIHUAHUA
6142161332,2026-10-03 14:57:36.025017,PAN,Marco Bonilla,5940159,VILLA DORADA,31124,Mujer,EVA CRISTINA OJEDA BUSTAMANTE,28.6942020571719,-106.136528018,"C VILLA ANTIGUA 10131, VILLA DORADA, 31124 Chihuahua,CHIH",,49,41–59,,,SECRETARIA DE SALUD,MEDICHIHUAHUA,,6,12,19,623,CHIHUAHUA
6142163188,2026-10-03 14:57:32.798750,PAN,Marco Bonilla,6612841,PASEOS DE CHIHUAHUA,31125,Mujer,LUZ ELENA NUÑEZ GUZMAN,28.717866651117,-106.141689217715,"C PASEOS DE DELICIAS 15122, PASEOS DE CHIHUAHUA, 31125 Chihuahua,CHIH",,36,31–40,,SECRETARIA DE PUEBLOS Y COMUNIDADES INDIGENAS,,,,6,12,19,3189,CHIHUAHUA
6563114927,2026-10-03 14:57:38.096125,PAN,Marco Bonilla,5211240,CALZADA DEL SOL,32472,Hombre,PAUL TIMKE PAREDES,31.705745403518,-106.383970559753,"C CALZADA DEL ROBLE 1740, CALZADA DEL SOL, 32472 Chihuahua,CHIH",,53,41–59,,,,,,4,5,37,3310,JUAREZ
6141789554,2026-10-03 14:57:39.765388,PAN,Marco Bonilla,5915380,LOS GIRASOLES,31376,Hombre,JOSE ARTURO DE LA CRUZ JURADO,28.663394213032,-106.014561562806,"C DE LA LABOR 7001, LOS GIRASOLES, 31376 Chihuahua,CHIH",,65,65+,,,,,,8,17,19,3318,CHIHUAHUA
6142780728,2026-10-03 14:57:42.703884,PAN,Marco Bonilla,5271556,INDUSTRIAL,31304,Hombre,ABELARDO VIEZCAS ARANDA,28.657325715133,-106.069167566518,"C HERNAN CORTEZ Y SINALOA S/N, INDUSTRIAL, 31304 Chihuahua,CHIH",,76,65+,,,,,GOB FED - ADULTOS MAYORES,8,15,19,813,CHIHUAHUA
6562994861,2026-10-03 14:57:40.996961,PAN,Marco Bonilla,5025433,JARDINES DE SAN CARLOS,32563,Mujer,LAURA PATRICIA MARTINEZ REYES,31.660985962,-106.417559603,"C REGION DE MENDOZA 101404, JARDINES DE SAN CARLOS, 32563 Chihuahua,CHIH",,57,41–59,,,,,,4,5,37,3333,JUAREZ
6141222186,2026-10-03 14:57:36.032823,PAN,Marco Bonilla,5695092,BOSQUES DEL VALLE,31115,Hombre,CESAR DIAZ RODRIGUEZ,28.65955809783,-106.150731364015,"C PASEO DE LAS RINCONADAS 9900, BOSQUES DEL VALLE, 31115 Chihuahua,CHIH",,57,41–59,MORENA,,SECRETARIA DE DESARROLLO HUMANO Y BIEN COMUN,JUNTOS SI PODEMOS,,6,18,19,754,CHIHUAHUA
6144186666,2026-10-03 14:57:39.012661,PAN,Marco Bonilla,5007276,SAN LORENZO V ETAPA,31160,Hombre,KINICH KAKMO DOMINGUEZ FELIX,28.714192060011,-106.164564605223,"C PROVINCIA DE LLEIDA 2630, SAN LORENZO V ETAPA, 31160 Chihuahua,CHIH",,45,41–59,,,,,,6,12,19,3192,CHIHUAHUA
6141821144,2026-10-03 14:57:38.825420,PAN,Marco Bonilla,5964430,FCO I MADERO,31104,Mujer,CECILIA SANDOVAL MEDINA,28.673468967282,-106.093442312485,"C J DE LA LUZ BLANCO 5508, FCO I MADERO, 31104 Chihuahua,CHIH",,47,41–59,,,,,,8,15,19,718,CHIHUAHUA
6141626781,2026-10-03 14:57:45.005563,PAN,Marco Bonilla,6172486,COLINAS DEL SOL,31110,Mujer,HILDA LOZANO MENDOZA,28.660208461182,-106.118174542728,"C COLIBRI 4304, COLINAS DEL SOL, 31110 Chihuahua,CHIH",,75,65+,,,,,GOB FED - ADULTOS MAYORES,6,15,19,757,CHIHUAHUA
6141279414,2026-10-03 14:57:48.161401,PAN,Marco Bonilla,6390757,PASEOS DE CHIHUAHUA,31125,Hombre,MIGUEL DAVID ARZOLA ORDAZ,28.710858877148,-106.136121035617,"C PASEOS DE CASAS GRANDES 14339, PASEOS DE CHIHUAHUA, 31125 Chihuahua,CHIH",,38,31–40,PAN,SECRETARIA DE COMUNICACIONES Y OBRAS PUBLICAS,,,,6,12,19,3197,CHIHUAHUA
6143848750,2026-10-03 14:57:49.948371,PAN,Marco Bonilla,5917303,COLINAS DEL SOL,31110,Hombre,JAVIER ALEJANDRO BERNAL CAMPOS,28.658771509611,-106.114443925263,"C JILGUERO 4103, COLINAS DEL SOL, 31110 Chihuahua,CHIH",,51,41–59,,,SECRETARIA DE DESARROLLO HUMANO Y BIEN COMUN,APOYO A PERSONAS MAYORES,,6,15,19,760,CHIHUAHUA
6141223703,2026-10-03 14:57:46.449806,PAN,Marco Bonilla,5038126,LA CIMA,31200,Mujer,BELEN LIZETH ORTIZ MONTOYA,28.660106369602,-106.088043277193,"C FELIPE BERRIOZABAL 3108, LA CIMA, 31200 Chihuahua,CHIH",,42,41–59,,UNIVERSIDAD TECNOLOGICA DE PAQUIME,,,,8,15,19,784,CHIHUAHUA
6141183607,2026-10-03 14:57:51.576389,PAN,Marco Bonilla,5573545,RIBERAS DE SACRAMENTO,31184,Mujer,NANCY RIVERA OLIVO,28.779912054902,-106.164649597446,"C RIO VENTUARI 23522, RIBERAS DE SACRAMENTO, 31184 Chihuahua,CHIH",,53,41–59,,,,,,6,12,19,3281,CHIHUAHUA
6143459651,2026-10-03 14:57:54.786570,PAN,Marco Bonilla,5482354,SANTO NIÑO,31200,Hombre,SERGIO MARQUEZ PINAL,28.6555786,-106.08790499,"C 21A 519, SANTO NIÑO, 31200 Chihuahua,CHIH",,64,60–64,,,SECRETARIA DE SALUD,MEDICHIHUAHUA,,8,15,19,834,CHIHUAHUA
6351102250,2026-10-03 14:57:53.495304,PAN,Marco Bonilla,6233051,SANTO NIÑO,31200,Hombre,LUIS ALFREDO ESQUIVEL RODRIGUEZ,28.650048554671,-106.071801357236,"C CHUVISCAR 3306, SANTO NIÑO, 31200 Chihuahua,CHIH",,41,41–59,,SECRETARIA DE HACIENDA,DESARROLLO INTEGRAL DE LA FAMILIA CHIHUAHUA,ALIMENTACION Y DESARROLLO AUTOSUSTENTABLE DE LAS FAMILIAS EN LOS MUNICIPIOS DE LA REGION SERRANA,,8,15,19,794,CHIHUAHUA
6141895349,2026-10-03 14:57:50.544982,PAN,Marco Bonilla,4928177,IGNACIO ALLENDE,31124,Hombre,MANUEL ALEJANDRO CABRAL YAÑEZ,28.6952557041736,-106.135239813,"C VALLADOLID 10367, IGNACIO ALLENDE, 31124 Chihuahua,CHIH",,42,41–59,,,,,,6,12,19,623,CHIHUAHUA
6563048454,2026-10-03 14:57:56.357881,PAN,Marco Bonilla,5580395,PRADERA DORADA,32618,Hombre,OMAR ALEJANDRO MORALES CAMPOS,31.695891302869,-106.423251594614,"C RANCHO MAPULA 3352, PRADERA DORADA, 32618 Chihuahua,CHIH",,42,41–59,,,,,,4,5,37,1703,JUAREZ
6142209322,2026-10-03 14:58:04.447871,PAN,Marco Bonilla,5870743,LOS HUERTOS,31125,Hombre,JORGE DANIEL TORRES SAN MIGUEL,28.6555786,-106.08790499,"C HUERTO LOS CEREZOS 818, LOS HUERTOS, 31125 Chihuahua,CHIH",,59,41–59,,COLEGIO DE BACHILLERES DEL ESTADO DE CHIHUAHUA,,,,6,12,19,3191,CHIHUAHUA
6563386124,2026-10-03 14:58:01.720828,PAN,Marco Bonilla,6472166,VILLA ESPERANZA,32691,Hombre,VICTOR MANUEL BUSTAMANTES SIFUENTES,31.609642818388,-106.52077327786,"C DE LA ROCA 20, VILLA ESPERANZA, 32691 Chihuahua,CHIH",,49,41–59,,,,,,3,2,37,2197,JUAREZ
6141847098,2026-10-03 14:58:05.031949,PAN,Marco Bonilla,6062292,SAN FRANCISCO,31124,Hombre,SALVADOR ESTEBAN RASURA GONZALEZ,28.662018204056,-106.130986559392,"C PASEO SAN FCO DE CUELLAR 6142, SAN FRANCISCO, 31124 Chihuahua,CHIH",,55,41–59,,,,,,6,18,19,653,CHIHUAHUA
6562786845,2026-10-03 14:57:58.712498,PAN,Marco Bonilla,5347996,PRADERA DORADA,32610,Hombre,MANUEL LUCIO DAVILA,31.699361092173,-106.415543632265,"C RANCHO MAL PASO 7403, PRADERA DORADA, 32610 Chihuahua,CHIH",,43,41–59,,,,,,4,5,37,1705,JUAREZ
6141787531,2026-10-03 14:58:04.236403,PAN,Marco Bonilla,6001283,QUINTAS DEL RIO,31106,Mujer,MARIA YOLANDA BALDERRAMA OCHOA,28.681028773394,-106.083487545179,"CTO DE LAS PALMERAS 3926, QUINTAS DEL RIO, 31106 Chihuahua,CHIH",,62,60–64,,,,,,8,15,19,716,CHIHUAHUA
6563607513,2026-10-03 14:58:10.198799,PAN,Marco Bonilla,5361396,DEL FUTURO,32450,Hombre,JUAN ROBERTO QUIÑONES ELIZARRARAS,31.660985962,-106.417559603,"C P DE LOS TREBOLES S 8458, DEL FUTURO, 32450 Chihuahua,CHIH",,59,41–59,,,,,,4,5,37,1694,JUAREZ
6144447852,2026-10-03 14:58:07.198099,PAN,Marco Bonilla,5808160,GRANJAS,31100,Mujer,ELIZABETH ORTEGA GAMEZ,28.58312270904,-105.990374286177,"C LERDO DE TEJADA 5515, GRANJAS, 31100 Chihuahua,CHIH",,52,41–59,,,,,,6,15,19,747,CHIHUAHUA
6141788631,2026-10-03 14:58:10.054369,PAN,Marco Bonilla,5172849,MANANTIALES,31170,Hombre,RODOLFO VILLALOBOS DEL ROSAL,28.672858368032,-106.083224199987,"C PINO 3908, MANANTIALES, 31170 Chihuahua,CHIH",,47,41–59,,,,,,8,15,19,767,CHIHUAHUA
6143718190,2026-10-03 14:58:05.620044,PAN,Marco Bonilla,6614697,ANGEL TRIAS,31203,Mujer,RAQUEL SOLIS QUINTANA,28.6554447981076,-106.099170878,"C MEDICINA 309, ANGEL TRIAS, 31203 Chihuahua,CHIH",,38,31–40,,,,,,6,15,19,780,CHIHUAHUA
6142755350,2026-10-03 14:58:10.866764,PAN,Marco Bonilla,5268694,JARDINES UNIVERSIDAD,31124,Hombre,MANUEL LEON CHAVEZ IBARRA,28.690783003667,-106.143322599187,"C JARDIN DE LAS AZUCENAS 4610, JARDINES UNIVERSIDAD, 31124 Chihuahua,CHIH",,51,41–59,,FISCALIA GENERAL DEL ESTADO DE CHIHUAHUA,,,,6,18,19,641,CHIHUAHUA
6141688016,2026-10-03 14:58:15.451874,PAN,Marco Bonilla,5274098,CORDILLERAS,31124,Hombre,LEONARDO RODRIGUEZ HERNANDEZ,28.702576972473,-106.147198357921,"C CORDILLERA PUNTA BRAVA 6003, CORDILLERAS, 31124 Chihuahua,CHIH",,67,65+,,,,,,6,12,19,3206,CHIHUAHUA
6142495104,2026-10-03 14:58:17.788445,PAN,Marco Bonilla,6879126,CAMPESTRE DEL BOSQUE,31415,Hombre,JORGE ARMANDO MORALES MONTOYA,28.58395227637,-106.120132312703,"AV AUTOPISTA 1303, CAMPESTRE DEL BOSQUE, 31415 Chihuahua,CHIH",,35,31–40,PAN,,,,,8,18,19,885,CHIHUAHUA
8114712174,2026-10-03 14:58:24.682285,PAN,Marco Bonilla,5685554,DIVISION DEL NORTE,31095,Mujer,MARIA DOLORES ROJAS GARCIA,28.691936866,-106.101917077,"C FRANCISCO VILLA 706, DIVISION DEL NORTE, 31095 Chihuahua,CHIH",,54,41–59,,,,,,8,16,19,875,CHIHUAHUA
6143490349,2026-10-03 14:58:25.030492,PAN,Marco Bonilla,5925233,DESARROLLO URBANO,31063,Hombre,MIGUEL FRANCISCO ORTEGA SANCHEZ,28.6555786,-106.08790499,"C 8A 6623, DESARROLLO URBANO, 31063 Chihuahua,CHIH",,53,41–59,MORENA,,SECRETARIA DE DESARROLLO HUMANO Y BIEN COMUN,FORTALECIMIENTO COMUNITARIO Y PARTICIPACION CIUDADANA,,8,16,19,578,CHIHUAHUA
6144962052,2026-10-03 14:58:20.222283,PAN,Marco Bonilla,7211725,AMPL UNIVERSITARIA,31416,Mujer,MELANIA GUADALUPE SANCHEZ VIZCARRA,28.598445695172,-106.090181668331,"C JORGE M CARDENAS 8412, AMPL UNIVERSITARIA, 31416 Chihuahua,CHIH",,31,31–40,PAN,CHIHUAHUA,,,,8,16,19,490,CHIHUAHUA
6141789900,2026-10-03 14:58:26.668194,PAN,Marco Bonilla,5737687,CERRO GRANDE,31054,Mujer,MARIA DE LOS ANGELES DIAZ RODRIGUEZ,28.614250821347,-106.056339901898,"C HDA DE ENCINILLAS 2211, CERRO GRANDE, 31054 Chihuahua,CHIH",,61,60–64,,,SECRETARIA DE DESARROLLO HUMANO Y BIEN COMUN,FORTALECIMIENTO COMUNITARIO Y PARTICIPACION CIUDADANA,,8,16,19,579,CHIHUAHUA
6563111402,2026-10-03 14:58:30.598582,PAN,Marco Bonilla,5644611,EL RUISEÑOR,32617,Hombre,MARIO ACUÑA GOMEZ,31.660985962,-106.417559603,"C ACEQUIA DE LOS MIRLOS PTE 3525, EL RUISEÑOR, 32617 Chihuahua,CHIH",,49,41–59,,,,,,4,5,37,1758,JUAREZ
6563203980,2026-10-03 14:58:28.112171,PAN,Marco Bonilla,6264649,MORELOS III,32573,Hombre,GUSTAVO LOPEZ ZAMARRIPA,31.660985962,-106.417559603,"C LAGUNA DE CHALCATZINGO 1216, MORELOS III, 32573 Chihuahua,CHIH",,69,65+,,,,,,1,9,37,1936,JUAREZ
6563606155,2026-10-03 14:58:33.884726,PAN,Marco Bonilla,7304262,PUEBLO DEL SOL,32537,Mujer,ALEJANDRA OSTOS RUIZ,31.615300747772,-106.310113616697,"C PUEBLO DE ARARECO 2106, PUEBLO DEL SOL, 32537 Chihuahua,CHIH",,45,41–59,,,,,,4,5,37,1694,JUAREZ
6141756653,2026-10-03 14:58:28.169101,PAN,Marco Bonilla,5456350,ALTAVISTA,31200,Mujer,ADRIANA VALLES OLIVERA,28.652846131648,-106.082182268657,"C BUSTAMANTE 2500, ALTAVISTA, 31200 Chihuahua,CHIH",,57,41–59,,,,,,8,15,19,810,CHIHUAHUA
6142783623,2026-10-03 14:58:35.201305,PAN,Marco Bonilla,6175352,SENDA REAL,31207,Mujer,ELIZABETH GARCIA SANTOYO,28.604343343159,-106.126685019819,"C LEYVA 2905, SENDA REAL, 31207 Chihuahua,CHIH",,56,41–59,PAN,CHIHUAHUA,,,,6,18,19,847,CHIHUAHUA
6144441501,2026-10-03 14:58:30.980779,PAN,Marco Bonilla,5772725,PASEOS DE CHIHUAHUA,31125,Mujer,MARIA GUADALUPE QUINTANA GONZALEZ,28.706938702942,-106.132835748667,"C PASEOS DE LA UNIVERSIDAD 13930, PASEOS DE CHIHUAHUA, 31125 Chihuahua,CHIH",,53,41–59,,SECRETARIA DE HACIENDA,,,,6,12,19,3201,CHIHUAHUA
6142224006,2026-10-03 14:58:38.418128,PAN,Marco Bonilla,5372701,QUINTAS CAROLINAS,31100,Mujer,BLANCA ESTELA MOLINAR GONZALEZ,28.718399949706,-106.09255022653,"PRIV MONTE REAL 4512, QUINTAS CAROLINAS, 31100 Chihuahua,CHIH",,61,60–64,,,DESARROLLO RURAL,APOYOS PARA INSUMOS AGRICOLAS,,6,17,19,612,CHIHUAHUA
6141207227,2026-10-03 14:58:34.237948,PAN,Marco Bonilla,7566714,ROSARIO,31030,Hombre,JORGE ARMANDO GALLEGOS GARCIA,28.606079491946,-106.071593545586,"C TAMBOREL 5415, ROSARIO, 31030 Chihuahua,CHIH",,27,25–30,,,SECRETARIA DE DESARROLLO HUMANO Y BIEN COMUN,APOYO A PERSONAS MAYORES,,8,16,19,542,CHIHUAHUA
6142884313,2026-10-03 14:58:41.475288,PAN,Marco Bonilla,4995092,NUEVO CHIHUAHUA,31124,Hombre,GUILLERMO ARMANDO JUAREZ PORRAS,28.6936113381709,-106.140934872,"C NUEVO DESPERTAR 9707, NUEVO CHIHUAHUA, 31124 Chihuahua,CHIH",,68,65+,,,SECRETARIA DE DESARROLLO HUMANO Y BIEN COMUN,PROGRAMA DE ESTANCIAS INFANTILES PARA EL DESARROLLO INTEGRAL DE LA NINEZ,,6,12,19,623,CHIHUAHUA
6145103791,2026-10-03 14:58:41.066985,PAN,Marco Bonilla,5344602,ALAMEDAS V ETAPA,31136,Mujer,NANCY GUADALUPE PEREZ ALCOCER,28.724269845231,-106.115946146133,"C MARTIN H BARRIOS 14119, ALAMEDAS V ETAPA, 31136 Chihuahua,CHIH",,48,41–59,,,,,,6,12,19,2899,CHIHUAHUA
6144104871,2026-10-03 14:58:43.077230,PAN,Marco Bonilla,5917387,POPULAR,31350,Mujer,NORMA MENDOZA BURCIAGA,28.6555786,-106.08790499,"C 45 Y MEDIA 1613, POPULAR, 31350 Chihuahua,CHIH",,54,41–59,,,,,,8,15,19,444,CHIHUAHUA
6142474344,2026-10-03 14:58:46.624501,PAN,Marco Bonilla,5826170,LA CIMA,31200,Hombre,JESUS ARTURO LOYA JACQUEZ,28.659881776506,-106.087802548934,"C FELIPE BERRIOZABAL 3104, LA CIMA, 31200 Chihuahua,CHIH",,59,41–59,,,,,,8,15,19,784,CHIHUAHUA
6141302503,2026-10-03 14:58:59.001737,PAN,Marco Bonilla,5096851,SANTA ROSA,31050,Hombre,RAFAEL ALVAREZ MENDOZA,28.625622256019,-106.063298557914,"C 6A 3812, SANTA ROSA, 31050 Chihuahua,CHIH",,61,60–64,,,,,,8,16,19,519,CHIHUAHUA
6491040511,2026-10-03 14:59:00.177255,PAN,Marco Bonilla,7240539,DESARROLLO URBANO,31063,Mujer,MARIA REFUGIO ABIGAIL PEREZ HOLGUIN,28.617078030358,-106.044913262092,"C 2A 6849, DESARROLLO URBANO, 31063 Chihuahua,CHIH",,58,41–59,,SECRETARIA DE PUEBLOS Y COMUNIDADES INDIGENAS,SECRETARIA DE PUEBLOS Y COMUNIDADES INDIGENAS,ATENCION A LA POBLACION INDIGENA DEL ESTADO DE CHIHUAHUA,,8,17,19,577,CHIHUAHUA
6251024214,2026-10-03 14:58:55.746122,PAN,Marco Bonilla,4931914,ENCORDADA DEL VALLE,31160,Hombre,FABIAN GONZALEZ GONZALEZ,28.653406750281,-106.150883491788,"C PASEO DE LAS PALMAS 9700, ENCORDADA DEL VALLE, 31160 Chihuahua,CHIH",,46,41–59,,,SECRETARIA DE SALUD,MEDICHIHUAHUA,,6,18,19,754,CHIHUAHUA
6142762855,2026-10-03 14:59:01.289147,PAN,Marco Bonilla,5351810,NUEVO PARAISO,31123,Hombre,ENRIQUE OLIVARES CHANES,28.6796740861478,-106.13277643,"C MONTE SINAI 2820, NUEVO PARAISO, 31123 Chihuahua,CHIH",,82,65+,,,,,GOB FED - ADULTOS MAYORES,6,18,19,653,CHIHUAHUA
6142479634,2026-10-03 14:59:07.887105,PAN,Marco Bonilla,5586617,LOMAS DE MONTECARLO,31183,Mujer,BLANCA CELIA PEREZ CHAVEZ,28.747637327177,-106.142683227613,"C ARBOL DE ORQUIDEA 305, LOMAS DE MONTECARLO, 31183 Chihuahua,CHIH",,56,41–59,,SERVICIOS EDUCATIVOS DEL ESTADO DE CHIHUAUA,,,,6,12,19,3344,CHIHUAHUA
6144353114,2026-10-03 14:59:15.426490,PAN,Marco Bonilla,5154697,2 DE OCTUBRE,31375,Mujer,OLGA DEL CARMEN ESTRADA CHAVEZ,28.634227697231,-106.037312641856,"C 4 4105, 2 DE OCTUBRE, 31375 Chihuahua,CHIH",,65,65+,,,,,,8,17,19,572,CHIHUAHUA
6568860209,2026-10-03 14:59:24.680988,PAN,Marco Bonilla,5071056,OASIS SUR,32690,Mujer,BRENDA FABIOLA VAZQUEZ CASTRO,31.660203368091,-106.426556697044,"C INDIA 6916, OASIS SUR, 32690 Chihuahua,CHIH",,48,41–59,,FISCALIA GENERAL DEL ESTADO DE CHIHUAHUA,,,,1,7,37,1834,JUAREZ
6141387479,2026-10-03 14:59:20.649800,PAN,Marco Bonilla,6266294,SAN FELIPE,31203,Mujer,NORMA PATRICIA MORALES RIVERO,28.646974,-106.098638,"C FRANCISCO DE BRIONES 606, SAN FELIPE, 31203 Chihuahua,CHIH",,73,65+,,,,,GOB FED - ADULTOS MAYORES,6,15,19,808,CHIHUAHUA
6562873709,2026-10-03 14:59:26.247523,PAN,Marco Bonilla,6465580,ADRIANA,32350,Hombre,NORBERTO RICARDO CARRILLO OLIVAS,31.725518378661,-106.452867840086,"C PLAN DE GUADALUPE 3506, ADRIANA, 32350 Chihuahua,CHIH",,42,41–59,,SERVICIOS EDUCATIVOS DEL ESTADO DE CHIHUAUA,,,,4,4,37,1659,JUAREZ
6141408046,2026-10-03 14:59:24.190632,PAN,Marco Bonilla,5265230,PANAMERICANA,31210,Hombre,JOSE ANTONIO GARCIA ESCUDERO,28.64884058882,-106.115888462456,"C REPUBLICA DE CUBA 818, PANAMERICANA, 31210 Chihuahua,CHIH",,81,65+,,,,,GOB FED - ADULTOS MAYORES,6,15,19,777,CHIHUAHUA
6563153889,2026-10-03 14:59:31.908811,PAN,Marco Bonilla,5416603,HIDALGO,32300,Mujer,MARTHA CISNEROS RAMIREZ,31.7483070981073,-106.461249999,"C CHOLULA 2445, HIDALGO, 32300 Chihuahua,CHIH",,60,60–64,MORENA,,,,,4,4,37,1570,JUAREZ
6142256725,2026-10-03 14:59:33.548515,PAN,Marco Bonilla,4914033,COLINAS DEL VALLE,31215,Hombre,MARCO ANTONIO VAZQUEZ MIRAMONTES,28.644380200954,-106.119112393874,"C SIERRA BLANCA 1853, COLINAS DEL VALLE, 31215 Chihuahua,CHIH",,58,41–59,,TRIBUNAL SUPERIOR DE JUSTICIA,,,,6,18,19,805,CHIHUAHUA
6141370878,2026-10-03 14:59:34.708443,PAN,Marco Bonilla,5859306,TIERRA Y LIBERTAD,31126,Hombre,RODOLFO MACIAS SAUCEDO,28.651105761,-106.066861427,"C CHE GUEVARA 4, TIERRA Y LIBERTAD, 31126 Chihuahua,CHIH",,53,41–59,,,,,,6,15,19,661,CHIHUAHUA
6142352303,2026-10-03 14:59:35.397406,PAN,Marco Bonilla,5202503,RDCIAL LAS FUENTES,31207,Hombre,LUIS ROBERTO PALOMINO BELTRAN,28.6168391950434,-106.1156522,"C FUENTE TREVI 6806, RDCIAL LAS FUENTES, 31207 Chihuahua,CHIH",,53,41–59,,,,,,6,18,19,839,CHIHUAHUA
6141953716,2026-10-03 14:59:35.454373,PAN,Marco Bonilla,5764809,LOS PINOS,31416,Mujer,ISIS IDALI LEON FRANCO,28.599778250139,-106.099210486794,"C ANTONIO TRESPALACIOS 1415, LOS PINOS, 31416 Chihuahua,CHIH",,45,41–59,,INSTITUTO CHIHUAHUENSE DE SALUD,,,,8,18,19,480,CHIHUAHUA
6141279298,2026-10-03 14:59:42.058487,PAN,Marco Bonilla,5223807,MARMOL VIEJO,31063,Mujer,IMELDA MARISCAL ANTILLON,28.618910491841,-106.038258735248,"C TULIPANES 7423, MARMOL VIEJO, 31063 Chihuahua,CHIH",,64,60–64,,,,,,8,17,19,605,CHIHUAHUA
6142555700,2026-10-03 14:59:43.768274,PAN,Marco Bonilla,5263206,IGNACIO ALLENDE,31124,Hombre,DAVID ERNESTO ZUANY MUÑOZ,28.6927521761694,-106.132736243,"C DOMINGO DE ALLENDE 9961, IGNACIO ALLENDE, 31124 Chihuahua,CHIH",,63,60–64,,INSTITUTO ESTATAL ELECTORAL,,,,6,18,19,625,CHIHUAHUA
6141544538,2026-10-03 14:59:48.541454,PAN,Marco Bonilla,4917385,ROSARIO,31050,Hombre,MIGUEL EMIGDIO DOMINGUEZ TORRES,28.612014278123,-106.077854906245,"PRIV DE MENDEZ 5200, ROSARIO, 31050 Chihuahua,CHIH",,70,65+,,,,,GOB FED - ADULTOS MAYORES,8,16,19,530,CHIHUAHUA
6141960241,2026-10-03 14:59:49.548579,PAN,Marco Bonilla,5435647,INFONAVIT NACIONAL,31120,Hombre,JUAN ENRIQUE PEGUEROS SOTELO,28.678592782784,-106.117907076198,"AV JUAN ESCUTIA SUR 7513, INFONAVIT NACIONAL, 31120 Chihuahua,CHIH",,65,65+,PAN,SECRETARIA DE HACIENDA,,,,6,15,19,698,CHIHUAHUA
6143443635,2026-10-03 14:59:55.609567,PAN,Marco Bonilla,5059094,COLINAS DEL SOL,31110,Mujer,LORENA ISELA LOPEZ CALZADILLAS,28.662169616978,-106.114379887522,"C DEL CISNE 1403, COLINAS DEL SOL, 31110 Chihuahua,CHIH",,66,65+,,,,,,6,15,19,759,CHIHUAHUA
6142857604,2026-10-03 14:59:46.574653,PAN,Marco Bonilla,5738753,VIÑEDOS CALIFORNIA,31384,Hombre,PEDRO LUIS MARISCAL HERNANDEZ,28.662441609736,-106.012520485563,"C DEL FORTIN 7404, VIÑEDOS CALIFORNIA, 31384 Chihuahua,CHIH",,44,41–59,,SECRETARIA DE HACIENDA,DESARROLLO INTEGRAL DE LA FAMILIA CHIHUAHUA,ACCIONES QUE MEJORAN LAS HABILIDADES DE CRIANZA Y CUIDADO PARA UN DESARROLLO ARMONICO DE LAS FAMILIAS,,8,17,19,852,CHIHUAHUA
6141384860,2026-10-03 14:59:49.027709,PAN,Marco Bonilla,6284934,VILLAS DE NUEVA ESPAÑA,31075,Mujer,JANETH GUADALUPE SAENZ RAMIREZ,28.6555786,-106.08790499,"C GALENA 1120, VILLAS DE NUEVA ESPAÑA, 31075 Chihuahua,CHIH",,40,31–40,,,,,,8,17,19,605,CHIHUAHUA
6144270327,2026-10-03 15:00:05.280670,PAN,Marco Bonilla,5604659,ROMA,31040,Hombre,CARLOS ENRIQUE MENDOZA BURCIAGA,28.6555786,-106.08790499,"C 45 Y MEDIA 1613, ROMA, 31040 Chihuahua,CHIH",,60,60–64,,,,,,8,15,19,444,CHIHUAHUA
6141952976,2026-10-03 15:00:04.099564,PAN,Marco Bonilla,6769312,VALLE DE LA MADRID,31455,Mujer,ADRIANA JANETH RASCON AGUILAR,28.771527778,-106.122874722,"PRIV VALLE DORADO S/N, VALLE DE LA MADRID, 31455 Chihuahua,CHIH",,35,31–40,PAN,,SECRETARIA DE DESARROLLO HUMANO Y BIEN COMUN,FORTALECIMIENTO COMUNITARIO Y PARTICIPACION CIUDADANA,,8,16,19,540,CHIHUAHUA
6142761905,2026-10-03 15:00:00.992769,PAN,Marco Bonilla,5242771,ROSARIO,31030,Hombre,RODOLFO BELTRAN CORRAL,28.610289030993,-106.075452904252,"C OCHOA 5208, ROSARIO, 31030 Chihuahua,CHIH",,42,41–59,,,,,,8,16,19,529,CHIHUAHUA
6144145705,2026-10-03 15:00:09.692266,PAN,Marco Bonilla,5954741,SAN FELIPE VIEJO,31203,Hombre,HUMBERTO VIDALES MURILLO,28.566261389,-106.210983889,"C ESCUDERO 11, SAN FELIPE VIEJO, 31203 Chihuahua,CHIH",,86,65+,,,,,GOB FED - ADULTOS MAYORES,6,15,19,830,CHIHUAHUA
6142036148,2026-10-03 15:00:17.761354,PAN,Marco Bonilla,5560752,PASEOS DE CHIHUAHUA,31125,Mujer,ELSA NAVARRETE RAMOS,28.717598095572,-106.142785207693,"C PASEOS DE TARAHUMARAS 15104, PASEOS DE CHIHUAHUA, 31125 Chihuahua,CHIH",,68,65+,,,,,,6,12,19,3187,CHIHUAHUA
6142352827,2026-10-03 15:00:12.550552,PAN,Marco Bonilla,6834115,MISION UNIVERSIDAD,31124,Hombre,ALEJANDRO ENRIQUEZ HERRERA,28.705907561214,-106.150802274305,"C COLEGIO SANTA MONICA 2208, MISION UNIVERSIDAD, 31124 Chihuahua,CHIH",,35,31–40,PAN,JMAS DELICIAS,,,,6,12,19,3203,CHIHUAHUA
6562351483,2026-10-03 15:00:17.554435,PAN,Marco Bonilla,6404014,PASEOS DEL CAMINO REAL,31384,Mujer,GLENDA ALEJANDRA REYES ALVARADO,28.671755664363,-105.984521660015,"C PASEOS DEL MONGOL 10624, PASEOS DEL CAMINO REAL, 31384 Chihuahua,CHIH",,38,31–40,PAN,SECRETARIA DE DESARROLLO HUMANO Y BIEN COMUN,,,,8,17,19,3237,CHIHUAHUA
6144881909,2026-10-03 15:00:10.387058,PAN,Marco Bonilla,4897143,SAN FELIPE,31203,Hombre,VICTOR RAFAEL GARCIA MENDEZ,28.644041300871,-106.08633830348,"C ANTONIO DE MONTES 1500, SAN FELIPE, 31203 Chihuahua,CHIH",,65,65+,,,,,,6,15,19,819,CHIHUAHUA
6141112417,2026-10-03 15:00:18.358757,PAN,Marco Bonilla,6213555,COLINAS DEL SOL,31110,Mujer,ISIS PAOLA ANDUJO GOMEZ,28.656581066855,-106.126360141731,"C DE LA PALOMA 3600, COLINAS DEL SOL, 31110 Chihuahua,CHIH",,41,41–59,,,,,,6,18,19,754,CHIHUAHUA
6142222536,2026-10-03 15:00:22.631852,PAN,Marco Bonilla,4885205,ROBINSON,31375,Hombre,SERGIO GUSTAVO GUTIERREZ ESPINOZA,28.6520660141019,-106.034898896,"C MINA LA SOLEDAD 6901, ROBINSON, 31375 Chihuahua,CHIH",,62,60–64,,,,,,8,17,19,848,CHIHUAHUA
6141420263,2026-10-03 15:00:20.440399,PAN,Marco Bonilla,5262223,SAN RAFAEL,31060,Hombre,ADRIAN LOZANO HERRERA,28.629147421267,-106.057005433606,"C ONCE 4409, SAN RAFAEL, 31060 Chihuahua,CHIH",,61,60–64,PAN,SECRETARIA DE LA FUNCION PUBLICA,,,,8,17,19,553,CHIHUAHUA
6141542020,2026-10-03 15:00:23.654546,PAN,Marco Bonilla,5568091,CUMBRES UNIVERSIDAD II,31124,Hombre,JUAN CARLOS SANCHEZ MARTINEZ,28.6867174091594,-106.145013588,"C MONTES DE LINDO 9319, CUMBRES UNIVERSIDAD II, 31124 Chihuahua,CHIH",,54,41–59,,,SECRETARIA DE SALUD,SECRETARIA DE SALUD,,6,18,19,641,CHIHUAHUA
6141954328,2026-10-03 15:00:29.536356,PAN,Marco Bonilla,7137566,LOS POTREROS,31104,Hombre,CARLOS ENRIQUE GRIJALVA LUGO,28.711934694421,-106.088699412573,"C POTRERO DE MAPULA 11920, LOS POTREROS, 31104 Chihuahua,CHIH",,58,41–59,,,,,,6,17,19,3294,CHIHUAHUA
6141248322,2026-10-03 15:00:30.566566,PAN,Marco Bonilla,5480496,MIRADOR,31205,Mujer,MARGARITA ESPINOZA BACA,28.6341157290722,-106.091156192,"C VARSOVIA 2200, MIRADOR, 31205 Chihuahua,CHIH",,61,60–64,,,,,,6,18,19,827,CHIHUAHUA
6142357570,2026-10-03 15:00:37.542100,PAN,Marco Bonilla,5422903,GRANJAS,31100,Mujer,ROSA ISELA FERNANDEZ RENTERIA,28.668157983882,-106.097749269613,"C PINO 1301, GRANJAS, 31100 Chihuahua,CHIH",,52,41–59,,,,,,8,15,19,765,CHIHUAHUA
6563604081,2026-10-03 15:00:37.738190,PAN,Marco Bonilla,6067433,VALLE DEL ANGEL,31115,Mujer,MARIA DE LOURDES FLORES PORTILLO,28.652941269,-106.134826238,"C VALLE DEL ANGEL 5723, VALLE DEL ANGEL, 31115 Chihuahua,CHIH",,59,41–59,,UNIVERSIDAD AUTONOMA DE CHIHUAHUA (3ER TRIMESTRE),,,,6,18,19,653,CHIHUAHUA
6142197455,2026-10-03 15:00:34.688385,PAN,Marco Bonilla,5467892,LOMAS DEL SANTUARIO,31205,Mujer,JANETT CECILIA ALDRETE URRUTIA,28.63046393666,-106.09593157009,"C LAGO DE JACALES 2819, LOMAS DEL SANTUARIO, 31205 Chihuahua,CHIH",,55,41–59,,,,,,6,18,19,840,CHIHUAHUA
6144233011,2026-10-03 15:00:41.602138,PAN,Marco Bonilla,4896384,LOS ARCOS,31137,Hombre,ROGELIO BANDA BANDA,28.7414108612501,-106.136433274,"C ARCO DE CANTERA 17704, LOS ARCOS, 31137 Chihuahua,CHIH",,79,65+,,,,,GOB FED - ADULTOS MAYORES,6,12,19,2852,CHIHUAHUA
6141746450,2026-10-03 15:00:41.479351,PAN,Marco Bonilla,5878579,SANTA ROSA,31050,Mujer,LUZ GABRIELA MARIN MARISCAL,28.631772728931,-106.066409082183,"C 5A 2809, SANTA ROSA, 31050 Chihuahua,CHIH",,57,41–59,,,,,,8,15,19,504,CHIHUAHUA
6141604225,2026-10-03 15:00:41.749275,PAN,Marco Bonilla,6881202,VILLA JUAREZ,31064,Mujer,LILIA ANGELICA CORONA SANTANA,28.641848606,-106.096383327,"C EMILIANO ZAPATA 510, VILLA JUAREZ, 31064 Chihuahua,CHIH",,34,31–40,PAN,CHIHUAHUA,,,,8,16,19,871,CHIHUAHUA
6141395902,2026-10-03 15:00:45.509942,PAN,Marco Bonilla,6571892,LA GALERA,31384,Hombre,LUIS ANTONIO LOPEZ HERNANDEZ,28.673136038088,-106.001756696963,"C DEL MOJINO 7218, LA GALERA, 31384 Chihuahua,CHIH",,61,60–64,,SERVICIOS EDUCATIVOS DEL ESTADO DE CHIHUAUA,,,,8,17,19,3232,CHIHUAHUA
6142187475,2026-10-03 15:00:54.140500,PAN,Marco Bonilla,6251461,SACRAMENTO,31184,Hombre,RAMON ELOY GONZALEZ BALDERRAMA,28.832364445,-106.170461111,"EJIDO SACRAMENTO S/N, SACRAMENTO, 31184 Chihuahua,CHIH",,48,41–59,,,,,,6,12,19,3281,CHIHUAHUA
6141912501,2026-10-03 15:00:52.948841,PAN,Marco Bonilla,5890752,PRADERAS DE LEON,31313,Mujer,ANA GABRIELA LUGO PRIETO,28.674159342737,-106.033074672349,"C EL CAIRO 525, PRADERAS DE LEON, 31313 Chihuahua,CHIH",,51,41–59,,,,,,8,17,19,3230,CHIHUAHUA
6142191273,2026-10-03 15:00:52.619136,PAN,Marco Bonilla,5047125,CAMPESTRE WASHINGTON,31217,Hombre,ROGELIO RUIZ SANCHEZ,28.6439249940885,-106.12082464,"C SIERRA NEVADA 2013, CAMPESTRE WASHINGTON, 31217 Chihuahua,CHIH",,61,60–64,,,,,,6,18,19,805,CHIHUAHUA
6142753623,2026-10-03 15:00:56.723935,PAN,Marco Bonilla,6076159,OLIMPO,31146,Hombre,CESAR MAURICIO CHAVEZ CHAVEZ,28.714148606506,-106.087944203097,"C MONTE OLIMPO 5115, OLIMPO, 31146 Chihuahua,CHIH",,58,41–59,,COLEGIO DE BACHILLERES DEL ESTADO DE CHIHUAHUA,SECRETARIA DE DESARROLLO HUMANO Y BIEN COMUN,FORTALECIMIENTO COMUNITARIO Y PARTICIPACION CIUDADANA,,6,17,19,3294,CHIHUAHUA
6141996683,2026-10-03 15:00:52.410929,PAN,Marco Bonilla,6786441,LOMAS VALLARTA,31100,Mujer,ALBA GABRIELA FLORES FLORES,28.6754309391406,-106.113827163,"C FRANCISCO JAVIER MIRANDA 404, LOMAS VALLARTA, 31100 Chihuahua,CHIH",,34,31–40,,,,,,6,15,19,722,CHIHUAHUA
6563217892,2026-10-03 15:00:57.638763,PAN,Marco Bonilla,6820333,AMPLIACION FRONTERIZA,32180,Mujer,MARIA INES RAMIREZ LOPEZ,31.724247513314,-106.53757392543,"PRIV DE LORETO 1522, AMPLIACION FRONTERIZA, 32180 Chihuahua,CHIH",,36,31–40,,,SECRETARIA DE DESARROLLO HUMANO Y BIEN COMUN,FORTALECIMIENTO COMUNITARIO Y PARTICIPACION CIUDADANA,,3,3,37,1560,JUAREZ
6141786130,2026-10-03 15:00:55.530167,PAN,Marco Bonilla,5743269,ARBOLEDAS II,31110,Hombre,BLAS ENRIQUE DURAN MERAZ,28.661891295883,-106.117564004901,"C TORDO 4922, ARBOLEDAS II, 31110 Chihuahua,CHIH",,63,60–64,,,,,,6,15,19,753,CHIHUAHUA
6141784165,2026-10-03 15:00:58.200946,PAN,Marco Bonilla,6881202,VILLA JUAREZ,31064,Mujer,LILIA ANGELICA CORONA SANTANA,28.641848606,-106.096383327,"C EMILIANO ZAPATA 510, VILLA JUAREZ, 31064 Chihuahua,CHIH",,34,31–40,PAN,CHIHUAHUA,,,,8,16,19,871,CHIHUAHUA
6141190655,2026-10-03 15:00:59.510982,PAN,Marco Bonilla,6736792,GRANJAS,31100,Mujer,AURORA ALEJANDRA AVILA DOMINGUEZ,28.675486742833,-106.10900767432,"C MANUEL GONZALEZ COSSIO 6711, GRANJAS, 31100 Chihuahua,CHIH",,35,31–40,,SECRETARIA DE DESARROLLO HUMANO Y BIEN COMUN,SECRETARIA DE DESARROLLO HUMANO Y BIEN COMUN,DESARROLLO HUMANO,,6,15,19,721,CHIHUAHUA
6144360071,2026-10-03 15:00:59.384080,PAN,Marco Bonilla,4900438,SECTOR 3,31375,Mujer,ELIZABETH ARAGON GONZALEZ,28.6555786,-106.08790499,"C 61A 5603 A, SECTOR 3, 31375 Chihuahua,CHIH",,46,41–59,,,,,,8,17,19,568,CHIHUAHUA
6144208459,2026-10-03 15:01:05.485928,PAN,Marco Bonilla,5132208,MARMOL,31080,Mujer,ROSA MARIA PORTILLO MONTOYA,28.636470604641,-106.042097509117,"PRIV DE ESMERALDA 902, MARMOL, 31080 Chihuahua,CHIH",,67,65+,,,,,,8,17,19,605,CHIHUAHUA
6562659332,2026-10-03 15:01:05.974361,PAN,Marco Bonilla,6715612,MELCHOR OCAMPO,32380,Mujer,JUDITH RUIZ DIAZ,31.718331040683,-106.463534853637,"C LUIS G URBINA 2700, MELCHOR OCAMPO, 32380 Chihuahua,CHIH",,40,31–40,,,,,,4,4,37,1690,JUAREZ
6141419662,2026-10-03 15:01:10.440989,PAN,Marco Bonilla,6806427,PANORAMICO,31107,Mujer,MARIA ESTHER MANTILLA AGUAYO,28.6682138711288,-106.114400341,"C NEVADO DE COLIMA 5711, PANORAMICO, 31107 Chihuahua,CHIH",,49,41–59,,SERVICIOS EDUCATIVOS DEL ESTADO DE CHIHUAUA,,,,6,15,19,749,CHIHUAHUA
6141927491,2026-10-03 15:01:14.676769,PAN,Marco Bonilla,5947037,QUINTAS DEL SOL,31214,Hombre,RENE ALEJANDRO RIVERA MUÑIZ,28.6325662450696,-106.101076365,"C ARIZONA 2430, QUINTAS DEL SOL, 31214 Chihuahua,CHIH",,44,41–59,,,,,,6,18,19,838,CHIHUAHUA
6144470108,2026-10-03 15:01:14.160660,PAN,Marco Bonilla,5154697,2 DE OCTUBRE,31375,Mujer,OLGA DEL CARMEN ESTRADA CHAVEZ,28.634227697231,-106.037312641856,"C 4 4105, 2 DE OCTUBRE, 31375 Chihuahua,CHIH",,65,65+,,,,,,8,17,19,572,CHIHUAHUA
6564586805,2026-10-03 15:01:23.245948,PAN,Marco Bonilla,6004426,SANTO TOMAS,33840,Hombre,ALFONSO RODRIGUEZ ARMENDARIZ,26.9333,-105.67,"C TEMPLO DE SAN JUAN DE DIOS 50, SANTO TOMAS, 33840 Chihuahua,CHIH",,56,41–59,,JUAREZ - CENTRALIZADA,,,,9,21,32,1318,HIDALGO DEL PARRAL
6142296502,2026-10-03 15:01:18.589979,PAN,Marco Bonilla,5689080,LOURDES,31120,Mujer,ELENA ALICIA LOYA BARRIO,28.6809093141498,-106.112150847,"C JORGE NEGRETE 7712, LOURDES, 31120 Chihuahua,CHIH",,71,65+,,,,,GOB FED - ADULTOS MAYORES,6,15,19,696,CHIHUAHUA
6142863050,2026-10-03 15:01:20.466878,PAN,Marco Bonilla,6518216,GLORIA,31130,Hombre,JULIO CESAR JIMENEZ DURAN,28.6555786,-106.08790499,"C SAO PAULO 1910  B, GLORIA, 31130 Chihuahua,CHIH",,38,31–40,,,,,,8,15,19,693,CHIHUAHUA
6141663970,2026-10-03 15:01:16.053482,PAN,Marco Bonilla,5961001,QUINTA MONTECARLO II ETAPA,31170,Hombre,FRANCISCO CORTES CARRILLO,28.746612318682,-106.147465572716,"C MADROÑO 19125, QUINTA MONTECARLO II ETAPA, 31170 Chihuahua,CHIH",,68,65+,,,,,,6,12,19,3344,CHIHUAHUA
6142456877,2026-10-03 15:01:25.518769,PAN,Marco Bonilla,5734146,VILLAS DEL SOL II,31124,Mujer,VANESSA OYUKI TERRAZAS RASCON,28.6993955381805,-106.14536894,"C VILLA DE LIRA 9905, VILLAS DEL SOL II, 31124 Chihuahua,CHIH",,45,41–59,,,,,,6,12,19,3206,CHIHUAHUA
6141315493,2026-10-03 15:01:24.201124,PAN,Marco Bonilla,5721557,RISCOS DEL SOL,31124,Mujer,MICHELLE BALEG DAVILA HERNANDEZ,28.699900670303,-106.153045523052,"C RISCOS DE LOS ANDES 6232, RISCOS DEL SOL, 31124 Chihuahua,CHIH",,47,41–59,,,,,,6,12,19,3207,CHIHUAHUA
6562704993,2026-10-03 15:01:27.113126,PAN,Marco Bonilla,6658372,AZTECA,32280,Hombre,CHRISTIAN ALONSO BANDERAS MIRANDA,31.660985962,-106.417559603,"C GASCUÑA 5552, AZTECA, 32280 Chihuahua,CHIH",,36,31–40,,SECRETARIA DE DESARROLLO HUMANO Y BIEN COMUN,SECRETARIA DE DESARROLLO HUMANO Y BIEN COMUN,PROGRAMA DE ESTANCIAS INFANTILES PARA EL DESARROLLO INTEGRAL DE LA NINEZ,,4,4,37,2085,JUAREZ
4611090359,2026-10-03 15:01:29.622378,PAN,Marco Bonilla,6300611,PASEOS DE CHIHUAHUA,31125,Hombre,NESTOR GABRIEL LINARES CARDENAS,28.714448770624,-106.138397470884,"AV MIGUEL DE CERVANTES 215, PASEOS DE CHIHUAHUA, 31125 Chihuahua,CHIH",,40,31–40,,,,,,6,12,19,3193,CHIHUAHUA
6144195073,2026-10-03 15:01:38.429080,PAN,Marco Bonilla,5961155,VILLA NUEVA,31134,Mujer,MARIA LUISA HOLGUIN MEDINA,28.691814313034,-106.113034508244,"C RUBEN JARAMILLO 377, VILLA NUEVA, 31134 Chihuahua,CHIH",,53,41–59,,,,,,8,15,19,652,CHIHUAHUA
6144845651,2026-10-03 15:01:42.812979,PAN,Marco Bonilla,5672274,QUINTAS CAROLINAS,31146,Hombre,MANUEL ZUBIA MOLINA,28.715968664445,-106.090021788136,"C MONTE COLORADO 4720, QUINTAS CAROLINAS, 31146 Chihuahua,CHIH",,56,41–59,,,,,,6,17,19,3294,CHIHUAHUA
6141690549,2026-10-03 15:01:41.967325,PAN,Marco Bonilla,6096074,VILLA JUAREZ,31064,Hombre,ARMANDO MARIN ARBALLO,28.633551,-106.072912,"BLVD JOSE FUENTES MARES 9204, VILLA JUAREZ, 31064 Chihuahua,CHIH",,77,65+,,,,,GOB FED - ADULTOS MAYORES,8,16,19,859,CHIHUAHUA
6141547050,2026-10-03 15:01:40.305639,PAN,Marco Bonilla,6292079,MIRADOR,31205,Hombre,EDUARDO ANDRES AGUILAR ROMERO,28.6344610820728,-106.09245565,"C MADRID 2212, MIRADOR, 31205 Chihuahua,CHIH",,40,31–40,,,,,,6,18,19,827,CHIHUAHUA
6562854684,2026-10-03 15:01:44.091898,PAN,Marco Bonilla,6179198,HORIZONTES DEL SUR,32580,Hombre,LUIS FLORES SANTILLAN,31.607388966534,-106.379744068896,"C HORTENCIA SOLIS ONTIVEROS 408, HORIZONTES DEL SUR, 32580 Chihuahua,CHIH",,41,41–59,PAN,CONGRESO DEL ESTADO,,,,1,9,37,2791,JUAREZ
6141916050,2026-10-03 15:01:49.350719,PAN,Marco Bonilla,5319549,RESERVA DEL PARQUE,31207,Mujer,WENDY LIZETTE NUÑEZ MUCHARRAZ,28.5982617170126,-106.13173583,"CTO PARQUE LORETO 2731, RESERVA DEL PARQUE, 31207 Chihuahua,CHIH",,51,41–59,PAN,JUNTA CENTRAL DE AGUA Y SANEAMIENTO,,,,6,18,19,847,CHIHUAHUA
6562745887,2026-10-03 15:01:52.439639,PAN,Marco Bonilla,5800632,COLONIAL DEL VALLE,32552,Hombre,JESUS EDUARDO RUIZ MARTINEZ,31.677501072026,-106.364828556015,"C HACIENDA DEL ROSARIO 1117, COLONIAL DEL VALLE, 32552 Chihuahua,CHIH",,49,41–59,,,,,,4,5,37,1743,JUAREZ
6142159346,2026-10-03 15:01:55.833221,PAN,Marco Bonilla,5043787,QUINTAS JUAN PABLO,31384,Mujer,MARIA DE JESUS PRIETO SOTELO,28.655617567085,-106.01354752016,"C KAROL WOJTYLA 8533, QUINTAS JUAN PABLO, 31384 Chihuahua,CHIH",,65,65+,,,,,,8,17,19,852,CHIHUAHUA
6146021802,2026-10-03 15:02:11.147466,PAN,Marco Bonilla,5619326,LUIS DONALDO COLOSIO,31104,Mujer,ADRIANA ENRIQUEZ AYALA,28.741361335265,-106.115921487154,"C MINA DEL POTRERO 3348, LUIS DONALDO COLOSIO, 31104 Chihuahua,CHIH",,51,41–59,,,DESARROLLO RURAL,APOYOS PARA FOMENTAR LA PRODUCCION Y SEGURIDAD ALIMENTARIA,GOB FED - BECAS BASICO,6,12,19,2869,CHIHUAHUA
6566158774,2026-10-03 15:02:05.428731,PAN,Marco Bonilla,6217572,BARRIO ALTO,32160,Hombre,OMAR ANTONIO CARRERA HIDROGO,31.733657392549,-106.491522195978,"C RAMON ARANDA 757, BARRIO ALTO, 32160 Chihuahua,CHIH",,41,41–59,,,,,,3,3,37,1533,JUAREZ
6141067310,2026-10-03 15:02:13.452503,PAN,Marco Bonilla,6666399,BARRIO DEL NORTE,31300,Hombre,JESUS EMMANUEL ESCOBAR ACOSTA,28.670150949,-106.075016626192,"C MANUEL AGUILAR SAENZ 302 B, BARRIO DEL NORTE, 31300 Chihuahua,CHIH",,36,31–40,,,,,,8,15,19,740,CHIHUAHUA
6562863532,2026-10-03 15:02:13.945614,PAN,Marco Bonilla,5095415,INF JUAREZ NUEVO,32583,Hombre,VICTORIANO ESQUIVEL AMAYA,31.659369753093,-106.392161362845,"C HIEDRA 6972, INF JUAREZ NUEVO, 32583 Chihuahua,CHIH",,62,60–64,,,,,,1,7,37,1923,JUAREZ
6144113134,2026-10-03 15:02:17.720923,PAN,Marco Bonilla,5185276,LINSS,31020,Mujer,PATRICIA IRENE NEVAREZ BORUNDA,28.6234617890546,-106.082513495,"C ERNESTO TALAVERA 1214, LINSS, 31020 Chihuahua,CHIH",,70,65+,,,SECRETARIA DE CULTURA,SECRETARIA DE CULTURA,GOB FED - ADULTOS MAYORES,8,16,19,466,CHIHUAHUA
6141761026,2026-10-03 15:02:22.723203,PAN,Marco Bonilla,5081697,CAMPESINA,31410,Mujer,NORMA ELOISA CRUZ GONZALEZ,28.612975724327,-106.098107512155,"C NARCISOS 1111, CAMPESINA, 31410 Chihuahua,CHIH",,63,60–64,,,,,,8,18,19,422,CHIHUAHUA
6145023770,2026-10-03 15:02:21.216341,PAN,Marco Bonilla,6419284,SAUCITO,31110,Mujer,ROMELIA FLORES TORRES,28.667073582368,-106.125975064367,"C PEDRO ROBLES 6116, SAUCITO, 31110 Chihuahua,CHIH",,62,60–64,,,SECRETARIA DE DESARROLLO HUMANO Y BIEN COMUN,FORTALECIMIENTO COMUNITARIO Y PARTICIPACION CIUDADANA,,6,15,19,726,CHIHUAHUA
6141532221,2026-10-03 15:02:19.891609,PAN,Marco Bonilla,6334981,VILLA JUAREZ,31064,Hombre,JESUS PORTILLO CALDERON,28.596904808002,-106.018233926044,"C FRANCISCO PORTILLO 2909, VILLA JUAREZ, 31064 Chihuahua,CHIH",,39,31–40,,,,,,8,16,19,3304,CHIHUAHUA
6141422666,2026-10-03 15:02:33.672878,PAN,Marco Bonilla,4974925,RDCIAL CUMBRES,31217,Mujer,LORENA MOLINAR PONCE,28.643361297857,-106.122899182674,"C CUMBRE SANTA ELENA 2234, RDCIAL CUMBRES, 31217 Chihuahua,CHIH",,66,65+,,,,,,6,18,19,805,CHIHUAHUA
6142783839,2026-10-03 15:02:39.189516,PAN,Marco Bonilla,4984935,ANGEL TRIAS,31203,Hombre,VICTOR HUMBERTO VILLARREAL NORIEGA,28.612072343757,-106.107227316176,"LATERAL PERIF ORTIZ MENA 3116, ANGEL TRIAS, 31203 Chihuahua,CHIH",,48,41–59,,,,,,6,15,19,780,CHIHUAHUA
6141521344,2026-10-03 15:02:43.695348,PAN,Marco Bonilla,4933807,INFONAVIT NACIONAL,31120,Hombre,ALAN URIBE RAMOS,28.6824975611525,-106.119581704,"C COCOYOC 8306, INFONAVIT NACIONAL, 31120 Chihuahua,CHIH",,45,41–59,,,DESARROLLO INTEGRAL DE LA FAMILIA CHIHUAHUA,REHABILITACION INTEGRAL FISICA Y APOYOS FUNCIONALES,,6,15,19,680,CHIHUAHUA
6142358565,2026-10-03 15:02:41.170554,PAN,Marco Bonilla,5868240,DALE,31050,Hombre,JOSE LUIS COLMENERO VILLALOBOS,28.6555786,-106.08790499,"C 34A 4810, DALE, 31050 Chihuahua,CHIH",,67,65+,,,,,,8,16,19,544,CHIHUAHUA
6141157375,2026-10-03 15:02:48.188952,PAN,Marco Bonilla,6376519,MADERA 65,31060,Mujer,CLARA SUSANA GONZALEZ HARMON,28.6257680840582,-106.042346233,"C SALOMON GAYTAN 6611, MADERA 65, 31060 Chihuahua,CHIH",,39,31–40,,,,,,8,17,19,574,CHIHUAHUA
6141292934,2026-10-03 15:02:47.350713,PAN,Marco Bonilla,7232800,CAMPANARIO,31213,Hombre,ARTURO RAFAEL SOLIS AGUIRRE,28.641768441834,-106.114288524778,"C MISION DE STA MARIA CARRETAS 5916, CAMPANARIO, 31213 Chihuahua,CHIH",,30,25–30,,,,,,6,18,19,805,CHIHUAHUA
6144107102,2026-10-03 15:02:57.155925,PAN,Marco Bonilla,5774509,LAS AGUILAS,31214,Hombre,JOSE HERON LEMUS ANDRADE,28.637437245038,-106.101835958745,"C ARGEO 2024, LAS AGUILAS, 31214 Chihuahua,CHIH",,43,41–59,,,,,,6,18,19,824,CHIHUAHUA
6142781210,2026-10-03 15:02:52.757126,PAN,Marco Bonilla,5407427,QUINTAS DEL SOL,31214,Mujer,LUISANA GARCIA RUSSEK,28.630258098479,-106.103503451255,"C WYOMING 2808, QUINTAS DEL SOL, 31214 Chihuahua,CHIH",,72,65+,,,,,,6,18,19,838,CHIHUAHUA
6141847372,2026-10-03 15:02:53.234357,PAN,Marco Bonilla,5388894,LA CIMA,31310,Hombre,EDGAR ANTONIO CANTU MORENO,28.662363532308,-106.088379642967,"C RODRIGO M QUEVEDO 2302, LA CIMA, 31310 Chihuahua,CHIH",,50,41–59,,,,,,8,15,19,784,CHIHUAHUA
6141198400,2026-10-03 15:02:53.568612,PAN,Marco Bonilla,5571229,COUNTRY ALAMOS,31150,Hombre,ANGEL HUMBERTO SOTELO GALLARDO,28.683676267145,-106.07949127866,"C ROBLE 4503, COUNTRY ALAMOS, 31150 Chihuahua,CHIH",,54,41–59,,,,,,8,15,19,717,CHIHUAHUA
6141763763,2026-10-03 15:03:02.894479,PAN,Marco Bonilla,5746186,PARQUES DE SAN FELIPE,31203,Mujer,PERLA NATALYE CAMPOS GARCIA,28.6484948270961,-106.089911478,"C DIEGO DE VILCHIS 104, PARQUES DE SAN FELIPE, 31203 Chihuahua,CHIH",,56,41–59,,DESARROLLO INTEGRAL DE LA FAMILA DEL ESTADO DE CHIHUAHUA,,,,6,15,19,795,CHIHUAHUA
6142444037,2026-10-03 15:03:02.621634,PAN,Marco Bonilla,5348413,UNIDAD PRESIDENTES,31210,Mujer,ALBA ELIZABETH ZAPATA TERRAZAS,28.6473487000941,-106.105165394,"C JOSE LOPEZ PORTILLO 415, UNIDAD PRESIDENTES, 31210 Chihuahua,CHIH",,45,41–59,,,SECRETARIA DE SALUD,MEDICHIHUAHUA,,6,15,19,807,CHIHUAHUA
6331151719,2026-10-03 15:03:07.202859,PAN,Marco Bonilla,5955137,LA MINITA,31066,Hombre,OSCAR TREJO LOPEZ,28.626492716664,-106.039593529906,"C MINA LA PRINCESA 2339, LA MINITA, 31066 Chihuahua,CHIH",,71,65+,,SECRETARIA GENERAL DE GOBIERNO,,,GOB FED - ADULTOS MAYORES,8,17,19,574,CHIHUAHUA
6562983382,2026-10-03 15:03:01.510374,PAN,Marco Bonilla,5469926,VEREDAS DEL SOL,32472,Hombre,MARIO OCHOA MARTINEZ,31.708468600041,-106.38512910641,"C VEREDA SEGOVIA 1650, VEREDAS DEL SOL, 32472 Chihuahua,CHIH",,70,65+,,,,,GOB FED - ADULTOS MAYORES,4,5,37,1642,JUAREZ
6142190298,2026-10-03 15:02:58.125344,PAN,Marco Bonilla,6327389,ROMA,31350,Mujer,BETHANY GABRIELA LIDDIARD LEBARON,28.647814266685,-106.058812647154,"C 47 1410, ROMA, 31350 Chihuahua,CHIH",,40,31–40,,,,,,8,15,19,444,CHIHUAHUA
6141779914,2026-10-03 15:03:09.402311,PAN,Marco Bonilla,6176041,SAN FELIPE,31203,Mujer,MARIA DE LOS ANGELES CANO ARRIETA,28.651671157522,-106.094389048449,"C ESTRADA BOCANEGRA 2942, SAN FELIPE, 31203 Chihuahua,CHIH",,75,65+,,,,,GOB FED - ADULTOS MAYORES,6,15,19,797,CHIHUAHUA
6361150167,2026-10-03 15:03:10.173033,PAN,Marco Bonilla,7042247,GRANJAS DEL VALLE,31184,Hombre,JUAN LARA MARTINEZ,28.6555786,-106.08790499,"C LATERAL ANEXO N 1 S/N, GRANJAS DEL VALLE, 31184 Chihuahua,CHIH",,71,65+,,,,,GOB FED - ADULTOS MAYORES,6,12,19,3281,CHIHUAHUA
6142409943,2026-10-03 15:03:07.824756,PAN,Marco Bonilla,6127651,SAN CARLOS,31150,Hombre,OSCAR JAVIER TORRES LOPEZ,28.6766566491428,-106.075428928,"C SAN ERNESTO 4702, SAN CARLOS, 31150 Chihuahua,CHIH",,62,60–64,,,SECRETARIA DE SALUD,SECRETARIA DE SALUD,,8,15,19,739,CHIHUAHUA
6565999096,2026-10-03 15:03:24.718504,PAN,Marco Bonilla,6953580,DEL VALLE,32409,Mujer,TANIA IVETTE DUEÑAS ARREOLA,31.733602993998,-106.413278890035,"C VALLE NACIONAL 378, DEL VALLE, 32409 Chihuahua,CHIH",,34,31–40,,SECRETARIA DE DESARROLLO HUMANO Y BIEN COMUN,,,,4,4,37,1602,JUAREZ
6562686529,2026-10-03 15:03:21.104264,PAN,Marco Bonilla,4868820,EL BARREAL,32040,Hombre,JUAN EDUARDO ANDRADE PEREZ,28.614521179634,-106.022841793496,"C NIÑOS HEROES 1409, EL BARREAL, 32040 Chihuahua,CHIH",,51,41–59,,,,,,4,4,37,1653,JUAREZ
6144151800,2026-10-03 15:03:21.768256,PAN,Marco Bonilla,5917123,MIRADOR,31270,Hombre,FERNANDO EDUARDO TERRAZAS MONGE,28.633300498423,-106.085585451725,,,63,60–64,,,,,,6,18,19,842,CHIHUAHUA
6141208229,2026-10-03 15:03:20.798661,PAN,Marco Bonilla,5279209,VILLA JUAREZ,31064,Mujer,NORA ISABEL MARQUEZ ACOSTA,28.600178276468,-106.01546060574,"PRIV DE FRANCISCO SARABIA 1909, VILLA JUAREZ, 31064 Chihuahua,CHIH",,59,41–59,,,DESARROLLO INTEGRAL DE LA FAMILIA CHIHUAHUA,REHABILITACION INTEGRAL FISICA Y APOYOS FUNCIONALES,,8,16,19,880,CHIHUAHUA
6145167736,2026-10-03 15:03:34.357028,PAN,Marco Bonilla,5940719,BASASEACHIC,31150,Hombre,EDUARDO ANTONIO RODRIGUEZ ESPARZA,28.681102156956,-106.098358633974,"C RIO AROS 2104, BASASEACHIC, 31150 Chihuahua,CHIH",,62,60–64,,,SECRETARIA DE PUEBLOS Y COMUNIDADES INDIGENAS,FOMENTO AL RESPETO DE LOS DERECHOS DE LAS Y LOS INDIGNAS,,8,15,19,714,CHIHUAHUA
6563316428,2026-10-03 15:03:28.825214,PAN,Marco Bonilla,5822054,LOMAS DEL REY,32651,Mujer,MARIA DEL ROSARIO RAMOS DELGADO,31.668690480943,-106.432037246958,"C GUADALUPE 6456, LOMAS DEL REY, 32651 Chihuahua,CHIH",,53,41–59,,,SECRETARIA DE SALUD,SECRETARIA DE SALUD,,4,6,37,1803,JUAREZ
6144172374,2026-10-03 15:03:31.137299,PAN,Marco Bonilla,5175792,LAS AGUILAS,31214,Hombre,VICENTE ANTONIO DELGADO LOPEZ,28.635978856378,-106.101379055375,"C ARIZONA 2208, LAS AGUILAS, 31214 Chihuahua,CHIH",,78,65+,,,,,GOB FED - ADULTOS MAYORES,6,18,19,824,CHIHUAHUA
6141597437,2026-10-03 15:03:32.501145,PAN,Marco Bonilla,5786443,MAGISTERIAL SOLIDARIDAD,31137,Hombre,ALAN ENRIQUE LOPEZ TORRES,28.735450424646,-106.145707053652,"C RAFAEL RAMIREZ 426, MAGISTERIAL SOLIDARIDAD, 31137 Chihuahua,CHIH",,42,41–59,,,,,,6,12,19,3344,CHIHUAHUA
6141307932,2026-10-03 15:03:34.940560,PAN,Marco Bonilla,6839683,MISION UNIVERSIDAD,31124,Mujer,SOFIA MARIANA LOPEZ HOLGUIN,28.705907561214,-106.150802274305,"C COLEGIO DE SANTA MONICA 2208, MISION UNIVERSIDAD, 31124 Chihuahua,CHIH",,34,31–40,,DELICIAS - CENTRALIZADA,,,,6,12,19,3204,CHIHUAHUA
6141319704,2026-10-03 15:03:41.312495,PAN,Marco Bonilla,5632675,COLINAS DEL SOL,31110,Hombre,OSWALDO CARBAJAL OROZCO,28.659173840964,-106.122810657193,"C CUERVO 3007, COLINAS DEL SOL, 31110 Chihuahua,CHIH",,49,41–59,,,,,,6,18,19,756,CHIHUAHUA
6145149170,2026-10-03 15:03:44.781436,PAN,Marco Bonilla,4963440,SANTA ROSA,31050,Mujer,MANUELA BELTRAN VALENZUELA,28.621104033022,-106.061639276362,"AV OCAMPO 4601, SANTA ROSA, 31050 Chihuahua,CHIH",,72,65+,,,,,GOB FED - ADULTOS MAYORES,8,16,19,550,CHIHUAHUA
6141987677,2026-10-03 15:03:42.985178,PAN,Marco Bonilla,5793385,LOMAS DEL SANTUARIO,31205,Mujer,CINTLY OLIVIA HOLGUIN DE LA CRUZ,28.626187632507,-106.092442954409,"CDA PRESA LAS VIRGENES 2107, LOMAS DEL SANTUARIO, 31205 Chihuahua,CHIH",,50,41–59,,,,,,6,18,19,840,CHIHUAHUA
6141755273,2026-10-03 15:03:46.421994,PAN,Marco Bonilla,5829597,RINCONADA DELA SIERRA VII,31124,Mujer,JESICA AGUIRRE CAMPOS,28.683138120068,-106.149509786973,"C RINCONADA SIERRA DEL MADROÑO 4610, RINCONADA DELA SIERRA VII, 31124 Chihuahua,CHIH",,50,41–59,,,,,,6,18,19,641,CHIHUAHUA
6141603623,2026-10-03 15:03:53.623481,PAN,Marco Bonilla,5315643,GRANJAS,31100,Mujer,SOLEDAD PORTILLO GUTIERREZ,28.664049971227,-106.094001553065,"C SABINO 1517, GRANJAS, 31100 Chihuahua,CHIH",,87,65+,,,DESARROLLO RURAL,APOYOS PARA FOMENTAR LA PRODUCCION Y SEGURIDAD ALIMENTARIA,GOB FED - ADULTOS MAYORES,8,15,19,770,CHIHUAHUA
6563134769,2026-10-03 15:03:58.178501,PAN,Marco Bonilla,6066489,JARDINES DE SAN CARLOS II,32563,Mujer,KARLA VIANEY GONZALEZ CARRILLO,31.667029251297,-106.383532647533,"C REGION DE LOMBARDIA 1154, JARDINES DE SAN CARLOS II, 32563 Chihuahua,CHIH",,50,41–59,,,,,,4,5,37,3333,JUAREZ
6141385346,2026-10-03 15:03:57.445569,PAN,Marco Bonilla,5404112,GUADALUPE,31410,Mujer,MONICA JULIETA RIVERA MORALES,28.6170674460438,-106.091620681,"C 5 DE FEBRERO 3409, GUADALUPE, 31410 Chihuahua,CHIH",,59,41–59,,,,,,8,18,19,429,CHIHUAHUA
6142210700,2026-10-03 15:04:06.334208,PAN,Marco Bonilla,5918695,UNIVERSIDAD,31203,Hombre,ANTONIO ALBERTO LICON VALDEZ,28.656166162647,-106.095217851035,"C INGENIERIA 704, UNIVERSIDAD, 31203 Chihuahua,CHIH",,79,65+,,,,,,6,15,19,781,CHIHUAHUA
6142491143,2026-10-03 15:03:58.760208,PAN,Marco Bonilla,6492129,UNIDAD PROLETARIA,31054,Hombre,GILBERTO BALDERRAMA FLORES,28.6555786,-106.08790499,"C 48 6405, UNIDAD PROLETARIA, 31054 Chihuahua,CHIH",,37,31–40,,CHIHUAHUA,,,,8,16,19,543,CHIHUAHUA
6143431950,2026-10-03 15:03:57.392475,PAN,Marco Bonilla,5221038,OBRERA VISTA AVALOS,31375,Mujer,GABRIELA TRILLO VILLALOBOS,28.6555786,-106.08790499,"C 10 4501, OBRERA VISTA AVALOS, 31375 Chihuahua,CHIH",,59,41–59,,,,,,8,17,19,572,CHIHUAHUA
6141231929,2026-10-03 15:04:00.633128,PAN,Marco Bonilla,5727284,SOLIDARIDAD,31103,Hombre,HECTOR JAVIER GONZALEZ FRANCO,28.729655336928,-106.144425992921,"C OSCAR FLORES 16725, SOLIDARIDAD, 31103 Chihuahua,CHIH",,57,41–59,,,,,,6,12,19,3286,CHIHUAHUA
6141877253,2026-10-03 15:04:01.608104,PAN,Marco Bonilla,7032151,REAL CAROLINAS,31180,Mujer,MICHELLE MEDRANO ALVIDREZ,28.744900912127,-106.13520826138,"C GUARDIA REAL 1108, REAL CAROLINAS, 31180 Chihuahua,CHIH",,32,31–40,,,,,,6,12,19,2848,CHIHUAHUA
6141633176,2026-10-03 15:04:14.259780,PAN,Marco Bonilla,5304533,GLORIA,31130,Mujer,LUCIA LIZETH VALDEZ RASCON,28.6847686751562,-106.104075182,"C MONTEVIDEO 7904, GLORIA, 31130 Chihuahua,CHIH",,43,41–59,,TRIBUNAL SUPERIOR DE JUSTICIA,,,,8,15,19,693,CHIHUAHUA
6142781283,2026-10-03 15:04:08.443952,PAN,Marco Bonilla,6398277,SAN CARLOS,31150,Mujer,ALEXANDRA CORDOVA ORTIZ,28.6778051481446,-106.074562276,"AV SAN CARLOS 4716, SAN CARLOS, 31150 Chihuahua,CHIH",,39,31–40,,TRIBUNAL SUPERIOR DE JUSTICIA,,,,8,15,19,739,CHIHUAHUA
6141383094,2026-10-03 15:04:05.044957,PAN,Marco Bonilla,4883691,JARDINES DEL SAUCITO,31123,Mujer,BLANCA AUSTREBERTA NEVAREZ ESTRADA,28.6725312451358,-106.137799176,"C SIERRA TARAHUMARA 3434, JARDINES DEL SAUCITO, 31123 Chihuahua,CHIH",,64,60–64,,,,,,6,18,19,653,CHIHUAHUA
6144137218,2026-10-03 15:04:09.170310,PAN,Marco Bonilla,5254874,UNIDAD PRESIDENTES,31210,Mujer,SANDRA LUZ ARVIZO ANTILLON,28.647841005095,-106.103005851,"C ADOLFO LOPEZ MATEOS 4507, UNIDAD PRESIDENTES, 31210 Chihuahua,CHIH",,59,41–59,,,,,,6,15,19,800,CHIHUAHUA
6141753415,2026-10-03 15:04:10.457225,PAN,Marco Bonilla,6069719,LAS ALDABAS IV,31170,Mujer,FLOR MOLINA NUÑEZ,28.735741509637,-106.161862664271,"CTO MILAN 2685, LAS ALDABAS IV, 31170 Chihuahua,CHIH",,44,41–59,,,,,,6,12,19,3178,CHIHUAHUA
6563129878,2026-10-03 15:04:15.091273,PAN,Marco Bonilla,5800322,NUEVO HIPODROMO,32685,Mujer,ANA PATRICIA TORRES ARAUJO,31.6541497079607,-106.440529661,"C OJINAGA 6211, NUEVO HIPODROMO, 32685 Chihuahua,CHIH",,42,41–59,,,,,,1,6,37,1851,JUAREZ
6563549224,2026-10-03 15:04:24.923028,PAN,Marco Bonilla,4936510,RINCONADA DE LAS TORRES III,32575,Hombre,HECTOR EDUARDO HERNANDEZ VIEZCAS,31.620537909502,-106.376697833825,"C FERNANDO GAMIOCHIPI 1956, RINCONADA DE LAS TORRES III, 32575 Chihuahua,CHIH",,56,41–59,,SERVICIOS EDUCATIVOS DEL ESTADO DE CHIHUAUA,,,,1,9,37,2741,JUAREZ
6141695901,2026-10-03 15:04:20.823005,PAN,Marco Bonilla,5819053,ROMA,31100,Hombre,RICARDO PALACIOS BALDERRAMA,28.67776896743,-106.105745353785,"C BETECHI 731, ROMA, 31100 Chihuahua,CHIH",,56,41–59,,,,,,6,15,19,720,CHIHUAHUA
6566190823,2026-10-03 15:04:30.965274,PAN,Marco Bonilla,6096422,INF OASIS,32697,Hombre,JESUS OJEDA VARGAS,31.658862359663,-106.422068321343,"AV DEL GRANJERO 7217, INF OASIS, 32697 Chihuahua,CHIH",,70,65+,,,,,,1,7,37,1842,JUAREZ
6142172954,2026-10-03 15:04:29.702750,PAN,Marco Bonilla,5238073,PUNTA NARANJOS ORIENTE IV,31390,Hombre,JOSE ANGEL RIVAS VEGA,28.668247596196,-105.941283816234,"C PUNTA EL MULATO 10300, PUNTA NARANJOS ORIENTE IV, 31390 Chihuahua,CHIH",,47,41–59,,,DESARROLLO INTEGRAL DE LA FAMILIA CHIHUAHUA,CERENAM,,8,17,19,3215,CHIHUAHUA
8998532480,2026-10-03 15:04:29.859358,PAN,Marco Bonilla,6695340,EL GRANJERO,32690,Mujer,IRENE REYES LARA,31.665915898823,-106.412336680299,"C TRIGO 7956, EL GRANJERO, 32690 Chihuahua,CHIH",,36,31–40,,,,,,4,5,37,1800,JUAREZ
6144823956,2026-10-03 15:04:21.708287,PAN,Marco Bonilla,5918436,REVOLUCION,31107,Hombre,JESUS JOSE GONZALEZ LUEVANO,28.702738698899,-106.098640098282,"C CD OJINAGA 30, REVOLUCION, 31107 Chihuahua,CHIH",,91,65+,,,,,,6,15,19,632,CHIHUAHUA
6142076770,2026-10-03 15:04:30.226859,PAN,Marco Bonilla,7571245,REVOLUCION,31135,Hombre,JOSE LUIS HERNANDEZ ARROYO,28.7057650591911,-106.118277372,"C JULIMES 262, REVOLUCION, 31135 Chihuahua,CHIH",,27,25–30,,,SECRETARIA DE SALUD,MEDICHIHUAHUA,,6,12,19,619,CHIHUAHUA
6142755006,2026-10-03 15:04:26.790063,PAN,Marco Bonilla,6345839,INFONAVIT SAUCITO,31110,Hombre,EDUARDO FELIPE SILVA FLORES,28.66857249483,-106.122736053529,"C RAFAEL DELGADO 6133, INFONAVIT SAUCITO, 31110 Chihuahua,CHIH",,39,31–40,,,,,,6,15,19,728,CHIHUAHUA
6144179948,2026-10-03 15:04:30.567375,PAN,Marco Bonilla,5541651,INDUSTRIAL,31304,Mujer,MARIA PORTILLO HERNANDEZ,28.662456108261,-106.070096165033,"C ARMENDARIZ 1905, INDUSTRIAL, 31304 Chihuahua,CHIH",,56,41–59,,,DESARROLLO INTEGRAL DE LA FAMILIA CHIHUAHUA,ALIMENTACION Y DESARROLLO AUTOSUSTENTABLE DE LAS FAMILIAS EN LOS MUNICIPIOS DE LA REGION SERRANA,,8,15,19,787,CHIHUAHUA
6141015559,2026-10-03 15:04:28.274343,PAN,Marco Bonilla,5989582,LAS ALDABAS,31170,Mujer,MINERVA OLIVIA ANDUJO GONZALEZ,28.736981198289,-106.166051345075,"CTO FINISTERRA 18924, LAS ALDABAS, 31170 Chihuahua,CHIH",,57,41–59,PAN,,,,,6,12,19,3178,CHIHUAHUA
6141306331,2026-10-03 15:04:34.698090,PAN,Marco Bonilla,5949582,GRANJAS,31100,Mujer,LETICIA IMELDA VILLARREAL POSADA,28.662546802621,-106.097401001536,"PRIV VALLARTA 3907, GRANJAS, 31100 Chihuahua,CHIH",,72,65+,MORENA,,,,GOB FED - ADULTOS MAYORES,8,15,19,770,CHIHUAHUA
6144189753,2026-10-03 15:04:35.130678,PAN,Marco Bonilla,4959172,FOVISSSTE,31206,Hombre,FRANCISCO JAVIER FIERRO FLORES,28.618873273311,-106.104540371385,"C MAR DE CORTEZ 3614, FOVISSSTE, 31206 Chihuahua,CHIH",,60,60–64,PAN,,,,,6,18,19,846,CHIHUAHUA
6143753579,2026-10-03 15:04:39.584182,PAN,Marco Bonilla,5135619,JARDINES DE ORIENTE III,31384,Hombre,GERARDO GAMBOA RODRIGUEZ,28.667645765779,-105.981961240052,"C PARQUE DE GENOVES 10106, JARDINES DE ORIENTE III, 31384 Chihuahua,CHIH",,54,41–59,,,,,,8,17,19,3248,CHIHUAHUA
6143851860,2026-10-03 15:04:34.202553,PAN,Marco Bonilla,6366769,PEDREGAL DEL REAL,31146,Mujer,LINDA INES GONZALEZ GUZMAN,28.703306050341,-106.086973395843,"CTO PEDREGAL DEL REAL 4521, PEDREGAL DEL REAL, 31146 Chihuahua,CHIH",,39,31–40,,SERVICIOS EDUCATIVOS DEL ESTADO DE CHIHUAUA,,,,6,17,19,3294,CHIHUAHUA
6141544883,2026-10-03 15:04:38.079381,PAN,Marco Bonilla,6306958,LAS CRUCES,31090,Mujer,OLIVIA IVONNE TARANGO PEREZ,28.609491425657,-106.094395612507,"C 70 1/2 9007, LAS CRUCES, 31090 Chihuahua,CHIH",,40,31–40,PVEM,,SECRETARIA DE DESARROLLO HUMANO Y BIEN COMUN,PROGRAMA DE ESTANCIAS INFANTILES PARA EL DESARROLLO INTEGRAL DE LA NINEZ,,8,16,19,3302,CHIHUAHUA
6142356446,2026-10-03 15:04:39.726766,PAN,Marco Bonilla,4976092,MARGARITA MAZA DE JUAREZ,31470,Mujer,ALEJANDRA MARGARITA ALVAREZ CARAVEO,28.73458404,-106.14838721,"C CONSTITUYENTES 2006, MARGARITA MAZA DE JUAREZ, 31470 Chihuahua,CHIH",,48,41–59,,,,,,8,16,19,478,CHIHUAHUA
6141666977,2026-10-03 15:04:47.513987,PAN,Marco Bonilla,5478509,GRANJAS,31100,Mujer,BLANCA PATRICIA ORNELAS DIAZ,28.665848727648,-106.096720055722,"C NOGAL 1313, GRANJAS, 31100 Chihuahua,CHIH",,57,41–59,,,SECRETARIA DE DESARROLLO HUMANO Y BIEN COMUN,FORTALECIMIENTO COMUNITARIO Y PARTICIPACION CIUDADANA,,8,15,19,765,CHIHUAHUA
6144161747,2026-10-03 15:04:46.390389,PAN,Marco Bonilla,6063425,LOS OLIVOS,31144,Hombre,JUAN ANTONIO HERRADA AGUIRRE,28.746384609838,-106.143029567852,"C OLIVAR DE SUIZA 18308, LOS OLIVOS, 31144 Chihuahua,CHIH",,47,41–59,,UNIVERSIDAD AUTONOMA DE CHIHUAHUA (3ER TRIMESTRE),,,,6,12,19,3344,CHIHUAHUA
6566178344,2026-10-03 15:04:48.367139,PAN,Marco Bonilla,5194264,FELIPE ANGELES,32100,Mujer,ANDREA ZULEMA VIEZCAS HUERTA,31.752734062281,-106.531116837909,"C DONATO GUERRA 7112, FELIPE ANGELES, 32100 Chihuahua,CHIH",,49,41–59,,,,,,3,3,37,1479,JUAREZ
6251144818,2026-10-03 13:22:49.378958,PAN,Marco Bonilla,6004785,BUROCRATA,31560,Mujer,VIRGINIA CORRAL CARRERA,28.4192621157153,-106.838756091,"C NOCHEBUENA 3250, BUROCRATA, 31560 Chihuahua,CHIH",,61,60–64,,SECRETARIA DE DESARROLLO HUMANO Y BIEN COMUN,,,,7,14,17,305,CUAUHTEMOC
6141611536,2026-10-03 14:43:53.378238,PRI,-,6529392,ROMANZZA,31313,Mujer,KAREN BERENICE GARCIA HINOJOS,28.685305612013,-106.02979460222,"C ANCONA 10929, ROMANZZA, 31313 Chihuahua,CHIH",,38,31–40,,FISCALIA GENERAL DEL ESTADO DE CHIHUAHUA,,,,8,17,19,3225,CHIHUAHUA
8110808714,2026-10-03 14:44:17.219909,PRI,-,5967555,AMPL REPUBLICA,31590,Mujer,LIZETH ELISA LEYVA MENDOZA,28.407456429,-106.865277461,"C 22A 2221, AMPL REPUBLICA, 31590 Chihuahua,CHIH",,44,41–59,,,,,,7,14,17,331,CUAUHTEMOC
6566010094,2026-10-03 14:44:28.735126,PRI,-,5463186,SIGLO XXI,32153,Hombre,SERGIO REYES RODRIGUEZ,31.743813576989,-106.542229525066,"C HEROES DE NACOZARI 1629, SIGLO XXI, 32153 Chihuahua,CHIH",,55,41–59,,,SECRETARIA DE SALUD,SECRETARIA DE SALUD,,3,3,37,1547,JUAREZ
6141971417,2026-10-03 14:44:57.171609,PRI,-,5915201,ROMA CUARTA ETAPA,31100,Hombre,RAMIRO ALVILLAR ARMENDARIZ,28.674389132613,-106.108497551693,"PRIV GONZALEZ COSSIO 6507, ROMA CUARTA ETAPA, 31100 Chihuahua,CHIH",,70,65+,,,,,GOB FED - ADULTOS MAYORES,6,15,19,736,CHIHUAHUA
8711052107,2026-10-03 14:45:06.893705,PRI,-,6196834,NUEVO HIPODROMO,32685,Hombre,JOSE BAILON MACIAS,31.650195010775,-106.432384181038,"CARR PANAMERICANA 7607, NUEVO HIPODROMO, 32685 Chihuahua,CHIH",,42,41–59,,,,,,1,6,37,1895,JUAREZ
8616747706,2026-10-03 14:45:13.362343,PRI,-,6983227,MORELOS IV,32573,Mujer,MA DEL CARMEN SEGOVIA SANCHEZ,31.6404323059393,-106.379460005,"C ESCARDADORES 1214, MORELOS IV, 32573 Chihuahua,CHIH",,52,41–59,,SERVICIOS EDUCATIVOS DEL ESTADO DE CHIHUAUA,,,,1,9,37,1936,JUAREZ
5555865522,2026-10-03 14:45:34.180613,PRI,-,5760430,PASEOS DEL CAMINO REAL III,31384,Hombre,MANUEL MARTINEZ OROZCO,28.675590734281,-105.983199394058,"C PASEOS DEL MONGOL 9438, PASEOS DEL CAMINO REAL III, 31384 Chihuahua,CHIH",,48,41–59,MORENA,,,,,8,17,19,3236,CHIHUAHUA
9848077584,2026-10-03 14:45:50.725451,PRI,-,5199343,URBIQUINTA MONTECARLO,0,Mujer,ADRIANA MAGALLANES MARTINEZ,31.68934491076,-106.368472672239,"C TUPOLEV PTE 2403, URBIQUINTA MONTECARLO, 0 Chihuahua,CHIH",,52,41–59,,,,,,4,5,37,3310,JUAREZ
6142469041,2026-10-03 14:45:56.083179,PRI,-,5712259,RDCIAL LA CANTERA II,31217,Hombre,ARTURO AVILA CISNEROS,28.645071624147,-106.131914996603,"C CANTERA MARRON 7347, RDCIAL LA CANTERA II, 31217 Chihuahua,CHIH",,61,60–64,,,,,,6,18,19,805,CHIHUAHUA
6144357665,2026-10-03 14:46:20.032620,PRI,-,5883280,VILLA JUAREZ,31064,Hombre,ERIK DAVID CONTRERAS CRUZ,28.6555786,-106.08790499,"C 20A 1304 B, VILLA JUAREZ, 31064 Chihuahua,CHIH",,46,41–59,,,,,,8,16,19,860,CHIHUAHUA
6564615688,2026-10-03 14:46:54.781197,PRI,-,7126043,PRADERAS DEL HENEQUEN,32590,Mujer,MARIA VANESSA ZUÑIGA PARDO,31.660985962,-106.417559603,"C PRADERAS DE VILLAHUMADA 275, PRADERAS DEL HENEQUEN, 32590 Chihuahua,CHIH",,32,31–40,,,,,,2,8,37,1889,JUAREZ
8991696772,2026-10-03 14:47:02.664775,PRI,-,6940248,FRANCISCO VILLA,31530,Mujer,MARTHA ELENA CHAVIRA MATA,28.407456429,-106.865277461,"C 41A 1461, FRANCISCO VILLA, 31530 Chihuahua,CHIH",,77,65+,,,,,GOB FED - ADULTOS MAYORES,7,14,17,301,CUAUHTEMOC
6623188865,2026-10-03 14:47:18.578556,PRI,-,6887145,TEC DE MONTERREY,31150,Hombre,JAVIER ARTURO SANCHEZ MARISCAL,28.677431090072,-106.079221680622,"C AZALEAS 4109, TEC DE MONTERREY, 31150 Chihuahua,CHIH",,34,31–40,,,,,,8,15,19,739,CHIHUAHUA
6142550390,2026-10-03 14:47:44.980633,PRI,-,5679789,QUINTAS DEL SOL,31214,Hombre,SALVADOR RUBALCABA MENDOZA,28.633437565233,-106.104126907756,"C OREGON 2416, QUINTAS DEL SOL, 31214 Chihuahua,CHIH",,62,60–64,,,,,,6,18,19,838,CHIHUAHUA
6563011599,2026-10-03 14:48:21.584092,PRI,-,5775106,RESERVA DEL VALLE,32546,Hombre,ALFREDO GARCIA CHAVERO,31.6955900800252,-106.370750157,"C MENDOSINO SUR 11714, RESERVA DEL VALLE, 32546 Chihuahua,CHIH",,53,41–59,,,,,,4,5,37,3310,JUAREZ
6144460983,2026-10-03 14:48:39.341767,PRI,-,6068819,CRUCERO,31090,Mujer,IMELDA JIMENEZ SERRANO,28.604076322449,-105.992099319581,"C MORELIA 3208, CRUCERO, 31090 Chihuahua,CHIH",,82,65+,MORENA,,,,GOB FED - ADULTOS MAYORES,8,16,19,877,CHIHUAHUA
9931777129,2026-10-03 14:49:29.772878,PRI,-,6903117,YOQUIVO,33320,Hombre,JORGE LUIS HERNANDEZ CHAVEZ,21.647351754,-101.47936907,"LOC YOQUIVO S/N, YOQUIVO, 33320 Chihuahua,CHIH",,60,60–64,,,,,,7,13,51,2470,OCAMPO
9981482965,2026-10-03 14:50:31.325898,PRI,-,4983404,PABLO GOMEZ,33088,Mujer,ROSALBA MORENO CORNEJO,28.171472678972,-105.456040820785,"C 39 SUR 603, PABLO GOMEZ, 33088 Chihuahua,CHIH",,53,41–59,,,SECRETARIA DE SALUD,MEDICHIHUAHUA,,5,19,21,1000,DELICIAS
9221225276,2026-10-03 14:51:21.885043,PRI,-,5921900,CORRALEÑO DE JAUREZ,33679,Mujer,LORENZA SANCHEZ SANCHEZ,19.130722713228,-104.354527083521,"C FRANCISCO I MADERO S/N, CORRALEÑO DE JAUREZ, 33679 Chihuahua,CHIH",,55,41–59,MORENA,,SECRETARIA DE SALUD,SECRETARIA DE SALUD,,5,20,16,270,LA CRUZ
6143429494,2026-10-03 14:51:42.871918,PRI,-,5445376,ROMA SUR,31350,Hombre,JOSE TEPATZIN HIDALGO RODRIGUEZ,28.647261019166,-106.06034611634,"C SANTOS DEGOLLADO 4309, ROMA SUR, 31350 Chihuahua,CHIH",,46,41–59,,,,,,8,15,19,446,CHIHUAHUA
6141007034,2026-10-03 14:52:16.719844,PRI,-,5518626,RDCIAL CAMPESTRE,31213,Mujer,ALEJANDRA EDITH TARRIO TAPIA,28.644857634159,-106.110138895973,"C MISSISSIPI 1615, RDCIAL CAMPESTRE, 31213 Chihuahua,CHIH",,50,41–59,,SECRETARIA DE HACIENDA,,,,6,15,19,806,CHIHUAHUA
8183424639,2026-10-03 14:52:11.275211,PRI,-,6229022,ADOLFO LOPEZ MATEOS,31690,Mujer,SOCORRO RIVAS TORRES,28.482631091991,-107.337045862195,"C MATACHIC S/N, ADOLFO LOPEZ MATEOS, 31690 Chihuahua,CHIH",,65,65+,,,SECRETARIA DE SALUD,SECRETARIA DE SALUD,,7,13,31,1188,GUERRERO
6563606554,2026-10-03 14:52:22.211546,PRI,-,4999374,INDEPENDENCIA 1,32640,Mujer,ELODIA GUADALUPE MARTINEZ TORRES,31.694243146369,-106.458368323919,"C PRESA SALINILLAS 7346, INDEPENDENCIA 1, 32640 Chihuahua,CHIH",,62,60–64,,,,,,4,4,37,2102,JUAREZ
6141811748,2026-10-03 14:53:09.629684,PRI,-,6334174,LOS PINOS,31416,Hombre,JOSE OMAR SALAZAR RODRIGUEZ,28.599181165266,-106.099195064092,"C 90 1603, LOS PINOS, 31416 Chihuahua,CHIH",,40,31–40,,,,,,8,18,19,482,CHIHUAHUA
6144174174,2026-10-03 14:54:33.845657,PRI,-,5753275,TIERRA Y LIBERTAD,31127,Mujer,LORENA BAEZA ORNELAS,28.687878213212,-106.116912940572,"C VICTORIA DEL PUEBLO 183, TIERRA Y LIBERTAD, 31127 Chihuahua,CHIH",,53,41–59,,,SECRETARIA DE SALUD,MEDICHIHUAHUA,,6,15,19,655,CHIHUAHUA
6561718430,2026-10-03 14:55:49.191232,PRI,-,6714393,PUNTA NARANJOS ORIENTE IV,31390,Mujer,MONICA SELENE GARCIA MIRANDA,28.6690723657,-105.95283303687,"C PUNTA LA CIENEGA 14400, PUNTA NARANJOS ORIENTE IV, 31390 Chihuahua,CHIH",,36,31–40,,,,,,8,17,19,3215,CHIHUAHUA
5558111767,2026-10-03 14:57:57.409176,PRI,-,5103237,LAS ALDABAS,31170,Hombre,ADALBERTO CRUZ HERNANDEZ,28.6555786,-106.08790499,"CTO ARZUA 18986, LAS ALDABAS, 31170 Chihuahua,CHIH",,48,41–59,,,SECRETARIA DE SALUD,MEDICHIHUAHUA,,6,12,19,3178,CHIHUAHUA
6566186825,2026-10-03 14:58:44.263624,PRI,-,5201627,PRADERA DORADA,32610,Mujer,SILVIA ISELA MARRUFO GARCIA,31.698513513327,-106.422846681926,"C RANCHO EL TONY 6934, PRADERA DORADA, 32610 Chihuahua,CHIH",,81,65+,,,,,GOB FED - ADULTOS MAYORES,4,5,37,1703,JUAREZ
6144266821,2026-10-03 14:59:09.391638,PRI,-,5984168,RINCONADAS DEL VALLE IV,31160,Hombre,ARNULFO ORTEGA TALAVERA,28.658893612986,-106.151756805438,"C PASEO DE LAS RINCONADAS 9500, RINCONADAS DEL VALLE IV, 31160 Chihuahua,CHIH",,67,65+,,,,,,6,18,19,754,CHIHUAHUA
6566137912,2026-10-03 14:59:14.075254,PRI,-,5602998,MARGARITAS,32300,Hombre,TOMAS JAIME ONTIVEROS VALENZUELA,31.742497282914,-106.460805873601,"C REP DE CUBA NTE 629, MARGARITAS, 32300 Chihuahua,CHIH",,82,65+,,,,,GOB FED - ADULTOS MAYORES,4,4,37,1592,JUAREZ
8441382351,2026-10-03 14:59:31.200332,PRI,-,6725098,INDUSTRIAL,32270,Hombre,JOSE ALEJANDRO GARCIA LONGORIA,31.7066257090424,-106.483604786,"C AYUNTAMIENTO 2489, INDUSTRIAL, 32270 Chihuahua,CHIH",,42,41–59,,,,,,4,4,37,2068,JUAREZ
6563548427,2026-10-03 15:00:19.950220,PRI,-,5288613,LAS MISIONES,32530,Mujer,MARTHA LETICIA ARGUELLES ROMO,31.660985962,-106.417559603,"C MISION DE SAN JOSE 1819, LAS MISIONES, 32530 Chihuahua,CHIH",,68,65+,,,,,,4,5,37,1693,JUAREZ
6141409946,2026-10-03 15:00:49.310323,PRI,-,4987145,QUINTAS CAROLINAS,31100,Mujer,MARTHA OLIVIA MARTINEZ BIBIANO,28.714487025847,-106.090878791218,"C MONTE CAMPERUN 11142, QUINTAS CAROLINAS, 31100 Chihuahua,CHIH",,61,60–64,,,DESARROLLO INTEGRAL DE LA FAMILIA CHIHUAHUA,REHABILITACION INTEGRAL FISICA Y APOYOS FUNCIONALES,,6,17,19,3294,CHIHUAHUA
6562989097,2026-10-03 15:01:08.457306,PRI,-,5800353,EL RUISEÑOR,32617,Hombre,SERGIO FLORES IBARRA,31.660985962,-106.417559603,"C ACEQUIA DE LOS MIRLOS OTE 3502, EL RUISEÑOR, 32617 Chihuahua,CHIH",,56,41–59,,,,,,4,5,37,1758,JUAREZ
4581044962,2026-10-03 15:02:23.109602,PRI,-,6051137,QUINTAS CAROLINAS,31146,Mujer,MARIA GUADALUPE GUERRERO MEDINA,28.714763083828,-106.093157327777,"C MONTE PISCIS 4321, QUINTAS CAROLINAS, 31146 Chihuahua,CHIH",,62,60–64,PVEM,,,,,6,17,19,612,CHIHUAHUA
6145879919,2026-10-03 15:04:26.276418,PRI,-,5871564,PANAMERICANA,31210,Mujer,MINERVA MARQUEZ NAVARRETE,28.657526210257,-106.116838048267,"C LATERAL DE GUATEMALA 713, PANAMERICANA, 31210 Chihuahua,CHIH",,73,65+,,,SECRETARIA DE DESARROLLO HUMANO Y BIEN COMUN,APOYO A PERSONAS MAYORES,GOB FED - ADULTOS MAYORES,6,15,19,775,CHIHUAHUA
8441837696,2026-10-03 14:48:38.301838,PRI,Alfredo Lozoya,6257385,PARAJE DE ORIENTE,0,Mujer,HILDA GUADALUPE CASAS ORTALEJO,31.593293329511,-106.358545565213,"C DESIERTO DE SAHEL 1732, PARAJE DE ORIENTE, 0 Chihuahua,CHIH",,41,41–59,,,,,,2,8,37,2972,JUAREZ
5555474760,2026-10-03 14:50:40.918662,PRI,Alfredo Lozoya,7177095,LINSS,31020,Mujer,MA DE LOURDES GONZALEZ RIVERA,28.6223243070526,-106.081926042,"C ERNESTO TALAVERA 1614, LINSS, 31020 Chihuahua,CHIH",,52,41–59,,,,,,8,16,19,466,CHIHUAHUA
6566173185,2026-10-03 14:51:12.234072,PRI,Alfredo Lozoya,5013052,PRADERA DORADA,32618,Hombre,JOSE INES RODRIGUEZ CHAVEZ,31.702977070447,-106.418262434387,"AV RANCHO EL BECERRO 3012, PRADERA DORADA, 32618 Chihuahua,CHIH",,74,65+,,,,,GOB FED - ADULTOS MAYORES,4,5,37,1704,JUAREZ
3331579248,2026-10-03 14:51:31.927700,PRI,Alfredo Lozoya,5886621,REFORMA,31490,Mujer,LIDIA MARTINEZ SUAREZ,28.60860812413,-106.06824631154,"C JUSTINIANI 4809, REFORMA, 31490 Chihuahua,CHIH",,56,41–59,,,,,,8,16,19,543,CHIHUAHUA
7541069012,2026-10-03 14:53:05.233836,PRI,Alfredo Lozoya,5230673,SAN JORGE,31054,Mujer,LAURA CECILIA GARAY LOPEZ,28.60498720483,-106.050623772236,"C SECRETARIA DE EDUCACION 3204, SAN JORGE, 31054 Chihuahua,CHIH",,45,41–59,,,,,,8,16,19,591,CHIHUAHUA
6563111495,2026-10-03 14:54:02.461498,PRI,Alfredo Lozoya,6008067,LAS MISIONES,32530,Hombre,JOSE ARMANDO BENAVIDES ROMERO,31.712214514479,-106.413343263051,"C PEDRO ROSALES DE LEON 7860, LAS MISIONES, 32530 Chihuahua,CHIH",,55,41–59,,,,,,4,5,37,1693,JUAREZ
6563114545,2026-10-03 14:53:54.152901,PRI,Alfredo Lozoya,5234226,MEXICO 68,32190,Hombre,VICTOR MANUEL GONZALEZ REYES,31.75981,-106.5201,"C FELIPE ANGELES 209, MEXICO 68, 32190 Chihuahua,CHIH",,54,41–59,,,,,,4,6,37,2130,JUAREZ
6144204911,2026-10-03 14:59:54.193933,PRI,Alfredo Lozoya,6858541,ROMA SUR,31350,Mujer,FABIOLA TERRAZAS SOLIS,28.6555786,-106.08790499,"C 43 Y MEDIA 1621, ROMA SUR, 31350 Chihuahua,CHIH",,47,41–59,,SECRETARIA DE SEGURIDAD PUBLICA DEL ESTADO,,,,8,15,19,445,CHIHUAHUA
6141421949,2026-10-03 14:59:55.977358,PRI,Alfredo Lozoya,5906949,LOMAS DEL SANTUARIO,31206,Mujer,MARIA DEL ROSARIO ATTOLINI MAIZ,28.627152414353,-106.094563894949,"C PRESA TINTERO 3008, LOMAS DEL SANTUARIO, 31206 Chihuahua,CHIH",,68,65+,PAN,,,,,6,18,19,841,CHIHUAHUA
2888895572,2026-10-03 14:43:53.680790,PRI,Cruz Pérez Cuellar,5495390,EJIDO CHUVISCAR,31220,Mujer,CONSEPCION MENDOZA ALARCON,28.54483,-106.21208,,,54,41–59,MORENA,,,,,6,18,19,898,CHIHUAHUA
6144449944,2026-10-03 14:45:11.567534,PRI,Cruz Pérez Cuellar,5478650,HACIENDAS DEL REAL,31207,Mujer,LILIANA LOZOYA LOYA,28.590501327343,-106.154751407986,"C PORTILLA 13829, HACIENDAS DEL REAL, 31207 Chihuahua,CHIH",,44,41–59,,,,,,6,18,19,847,CHIHUAHUA
6566080167,2026-10-03 15:03:10.026004,PRI,Cruz Pérez Cuellar,7630567,IGNACIO ALLENDE,31124,Hombre,JUAN JOSE GONZALEZ RAMIREZ,28.6970390341765,-106.134648833,"C VALLADOLID 10514, IGNACIO ALLENDE, 31124 Chihuahua,CHIH",,27,25–30,,,DESARROLLO INTEGRAL DE LA FAMILIA CHIHUAHUA,,,6,12,19,623,CHIHUAHUA
6144078394,2026-10-03 15:04:21.564968,PRI,Cruz Pérez Cuellar,6082151,OBRERA,31350,Mujer,JULIA VERONICA PEREZ PACHECO,28.6428506810866,-106.063957245,"C 33 1405, OBRERA, 31350 Chihuahua,CHIH",,66,65+,,,,,,8,15,19,449,CHIHUAHUA
6142153596,2026-10-03 14:43:46.552114,PRI,Marco Bonilla,6431077,BASASEACHI,31104,Mujer,LAURA ANGELICA DE LA CRUZ ARREDONDO,28.6809223981498,-106.097443901,"C CEROCAHUI 2124, BASASEACHI, 31104 Chihuahua,CHIH",,38,31–40,,UNIVERSIDAD TECNOLOGICA DE LA BABICORA,,,,8,15,19,714,CHIHUAHUA
6141601535,2026-10-03 14:44:10.290932,PRI,Marco Bonilla,4964039,GRANJAS,31100,Hombre,DIEGO ALONSO MARQUEZ FRANCO,28.665211620262,-106.108542231641,"C JOSE MARIA MATA 5105, GRANJAS, 31100 Chihuahua,CHIH",,42,41–59,,,,,,6,15,19,748,CHIHUAHUA
6566172588,2026-10-03 14:44:38.272962,PRI,Marco Bonilla,6125499,ALAMOS DE SAN LORENZO,32340,Hombre,MIGUEL ANGEL MALDONADO GARCIA,31.73174074466,-106.432472023383,"C SATURNINO HERRAN 496, ALAMOS DE SAN LORENZO, 32340 Chihuahua,CHIH",,57,41–59,,,SECRETARIA DE SALUD,MEDICHIHUAHUA,,4,4,37,1619,JUAREZ
6142238576,2026-10-03 14:44:43.932051,PRI,Marco Bonilla,5976605,LAS HACIENDAS,31214,Mujer,MARIA TERESA ALVELAIS REZA,28.62422184245,-106.10756071323,"C HACIENDA DE LOS REMEDIOS 3408, LAS HACIENDAS, 31214 Chihuahua,CHIH",,62,60–64,,,,,,6,18,19,839,CHIHUAHUA
6141049073,2026-10-03 14:44:48.437015,PRI,Marco Bonilla,6669538,ALAMEDAS,31136,Mujer,CHRISTIAN PAULINA CASTILLO HERNANDEZ,28.723158846746,-106.121428874969,"C WALTER SCOTT 731, ALAMEDAS, 31136 Chihuahua,CHIH",,36,31–40,,,,,,6,12,19,2901,CHIHUAHUA
2281182032,2026-10-03 14:45:35.026353,PRI,Marco Bonilla,4888498,JUNTA DE LOS RIOS,31300,Mujer,SUSANA OLIVIA MONTOYA ORONA,28.6660002771251,-106.072756042,"C RIO URIQUE 2510, JUNTA DE LOS RIOS, 31300 Chihuahua,CHIH",,69,65+,,,,,,8,15,19,789,CHIHUAHUA
6144231613,2026-10-03 14:45:40.231739,PRI,Marco Bonilla,5073260,RDCIAL CUMBRES,31217,Hombre,JESUS EUSEBIO ESTRADA CASTILLON,28.642006445975,-106.121075519417,"C CUMBRE DE LOS ANDES 7107, RDCIAL CUMBRES, 31217 Chihuahua,CHIH",,68,65+,,SERVICIOS DE SALUD DE CHIHUAHUA,,,,6,18,19,805,CHIHUAHUA
5517115821,2026-10-03 14:46:21.575917,PRI,Marco Bonilla,5894719,PANORAMICO,31107,Mujer,GUADALUPE GRANADOS RODRIGUEZ,28.66954659635,-106.117231622516,"C CHICHONTEPEC 5900, PANORAMICO, 31107 Chihuahua,CHIH",,73,65+,,,DESARROLLO INTEGRAL DE LA FAMILIA CHIHUAHUA,REHABILITACION INTEGRAL FISICA Y APOYOS FUNCIONALES,GOB FED - ADULTOS MAYORES,6,15,19,734,CHIHUAHUA
6562750630,2026-10-03 14:46:26.421194,PRI,Marco Bonilla,5881609,PRADERAS DEL SOL,32576,Mujer,BLANCA ESTELA DE ANDA RANGEL,31.581293803983,-106.409073893795,"C SOL DE SEPTIEMBRE 3001, PRADERAS DEL SOL, 32576 Chihuahua,CHIH",,43,41–59,,SERVICIOS EDUCATIVOS DEL ESTADO DE CHIHUAUA,,,,2,2,37,2989,JUAREZ
6563018024,2026-10-03 14:46:41.796228,PRI,Marco Bonilla,5734247,RDCIAL HARMONI,32668,Hombre,IVAN GABRIEL ESPARZA HURTADO,31.679659885486,-106.401621083928,"C VIA VINTRO 8511, RDCIAL HARMONI, 32668 Chihuahua,CHIH",,56,41–59,,INSTITUTO CHIHUAHUENSE DE SALUD,,,,4,5,37,1754,JUAREZ
6566016132,2026-10-03 14:46:47.739439,PRI,Marco Bonilla,6659124,LA PLAYA,32317,Mujer,MARIA ELVA AGUIRRE PUENTES,31.7437386981,-106.450574676,"C CESAR MARTINO  TORRES 3755, LA PLAYA, 32317 Chihuahua,CHIH",,72,65+,,SERVICIOS DE SALUD DE CHIHUAHUA,,,GOB FED - ADULTOS MAYORES,4,4,37,1573,JUAREZ
6563004655,2026-10-03 14:47:16.939571,PRI,Marco Bonilla,4950773,JARDINES RESIDENCIAL,32618,Mujer,MARIA SOLEDAD PIZAÑA MEZA,31.691860445632,-106.416660317414,"C JARDINES DE CASERTA NTE 7326, JARDINES RESIDENCIAL, 32618 Chihuahua,CHIH",,50,41–59,,SERVICIOS EDUCATIVOS DEL ESTADO DE CHIHUAHUA,,,,4,5,37,1733,JUAREZ
6141600503,2026-10-03 14:47:44.985326,PRI,Marco Bonilla,6341604,MISION UNIVERSIDAD II,31124,Mujer,MARISSA DELGADO FIERRO,28.71021979894,-106.15297033738,"C COLEGIO DE SAN PEDRO 15339, MISION UNIVERSIDAD II, 31124 Chihuahua,CHIH",,39,31–40,,CHIHUAHUA,,,,6,12,19,3200,CHIHUAHUA
6141746133,2026-10-03 14:48:03.414953,PRI,Marco Bonilla,5739219,RIGOBERTO QUIROZ,31064,Hombre,MIGUEL ALFREDO ACOSTA MENDOZA,28.598369294125,-106.013644331141,"C ANGEL POSADA 2305, RIGOBERTO QUIROZ, 31064 Chihuahua,CHIH",,71,65+,,,,,,8,16,19,3304,CHIHUAHUA
6141404565,2026-10-03 14:48:22.901244,PRI,Marco Bonilla,5127500,ARQUITECTOS,31350,Hombre,JUAN CARLOS NUÑEZ FLORES,28.6555786,-106.08790499,"C 47 1014, ARQUITECTOS, 31350 Chihuahua,CHIH",,54,41–59,,,,,,8,15,19,443,CHIHUAHUA
6144086987,2026-10-03 14:48:27.153366,PRI,Marco Bonilla,5299524,CHULAVISTA,31063,Mujer,AMALIA AIDA MARTINEZ REYNA,28.619560706115,-106.038651929462,"C TURMALINA 7626, CHULAVISTA, 31063 Chihuahua,CHIH",,68,65+,,,,,,8,17,19,605,CHIHUAHUA
6566176367,2026-10-03 14:48:40.193025,PRI,Marco Bonilla,5192254,ALAMOS DE SAN LORENZO,32340,Mujer,ELIA MARGARITA ARELLANO GARCIA,31.73466929781,-106.434248232485,"C SEBASTIAN ARTEAGA 321, ALAMOS DE SAN LORENZO, 32340 Chihuahua,CHIH",,85,65+,,,,,GOB FED - ADULTOS MAYORES,4,4,37,1619,JUAREZ
6563104802,2026-10-03 14:49:17.394447,PRI,Marco Bonilla,6751266,CARLOS CASTILLO PERAZA,32575,Mujer,ELIZABETH HERNANDEZ BETANCOURT,31.5905322188614,-106.362765691,"C RICARDO MONTOYA MARTINEZ 2934, CARLOS CASTILLO PERAZA, 32575 Chihuahua,CHIH",,35,31–40,,,SECRETARIA DE DESARROLLO HUMANO Y BIEN COMUN,JUNTOS SI PODEMOS,,2,10,37,2781,JUAREZ
9512898928,2026-10-03 14:49:47.783477,PRI,Marco Bonilla,6840345,TERRANOVA,32576,Hombre,EZEQUIEL AVENDAÑO RAMOS,31.593844397736,-106.421751485403,"C TIERRA SELENITAS 8113, TERRANOVA, 32576 Chihuahua,CHIH",,35,31–40,MORENA,,,,,1,2,37,2815,JUAREZ
6144132331,2026-10-03 14:49:48.146200,PRI,Marco Bonilla,5226543,INDUSTRIAL,31330,Hombre,SERGIO ENRIQUE CHAVIRA CARMONA,28.662659697559,-106.07147454725,"C HERNAN CORTEZ 1913, INDUSTRIAL, 31330 Chihuahua,CHIH",,76,65+,,,,,GOB FED - ADULTOS MAYORES,8,15,19,787,CHIHUAHUA
6144138824,2026-10-03 14:50:27.606221,PRI,Marco Bonilla,5817114,FIDEL VELAZQUEZ,31210,Hombre,GREGORIO HERRERA CODINA,28.6530639531035,-106.119259062,"C KINGSTON 7710, FIDEL VELAZQUEZ, 31210 Chihuahua,CHIH",,78,65+,,,,,GOB FED - ADULTOS MAYORES,6,15,19,775,CHIHUAHUA
6141012670,2026-10-03 14:51:07.189551,PRI,Marco Bonilla,6813737,INFONAVIT INSURGENTES,31104,Mujer,MARIA DOLORES ESPINOZA NEVAREZ,28.679700535107,-106.105030377444,"C MIGUEL ANGEL 7106, INFONAVIT INSURGENTES, 31104 Chihuahua,CHIH",,65,65+,,,,,,8,15,19,712,CHIHUAHUA
6142478468,2026-10-03 14:51:46.240274,PRI,Marco Bonilla,6149705,CERRO DE LA CRUZ,31460,Hombre,LUIS CARLOS VILLALBA NIETO,28.6048746340236,-106.090937349,"C FRANCISCO XAVIER MINA 7402, CERRO DE LA CRUZ, 31460 Chihuahua,CHIH",,51,41–59,,,DESARROLLO RURAL,APOYOS PARA INSUMOS AGRICOLAS,,8,16,19,475,CHIHUAHUA
6142356957,2026-10-03 14:52:01.256295,PRI,Marco Bonilla,5964206,EL TORREON,31385,Hombre,ENRIQUE MORONES ORTEGA,28.653716006621,-106.0285064513,"C CERRO DEL CUBO 6909, EL TORREON, 31385 Chihuahua,CHIH",,63,60–64,,,,,,8,17,19,850,CHIHUAHUA
6144270355,2026-10-03 14:52:09.774172,PRI,Marco Bonilla,5370648,COLINAS DEL VALLE,31217,Hombre,JESUS MANUEL MARQUEZ LOPEZ,28.6445949530896,-106.124007378,"C MONTE COLIMA 2033, COLINAS DEL VALLE, 31217 Chihuahua,CHIH",,65,65+,,SERVICIOS DE SALUD DE CHIHUAHUA,SECRETARIA DE SALUD,MEDICHIHUAHUA,,6,18,19,805,CHIHUAHUA
6145422013,2026-10-03 14:52:27.534152,PRI,Marco Bonilla,6205061,QUINTA VERSALLES,31313,Mujer,ROCIO LERMA ARREDONDO,28.68067681728,-106.042068202999,"C ERITREA 9318, QUINTA VERSALLES, 31313 Chihuahua,CHIH",,41,41–59,,,,,,8,17,19,3224,CHIHUAHUA
6141633764,2026-10-03 14:53:26.552525,PRI,Marco Bonilla,4983460,ROMA,31100,Mujer,NORMA LOURDES AGUIRRE MARTINEZ,28.67506110979,-106.10969934897,"C JUAN O DONOJU 6704, ROMA, 31100 Chihuahua,CHIH",,49,41–59,,,,,,6,15,19,721,CHIHUAHUA
6144072093,2026-10-03 14:53:34.828073,PRI,Marco Bonilla,6090137,DIVISION DEL NORTE,31064,Hombre,HUGO TRINIDAD XX AGUILERA,28.61203174797,-106.032518128881,"C SALVADOR ALLENDE 615, DIVISION DEL NORTE, 31064 Chihuahua,CHIH",,53,41–59,,,,,,8,16,19,857,CHIHUAHUA
6142152029,2026-10-03 14:53:25.223710,PRI,Marco Bonilla,5334012,UNIDAD PRESIDENTES,31210,Mujer,PAULA CRISTINA CALLEROS MORENO,28.646968700293,-106.103824221577,"C MIGUEL ALEMAN 4515, UNIDAD PRESIDENTES, 31210 Chihuahua,CHIH",,46,41–59,,SERVICIOS DE SALUD DE CHIHUAHUA,,,,6,15,19,807,CHIHUAHUA
6141189550,2026-10-03 14:53:44.212239,PRI,Marco Bonilla,5860467,UNIDAD PRESIDENTES,31210,Mujer,HERLINDA PARADA FIERRO,28.6483171450957,-106.105691243,"C ADOLFO LOPEZ MATEOS 4715, UNIDAD PRESIDENTES, 31210 Chihuahua,CHIH",,77,65+,,,,,,6,15,19,800,CHIHUAHUA
6567022525,2026-10-03 14:53:46.846585,PRI,Marco Bonilla,6578670,TERRANOVA,32576,Hombre,GUSTAVO CASTILLO FLORES,31.660985962,-106.417559603,"C TIERRA SANTA 10716, TERRANOVA, 32576 Chihuahua,CHIH",,37,31–40,,,,,,1,2,37,2815,JUAREZ
6141673674,2026-10-03 14:54:31.295619,PRI,Marco Bonilla,5341723,ARBOLEDAS,31166,Hombre,ALONSO RAMIREZ BACA,28.664328837145,-106.119145418573,"C HUANCUNE 1626, ARBOLEDAS, 31166 Chihuahua,CHIH",,63,60–64,,,DESARROLLO INTEGRAL DE LA FAMILIA CHIHUAHUA,ALBERCA DIF,,6,15,19,753,CHIHUAHUA
6141842447,2026-10-03 14:54:46.124305,PRI,Marco Bonilla,6176630,LOMAS DEL SOL,31114,Mujer,CAROLINA CORDOVA RASCON,28.65688887611,-106.121652736,"C WASHINGTON 3917, LOMAS DEL SOL, 31114 Chihuahua,CHIH",,41,41–59,,"COMISION ESTATAL DE VIVIENDA, SUELO E INFRAESTRUCTURA DE CHIHUAHUA",,,,6,18,19,756,CHIHUAHUA
6144275730,2026-10-03 14:55:16.089345,PRI,Marco Bonilla,5712963,LOMAS DEL SANTUARIO,31205,Mujer,MARIA CRISTINA RAMIREZ LOPEZ,28.625399297395,-106.092731862372,"C PRESA DEL BOSQUE 4017, LOMAS DEL SANTUARIO, 31205 Chihuahua,CHIH",,77,65+,,,DESARROLLO INTEGRAL DE LA FAMILIA CHIHUAHUA,REHABILITACION INTEGRAL FISICA Y APOYOS FUNCIONALES,GOB FED - ADULTOS MAYORES,6,18,19,840,CHIHUAHUA
6144210090,2026-10-03 14:55:22.073069,PRI,Marco Bonilla,5766744,SANTA ROSA,31050,Mujer,ALMA ELIA PEREZ ORTEGA,28.6279940980621,-106.065470575,"C CARLOS FUERO 208, SANTA ROSA, 31050 Chihuahua,CHIH",,61,60–64,,,,,,8,16,19,518,CHIHUAHUA
6145164201,2026-10-03 14:55:50.854703,PRI,Marco Bonilla,5716510,ROSARIO,31030,Hombre,FRANCISCO ERNESTO DURAN HERMOSILLO,28.59177529256,-106.088511439512,"C URQUIDI 5200, ROSARIO, 31030 Chihuahua,CHIH",,77,65+,PRI,,,,GOB FED - ADULTOS MAYORES,8,16,19,530,CHIHUAHUA
6144065920,2026-10-03 14:55:51.549192,PRI,Marco Bonilla,4902821,SAN FELIPE V ETAPA,31203,Mujer,MARIA ELENA AGUIRRE GONZALEZ,28.65263286305,-106.10130030319,"C LAGUNA DE CLAVOS 3110, SAN FELIPE V ETAPA, 31203 Chihuahua,CHIH",,67,65+,,,DESARROLLO INTEGRAL DE LA FAMILIA CHIHUAHUA,ALBERCA DIF,,6,15,19,800,CHIHUAHUA
6144592387,2026-10-03 14:56:17.862792,PRI,Marco Bonilla,6792108,MARMOL VIEJO,31063,Mujer,LOURDES BERENICE TORRES FIERRO,28.618112478427,-106.037496109217,"C 9A 7606, MARMOL VIEJO, 31063 Chihuahua,CHIH",,40,31–40,MORENA,,SECRETARIA DE DESARROLLO HUMANO Y BIEN COMUN,FORTALECIMIENTO COMUNITARIO Y PARTICIPACION CIUDADANA,,8,17,19,605,CHIHUAHUA
6591013445,2026-10-03 14:56:24.090053,PRI,Marco Bonilla,6748513,1 DE MAYO,31660,Hombre,HECTOR MANUEL LOPEZ COSS,28.766589294,-107.254573757,"C 37A S/N, 1 DE MAYO, 31660 Chihuahua,CHIH",,36,31–40,,SUBSISTEMA DE PREPARATORIA ABIERTA Y TELEBACHILLERATO DEL ESTADO DE CHIHUAHUA,SECRETARIA DE SALUD,MEDICHIHUAHUA,,7,13,6,83,BACHINIVA
6144947923,2026-10-03 14:56:47.346231,PRI,Marco Bonilla,5534585,PANAMERICANA,31210,Mujer,MARTHA PATRICIA MONTANO SARMIENTO,28.6515614561011,-106.106898189,"C REPUBLICA DE COSTA RICA 314, PANAMERICANA, 31210 Chihuahua,CHIH",,64,60–64,,,,,,6,15,19,801,CHIHUAHUA
6566121932,2026-10-03 14:56:48.616076,PRI,Marco Bonilla,6008687,MAESTROS ESTATALES Y FEDERALES,32178,Mujer,RAFAELA PLASCENCIA SIERRA,31.739197243815,-106.521555979979,"C SANTA TERESA 1121, MAESTROS ESTATALES Y FEDERALES, 32178 Chihuahua,CHIH",,65,65+,,,,,,3,3,37,1542,JUAREZ
6144216153,2026-10-03 14:56:56.019185,PRI,Marco Bonilla,5577138,PANORAMICO,31107,Hombre,VICTOR MANUEL MENDOZA FLORES,28.6719483551349,-106.115137176,"C LASCAR 6106, PANORAMICO, 31107 Chihuahua,CHIH",,73,65+,,,,,GOB FED - ADULTOS MAYORES,6,15,19,734,CHIHUAHUA
6141773170,2026-10-03 14:56:51.527235,PRI,Marco Bonilla,5143923,JARDINES UNIVERSIDAD,31124,Mujer,ERIKA HERNANDEZ PIZARRO,28.689729607985,-106.14607605438,"C JARDIN DE LOS ALCATRACES 4823, JARDINES UNIVERSIDAD, 31124 Chihuahua,CHIH",,54,41–59,,SERVICIOS DE SALUD DE CHIHUAHUA,,,,6,18,19,641,CHIHUAHUA
3336316355,2026-10-03 14:56:58.281898,PRI,Marco Bonilla,7135420,EL PORVENIR,31137,Hombre,IGNACIO MENDOZA CRUZ,28.739626821,-106.134058814,"AV LOS ARCOS 3729, EL PORVENIR, 31137 Chihuahua,CHIH",,32,31–40,,,,,,6,12,19,2849,CHIHUAHUA
6144136203,2026-10-03 14:57:00.892641,PRI,Marco Bonilla,5914652,SAN FELIPE,31203,Hombre,HECTOR NEYRA SANTOS,28.644363155353,-106.089232393048,"C DOMINGUEZ DE MENDOZA 1906, SAN FELIPE, 31203 Chihuahua,CHIH",,85,65+,,,SECRETARIA DE DESARROLLO RURAL,MECANIZACION,GOB FED - ADULTOS MAYORES,6,15,19,819,CHIHUAHUA
6566168010,2026-10-03 14:57:00.932513,PRI,Marco Bonilla,6696676,SALVARCAR,32580,Hombre,CARLOS ALBERTO TELLEZ FLORES,31.6464300069487,-106.363986549,"C IGNACIO ZARAGOZA 527, SALVARCAR, 32580 Chihuahua,CHIH",,46,41–59,,,,,,1,9,37,1865,JUAREZ
6141267401,2026-10-03 14:57:03.877999,PRI,Marco Bonilla,5802185,PACIFICO,31030,Hombre,AMADOR RIVAS LERMA,28.6555786,-106.08790499,"C 38 Y MEDIA 2816, PACIFICO, 31030 Chihuahua,CHIH",,98,65+,,,SECRETARIA DE DESARROLLO HUMANO Y BIEN COMUN,APOYO A PERSONAS MAYORES,,8,16,19,464,CHIHUAHUA
6562404461,2026-10-03 14:57:36.027518,PRI,Marco Bonilla,6352411,JARDINES DEL VALLE,32427,Mujer,BLANCA IVONNE SAENZ SAPIEN,31.73656775697,-106.408254441995,"C VISTA DEL SOL 7820, JARDINES DEL VALLE, 32427 Chihuahua,CHIH",,57,41–59,,,,,,4,4,37,1597,JUAREZ
6142228428,2026-10-03 14:58:00.485788,PRI,Marco Bonilla,6181980,PUENTE DE CANTERA,31115,Hombre,EDUARDO HARRISON MENDOZA,28.641627330546,-106.142566763387,"C PUENTE DE CASTILLA 3123, PUENTE DE CANTERA, 31115 Chihuahua,CHIH",,41,41–59,PAN,SERVICIOS EDUCATIVOS DEL ESTADO DE CHIHUAUA,,,,6,18,19,3366,CHIHUAHUA
6141646232,2026-10-03 14:58:22.857146,PRI,Marco Bonilla,5856480,ARQUITECTOS,31350,Hombre,EDGARDO ISMAEL MARTINEZ RODRIGUEZ,28.650362951984,-106.058905015727,"C ROSALES 4907, ARQUITECTOS, 31350 Chihuahua,CHIH",,52,41–59,,,,,,8,15,19,442,CHIHUAHUA
6144152830,2026-10-03 14:58:26.931051,PRI,Marco Bonilla,5487997,OBRERA,31350,Mujer,OLGA LETICIA PANDO ARMENDARIZ,28.6365932570762,-106.063515343,"AV 20 DE NOVIEMBRE 2506, OBRERA, 31350 Chihuahua,CHIH",,89,65+,MORENA,,,,GOB FED - ADULTOS MAYORES,8,15,19,505,CHIHUAHUA
6141892665,2026-10-03 14:58:36.888404,PRI,Marco Bonilla,6529773,RINCON SOBERANO,31123,Hombre,FERNANDO SALCIDO CERECERES,28.672113906905,-106.13901388186,"C SIERRA DEL IMAN 3610, RINCON SOBERANO, 31123 Chihuahua,CHIH",,37,31–40,,,SECRETARIA DE SALUD,MEDICHIHUAHUA,,6,18,19,653,CHIHUAHUA
6141632764,2026-10-03 14:58:29.253392,PRI,Marco Bonilla,6625735,VICENTE GUERECA,31137,Hombre,JAVIER ADRIAN GONZALEZ RASCON,28.7329842672361,-106.140081328,"C VICTORIA POPULAR 16920, VICENTE GUERECA, 31137 Chihuahua,CHIH",,39,31–40,,,,,,6,12,19,3286,CHIHUAHUA
6144884161,2026-10-03 14:58:55.260030,PRI,Marco Bonilla,6343226,UNIVERSIDAD,31200,Hombre,RAMON CARLOS SAENZ ORTA,28.660973309847,-106.092200114435,"C RODRIGO M QUEVEDO 1700, UNIVERSIDAD, 31200 Chihuahua,CHIH",,68,65+,,,,,,8,15,19,783,CHIHUAHUA
6566263239,2026-10-03 14:59:13.902471,PRI,Marco Bonilla,5135274,CHARROS,31210,Hombre,GUILLERMO GUTIERREZ ESPINOZA,28.655276422492,-106.119304634174,"C SILVERIO PEREZ 511, CHARROS, 31210 Chihuahua,CHIH",,55,41–59,,,,,,6,15,19,775,CHIHUAHUA
6142702142,2026-10-03 14:59:33.320039,PRI,Marco Bonilla,4897862,INFONAVIT NACIONAL,31120,Hombre,LUIS ENRIQUE VALDIVIA CALDERON,28.6807827251496,-106.121747113,"C VASCO DE QUIROGA 8118, INFONAVIT NACIONAL, 31120 Chihuahua,CHIH",,56,41–59,,,,,,6,15,19,679,CHIHUAHUA
6275178669,2026-10-03 14:59:39.849350,PRI,Marco Bonilla,6370957,REAL DE POTREROS,31146,Mujer,ANDREA AGUIRRE HINOJOS,28.71518945043,-106.086755362092,"C MONTE ORIZABA 5308, REAL DE POTREROS, 31146 Chihuahua,CHIH",,39,31–40,,PENSIONES CIVILES DEL ESTADO,,,,6,17,19,3294,CHIHUAHUA
6621960550,2026-10-03 14:59:42.491010,PRI,Marco Bonilla,5424223,CERRADA DE TARSO,32560,Hombre,JORGE GARCIA AYALA,31.661481892998,-106.359284890983,"C PRIVADA DE CILICIA 1015, CERRADA DE TARSO, 32560 Chihuahua,CHIH",,46,41–59,,JMAS JUAREZ,SECRETARIA DE SALUD,MEDICHIHUAHUA,,4,5,37,3037,JUAREZ
8727610759,2026-10-03 15:00:02.737089,PRI,Marco Bonilla,6099392,REGIDORES,31780,Mujer,LORENZA DEL CARMEN MARTINEZ SALAZAR,30.389028413951,-107.885158561,"C HACIENDA 5309, REGIDORES, 31780 Chihuahua,CHIH",,56,41–59,,SERVICIOS EDUCATIVOS DEL ESTADO DE CHIHUAUA,,,,7,1,50,2446,NUEVO CASAS GRANDES
6144580400,2026-10-03 15:00:12.551254,PRI,Marco Bonilla,5828659,BARRIO DE LONDRES,31060,Mujer,NEIVY ALEJANDRA PORRAS RANGEL,28.639448886131,-106.053606522013,"C 39 3807, BARRIO DE LONDRES, 31060 Chihuahua,CHIH",,43,41–59,PAN,INSTITUTO DE INNOVACION Y COMPETITIVIDAD,,,,8,17,19,511,CHIHUAHUA
6141679272,2026-10-03 15:00:36.382877,PRI,Marco Bonilla,6592465,NUEVO PARAISO,31123,Mujer,ANA VIRGINIA LIRA REYES,28.6799013701482,-106.134172313,"C NIRVANA 2823, NUEVO PARAISO, 31123 Chihuahua,CHIH",,39,31–40,,,SECRETARIA DE DESARROLLO HUMANO Y BIEN COMUN,FORTALECIMIENTO COMUNITARIO Y PARTICIPACION CIUDADANA,,6,18,19,653,CHIHUAHUA
6563609931,2026-10-03 15:00:59.786527,PRI,Marco Bonilla,5226818,ALAMOS DE SENECU,32472,Mujer,MARIA ARACELI LUJAN GOMEZ,31.7025280150361,-106.393565244,"C ALAMO CAROLINA 8927, ALAMOS DE SENECU, 32472 Chihuahua,CHIH",,67,65+,,,,,,4,5,37,1642,JUAREZ
6142217219,2026-10-03 15:01:02.835332,PRI,Marco Bonilla,4963802,INFONAVIT NACIONAL,31120,Mujer,FABIOLA SAGARNAGA VILLA,28.681548127109,-106.116515258502,"C BONAMPAK 412, INFONAVIT NACIONAL, 31120 Chihuahua,CHIH",,43,41–59,,,,,,6,15,19,697,CHIHUAHUA
6141756438,2026-10-03 15:01:41.096819,PRI,Marco Bonilla,6433583,QUINTAS CAROLINAS,31146,Mujer,NAYELI FACIO GAMEROS,28.713914960955,-106.093116843185,"C MONTE ALEGRE 4312, QUINTAS CAROLINAS, 31146 Chihuahua,CHIH",,38,31–40,,,,,,6,17,19,612,CHIHUAHUA
6141610069,2026-10-03 15:01:52.385776,PRI,Marco Bonilla,6465856,INFONAVIT NACIONAL,31120,Hombre,FERNANDO HUMBERTO MARQUEZ REYES,28.6775791521443,-106.122191825,"C OTOMIES 7746, INFONAVIT NACIONAL, 31120 Chihuahua,CHIH",,38,31–40,,,,,,6,15,19,700,CHIHUAHUA
6142479863,2026-10-03 15:02:06.810376,PRI,Marco Bonilla,5524891,RDCIAL CLUB CAMPESTRE,31213,Hombre,LUIS FERNANDO HERRERA LOYA,28.634090660124,-106.105769809316,"AV DEL CAMPESTRE 81, RDCIAL CLUB CAMPESTRE, 31213 Chihuahua,CHIH",,47,41–59,,,,,,6,18,19,823,CHIHUAHUA
6144357749,2026-10-03 15:02:40.029566,PRI,Marco Bonilla,6147637,AMPL ADELITAS,31054,Hombre,JOSE HERIBERTO ORTIZ CHAVIRA,28.609542454877,-106.042945369167,"C SIMONA SIGALA 7804, AMPL ADELITAS, 31054 Chihuahua,CHIH",,67,65+,MORENA,,SECRETARIA DE DESARROLLO HUMANO Y BIEN COMUN,FORTALECIMIENTO COMUNITARIO Y PARTICIPACION CIUDADANA,,8,16,19,592,CHIHUAHUA
6141335290,2026-10-03 15:02:56.131058,PRI,Marco Bonilla,5681604,PANAMERICANA,31210,Mujer,DORA MARIA LECHUGA GARCIA,28.6546107331062,-106.116472453,"C REPUBLICA DE GUATEMALA 514, PANAMERICANA, 31210 Chihuahua,CHIH",,67,65+,,,,,,6,15,19,774,CHIHUAHUA
6142358088,2026-10-03 15:03:18.005334,PRI,Marco Bonilla,4909153,PUERTA DEL VALLE,31124,Hombre,EDGAR EDUARDO TALAVERA BRIBIESCA,28.69317888687,-106.151640380803,"C PUERTA DE NAPA 3028, PUERTA DEL VALLE, 31124 Chihuahua,CHIH",,52,41–59,,,,,,6,18,19,3214,CHIHUAHUA
6142563993,2026-10-03 15:03:19.060497,PRI,Marco Bonilla,5586519,PUERTA DE HIERRO,31207,Hombre,OSCAR GONZALEZ LUNA,28.619341959694,-106.11627949066,"C ALMERIA 6605, PUERTA DE HIERRO, 31207 Chihuahua,CHIH",,56,41–59,PAN,SECRETARIA GENERAL DE GOBIERNO,,,,6,18,19,839,CHIHUAHUA
6144762519,2026-10-03 15:03:27.372543,PRI,Marco Bonilla,5603981,COLINAS DEL SOL,31167,Mujer,MARIA MAGDALENA CHAVEZ SANCHEZ,28.660619509714,-106.113919721038,"AVE LAS AGUILAS 1403, COLINAS DEL SOL, 31167 Chihuahua,CHIH",,63,60–64,MORENA,,DESARROLLO INTEGRAL DE LA FAMILIA CHIHUAHUA,REHABILITACION INTEGRAL FISICA Y APOYOS FUNCIONALES,,6,15,19,759,CHIHUAHUA
6141309622,2026-10-03 15:03:35.364198,PRI,Marco Bonilla,5278779,RIBERAS DEL SACRAMENTO,31184,Hombre,MARIO SOCORRO NAVARRETE PEÑA,28.783177937746,-106.172451305283,"C RIO SALADO 2432, RIBERAS DEL SACRAMENTO, 31184 Chihuahua,CHIH",,62,60–64,,,,,,6,12,19,3281,CHIHUAHUA
6142352523,2026-10-03 15:03:35.990742,PRI,Marco Bonilla,5414503,MAGISTERIAL UNIVERSIDAD,31200,Mujer,YANIRA TORRES AGUERO,28.659998117322,-106.087927271653,"C FELIPE BERRIOZABAL 3106, MAGISTERIAL UNIVERSIDAD, 31200 Chihuahua,CHIH",,56,41–59,,,,,,8,15,19,784,CHIHUAHUA
6181888165,2026-10-03 15:03:45.958596,PRI,Marco Bonilla,6360283,QUINTAS DEL SOL,31214,Hombre,SIXTO HERNANDEZ CASTILLO,28.6319144010685,-106.100478056,"C NEBRASKA 2807, QUINTAS DEL SOL, 31214 Chihuahua,CHIH",,38,31–40,,,,,,6,18,19,838,CHIHUAHUA
6566135723,2026-10-03 15:04:01.797658,PRI,Marco Bonilla,7448537,TAMBORILLO,33470,Hombre,ARTURO VALENCIA JIMENEZ,26.296111111,-107.560555556,"C ZEMPOALA 2620, AMERICA, 32300 Chihuahua,CHIH",,31,31–40,PRI,,DESARROLLO INTEGRAL DE LA FAMILIA CHIHUAHUA,JUNTOS POR LA SIERRA TARAHUMARA,,9,22,29,1150,GUADALUPE Y CALVO
6141326413,2026-10-03 15:04:08.573004,PRI,Marco Bonilla,5946906,FRANCISCO R ALMADA,31034,Hombre,JOSE LUIS BARBOZA RIOS,28.598739816155,-106.068080517495,"C JOSE MARIA ALMADA 5801, FRANCISCO R ALMADA, 31034 Chihuahua,CHIH",,58,41–59,,,,,,8,16,19,541,CHIHUAHUA
6142185818,2026-10-03 15:04:14.093756,PRI,Marco Bonilla,6597165,ROBINSON,31385,Mujer,MA ALEJANDRA HERRERA PARRA,28.653133341285,-106.035465016173,"C MINA LA CENIZA 7100, ROBINSON, 31385 Chihuahua,CHIH",,63,60–64,,,,,,8,17,19,848,CHIHUAHUA
6141304593,2026-10-03 13:22:52.608294,PRI,Marco Bonilla,6672881,SAN FELIPE,31203,Hombre,IRVING RAFAEL LOERA TALAMANTES,28.6512464,-106.0918535,"C ESTRADA BOCANEGRA 2902, SAN FELIPE, 31203 Chihuahua,CHIH",,36,31–40,PAN,SECRETARIA DE DESARROLLO HUMANO Y BIEN COMUN,ICHIJUV - Instituto Chihuahuense de la Juventud,ICHIJUV - Instituto Chihuahuense de la Juventud,,6,15,19,797,CHIHUAHUA
