{
  "type" : "FeatureCollection",
  "features" : [{"type":"Feature","id":1,"geometry":{"type":"Polygon","coordinates":[[[-106.56298884143153,31.787812518071512],[-106.5850108471421,31.786685046552275],[-106.60069299926442,31.785409253317816],[-106.61637463387544,31.784131541774681],[-106.63326113249529,31.783988442188605],[-106.65014747566102,31.783843103890685],[-106.66703366149544,31.78369552694598],[-106.68391968812151,31.783545711420402],[-106.70080555366222,31.783393657380714],[-106.71769125624074,31.783239364894566],[-106.7345767939803,31.783082834030449],[-106.75146216500423,31.78292406485771],[-106.76834736743601,31.782763057446591],[-106.78523239939918,31.782599811868149],[-106.80211725901744,31.782434328194334],[-106.81900194441455,31.782266606497949],[-106.83588645371444,31.782096646852654],[-106.8527707850411,31.781924449332976],[-106.86965493651866,31.781750014014307],[-106.88653890627138,31.781573340972859],[-106.87215652438388,31.772008209914016],[-106.86872484236694,31.769711197294562],[-106.86788101493121,31.769146344947227],[-106.86463844449632,31.766690644980407],[-106.86113282872091,31.763741370154435],[-106.86197634972363,31.759445695405461],[-106.86281511997753,31.757210749236982],[-106.86359021588557,31.755145371318854],[-106.86342131278204,31.752010951222662],[-106.86196529686572,31.748636743856061],[-106.86085056274808,31.746828188662722],[-106.85973587225536,31.745019620676782],[-106.85470861660025,31.743481946731478],[-106.84852920958789,31.742198417537423],[-106.84568898910884,31.740977484395749],[-106.84184899959594,31.716576337650498],[-106.83801134901637,31.69217491014237],[-106.83863058817673,31.69039756192079],[-106.83924980637519,31.688620211102418],[-106.83940081290974,31.688469320303291],[-106.8395518200133,31.68831842932525],[-106.85323192388188,31.678182203322081],[-106.85361470098604,31.677970774058039],[-106.86684421315859,31.669148808689059],[-106.87917186233946,31.664757795591068],[-106.89583038713482,31.658821879688109],[-106.89655646261274,31.657950686828062],[-106.89728252476429,31.657079491155489],[-106.90421446625437,31.635727437629996],[-106.91114348124731,31.614375065131121],[-106.91520711243821,31.601848287974995],[-106.89306812557405,31.602474704616725],[-106.87626633877302,31.602947542093727],[-106.85946426494272,31.603418174580572],[-106.84266190592031,31.60388660192541],[-106.82585926354322,31.60435282397723],[-106.79568232888649,31.605184585508027],[-106.76550449688892,31.606009232884176],[-106.7353257781987,31.606826765251341],[-106.70514618346606,31.607637181763877],[-106.70843818022512,31.603908243898463],[-106.71148459695688,31.601170615581513],[-106.71491634831816,31.598513581841658],[-106.71732144104411,31.595778906785277],[-106.72073793708216,31.591801520389122],[-106.72365542008909,31.589064245217713],[-106.72670091157887,31.586326280053306],[-106.72974247280074,31.583258197277136],[-106.73176411792868,31.580690191545724],[-106.73403445504037,31.577460784801417],[-106.73669289614158,31.574559480359753],[-106.73882719975049,31.570670534618536],[-106.73969212393057,31.567860629268431],[-106.73761430669255,31.565477990498017],[-106.73783000448178,31.561928668963901],[-106.73434564299137,31.559800517536505],[-106.731371177706,31.557422200535523],[-106.72826031046191,31.554301818699845],[-106.72540591281602,31.551180100818677],[-106.7219194399371,31.548804041818894],[-106.71702562841847,31.546599697623567],[-106.71582077530512,31.541984469703017],[-106.71797656982558,31.539993665344198],[-106.72414005916968,31.541201597680192],[-106.7288635380565,31.539693205795398],[-106.73436492579687,31.539005976836687],[-106.73883660944242,31.537911057935553],[-106.74342586575133,31.535907701952834],[-106.74608574220979,31.53325377599295],[-106.74924263154357,31.529277005686936],[-106.7525388132688,31.526289664209578],[-106.75429483068318,31.523062548882685],[-106.7545022250242,31.518853103167256],[-106.75572371011032,31.513730791007131],[-106.7552973789889,31.510102195536007],[-106.75322721398015,31.50829734679801],[-106.75184355206837,31.499392458932242],[-106.75091286787998,31.496426531337061],[-106.74087541660043,31.480963507269948],[-106.72563214846718,31.464028511418416],[-106.7095964016186,31.44620420472619],[-106.69356679613351,31.428377625005371],[-106.66960451940375,31.430775354440932],[-106.64564081252992,31.433168641671671],[-106.62563664923569,31.443333591768884],[-106.60562807065969,31.453495547533091],[-106.58561507655561,31.463654505200225],[-106.56559766668073,31.473810461006206],[-106.54557214263302,31.483965196005101],[-106.5255422007456,31.494116920501355],[-106.51545765982797,31.496532082437415],[-106.51354639047469,31.496989713223805],[-106.51164299980083,31.497469110572816],[-106.4919778150785,31.502163620738472],[-106.472310546136,31.5068551652457],[-106.44919209908115,31.512258981175695],[-106.44403923326804,31.513610119495588],[-106.44810163672639,31.52320618739887],[-106.43539882975678,31.527936369029884],[-106.43434666718629,31.526925001682336],[-106.43431833306636,31.527018333370368],[-106.43428833299119,31.527113333711394],[-106.43425500018853,31.527205000199874],[-106.43422333328589,31.527295001630055],[-106.43418833363728,31.527381668303505],[-106.43411500004548,31.527548335362038],[-106.43403333317856,31.527713334882019],[-106.4339883338593,31.527796668432025],[-106.43394166640707,31.527881668842003],[-106.43389499991193,31.52796666832263],[-106.43384499999074,31.528051668172239],[-106.43379333384122,31.528136668640677],[-106.43374166720723,31.528218334861336],[-106.43363666659836,31.52837333501418],[-106.4335316664593,31.528516668871418],[-106.43343333385944,31.528641668116617],[-106.43334500018521,31.52874833512092],[-106.43325666663958,31.528848335403026],[-106.43316999958213,31.528943335448037],[-106.43308666695032,31.529030002182431],[-106.43300833370927,31.529106668784436],[-106.4329183338175,31.529191668127073],[-106.43283666674938,31.529266668779254],[-106.42823333312862,31.533020001510369],[-106.42814666643488,31.533091668536276],[-106.42805833346148,31.533165002285386],[-106.42797000043367,31.533240002190897],[-106.42788000005855,31.533316668827101],[-106.42778833320509,31.533391668848527],[-106.42769500012506,31.533470001796303],[-106.42759999959641,31.533548335250323],[-106.42750333363134,31.5336250020672],[-106.42740833383813,31.533703335374629],[-106.42731166650283,31.533780002065988],[-106.4272166662364,31.533855001907867],[-106.42712166695374,31.533931668787439],[-106.42702833369576,31.53400666883406],[-106.42693500028815,31.534081668816118],[-106.42684500037757,31.534158335641603],[-106.42675500016634,31.534231668174247],[-106.42666666714814,31.534305001891955],[-106.42658000024649,31.534378335005908],[-106.42648999963006,31.534451668263955],[-106.42639999993946,31.534525002352233],[-106.42631000009415,31.534598335478577],[-106.4262183339014,31.534673335301093],[-106.42612500029925,31.534750001828204],[-106.42603333380985,31.534825001525178],[-106.42594166718732,31.534900002061878],[-106.42585333290209,31.534973335247841],[-106.4257633332048,31.535045001783264],[-106.42567499965178,31.535116668625992],[-106.42558666701659,31.535188335399162],[-106.42550166680201,31.535260001951666],[-106.42541666645744,31.535331668450723],[-106.42532833338323,31.53540166883997],[-106.42524166645181,31.535471668642206],[-106.42515333314998,31.535543335131912],[-106.42506333338758,31.535613334973693],[-106.42497333353651,31.535685001872451],[-106.42488166620051,31.535756668345563],[-106.42479333344997,31.535830001704966],[-106.42470499957733,31.535906668350691],[-106.42461500032903,31.535983335448346],[-106.42452499986675,31.536060001595896],[-106.42443500028723,31.536135001456547],[-106.42434333322194,31.536210001786859],[-106.4242516670292,31.536283334925933],[-106.42416166699772,31.536356668389118],[-106.42407333310092,31.536428335062485],[-106.42398666638498,31.536496668722126],[-106.42390500053358,31.53656333545225],[-106.42382166720277,31.53663000175403],[-106.42374000006443,31.536696668396058],[-106.42365666651101,31.536763335497895],[-106.42357500019192,31.53683000202836],[-106.42349500007145,31.536896668904262],[-106.42341666719273,31.536963335214935],[-106.42333666684578,31.537030001997117],[-106.42326000004495,31.537095001496215],[-106.42318333314982,31.537158335638146],[-106.42303666637713,31.537280002213485],[-106.4229083328959,31.537385001830867],[-106.42281166655013,31.537466668362235],[-106.42270333369706,31.537555002290105],[-106.42258999954058,31.537650001603311],[-106.42250833380889,31.537716668367363],[-106.42242000053639,31.53778833482588],[-106.42232999976953,31.537858335514819],[-106.4222416662267,31.537930001856566],[-106.4221533336017,31.538001668128786],[-106.42206499980587,31.538071668138866],[-106.42197666692554,31.538143335197393],[-106.42189000022856,31.538216668829243],[-106.42180333340434,31.538288335287469],[-106.42171666644749,31.538360001690084],[-106.42162833301714,31.538433335638867],[-106.42154166684534,31.538505001917493],[-106.42145166683787,31.538575001996879],[-106.42136166666594,31.538646668232406],[-106.4212733337577,31.538718334818981],[-106.42118499967468,31.538790002261408],[-106.42109666651639,31.538860001614054],[-106.4210099995562,31.538931668453277],[-106.42091999973243,31.539005001500801],[-106.42082833340108,31.539080002080265],[-106.42073500049921,31.53915833550279],[-106.42064000000178,31.539238335560242],[-106.42054166659311,31.539320001805415],[-106.42044166658839,31.539405001782757],[-106.42033833369068,31.539490001718978],[-106.42023500057003,31.5395766686947],[-106.42013166620507,31.539663335603137],[-106.42002666633468,31.539750001982338],[-106.41992166632431,31.539835002063189],[-106.4198166672189,31.539918334931933],[-106.41971333324526,31.540001668173051],[-106.41961166662009,31.540081668431515],[-106.41950999975948,31.540163334830119],[-106.41941000010155,31.540246668705567],[-106.41931166668139,31.540328334933683],[-106.41921500052251,31.540410001527277],[-106.41911666677454,31.540491668515436],[-106.41901666647253,31.540573334980781],[-106.41891833350491,31.540653335595795],[-106.41882000035554,31.540733335237206],[-106.41872166711306,31.54081166858985],[-106.41862500001764,31.540891668544141],[-106.4185266664455,31.540970001754634],[-106.41843000021952,31.541046668221242],[-106.41833333384866,31.541123335520496],[-106.41823666640556,31.541196668523657],[-106.41814500008958,31.541270001918885],[-106.41805500009949,31.541341668595894],[-106.41796833373282,31.541415002347502],[-106.41788166721688,31.541488335141558],[-106.41779833336692,31.54156166881333],[-106.41771333289223,31.541636668183525],[-106.41762500055505,31.541711668355113],[-106.41753666711871,31.541785002263186],[-106.4174466671378,31.541858335642463],[-106.41735833350822,31.541930002314363],[-106.4172699998297,31.542000001808919],[-106.41718333358368,31.542068335490683],[-106.41709833369796,31.542135001570614],[-106.41701500011723,31.542201668975395],[-106.4169316662983,31.542270001644351],[-106.41684833353175,31.542336668934485],[-106.41676666694045,31.542405001968479],[-106.41668333371604,31.542475001592191],[-106.41660000047857,31.542543334946714],[-106.41651833332746,31.542615002070129],[-106.41643499973078,31.542685001540683],[-106.41634999961406,31.542755002278948],[-106.41626333388216,31.542826668683951],[-106.41617666708314,31.542896668827087],[-106.41608833362116,31.542968335546288],[-106.41600166643826,31.543040001794953],[-106.41591666683802,31.543108335128714],[-106.41583333365513,31.543175001780302],[-106.41574833380925,31.543243335007961],[-106.41566166705066,31.543316668146669],[-106.4155766663464,31.543393335062579],[-106.41548666633985,31.543468335121901],[-106.4153949997655,31.543543335526312],[-106.41530166660561,31.543618335370397],[-106.41520999985784,31.543691668528947],[-106.41511999953096,31.543763335005366],[-106.41503000013294,31.54383500231199],[-106.41493999965657,31.543905001547948],[-106.41485333298898,31.543975001719627],[-106.41476833369141,31.544045002328769],[-106.41468499963413,31.544115001597984],[-106.41460166694294,31.544180002148927],[-106.41444166647779,31.54430333485799],[-106.41428833375035,31.544411668932451],[-106.41415499995411,31.544510001739209],[-106.41405010843593,31.544604925574319],[-106.41389333344014,31.544748335625208],[-106.41382000014509,31.544816668495688],[-106.4137433338467,31.544885002095025],[-106.41366333361897,31.54495166840649],[-106.41358499974177,31.545018335190296],[-106.41350666680637,31.545085001917077],[-106.41342666625303,31.545151668990343],[-106.41334833309351,31.545218335625336],[-106.41326833335326,31.545285001691219],[-106.41318666688561,31.545353335207768],[-106.41310166721074,31.545423335646177],[-106.41301666634195,31.545493335140701],[-106.41293000011294,31.54556166872516],[-106.41284500021931,31.545630001880941],[-106.41275833356067,31.545700001573959],[-106.41267333325058,31.545770001742525],[-106.41258499986789,31.545840001694895],[-106.41249833388699,31.54591000211115],[-106.41241333336156,31.545978334994839],[-106.41233166690309,31.5460450017633],[-106.41225166698545,31.546110001897777],[-106.41216833382477,31.54617666893278],[-106.41208833368107,31.546241668970346],[-106.41200833342623,31.546306668960483],[-106.41192999972775,31.546370002322575],[-106.41185166715594,31.546431668506258],[-106.41170500033341,31.546548335524466],[-106.41156666719792,31.546660001929652],[-106.41144000031503,31.546761668390634],[-106.41131999971633,31.546858335561726],[-106.4111983331597,31.546948335394326],[-106.41107666697398,31.547033335556204],[-106.41096666631942,31.547133335430338],[-106.41085833301865,31.547241668647949],[-106.41073166648643,31.547345001542073],[-106.41059333356111,31.547453335388397],[-106.41045666681279,31.547561668749836],[-106.410328332904,31.5476650016078],[-106.41020666643563,31.547771669009467],[-106.41008333338343,31.547876668616073],[-106.40996166634828,31.547983334895402],[-106.40983833336817,31.54809166851059],[-106.40971166707084,31.548200001778266],[-106.40959000032632,31.548298334819474],[-106.40947166623485,31.54839000222173],[-106.40935500006027,31.548485001607954],[-106.40923833390035,31.548578335575144],[-106.40912166680108,31.548676669003694],[-106.40900333374806,31.548776668864519],[-106.40888333367646,31.548878335164854],[-106.40875999981793,31.548983335343895],[-106.40863333367119,31.549088335136467],[-106.40850166635326,31.549195001996658],[-106.40836333340286,31.549303335300838],[-106.40822833320875,31.549411668735534],[-106.40810500022704,31.549508335398393],[-106.40799833365344,31.54959666863094],[-106.40789833305278,31.549685002341135],[-106.40779166636129,31.54977833496244],[-106.40770500024135,31.549830002022201],[-106.40290666679881,31.553936667184264],[-106.40285166663344,31.55405333409627],[-106.4027463441668,31.554152185999495],[-106.40267666669519,31.554259999897742],[-106.40266833300714,31.554374999953676],[-106.40412333324284,31.556285000711995],[-106.40410166700256,31.556405000657552],[-106.4040399999335,31.556518333958387],[-106.40402499981286,31.556618333723122],[-106.40404499966878,31.55673500004146],[-106.40408166629652,31.556851667317069],[-106.40408166673892,31.55697666697333],[-106.40402166680194,31.557096666665942],[-106.40391499949489,31.557201666916775],[-106.40376518995349,31.55730236954961],[-106.40363500019529,31.557395000002302],[-106.40348166615374,31.557505000380733],[-106.40332166646228,31.557618334022596],[-106.40316500047332,31.557733334078893],[-106.40308000045998,31.557796666808144],[-106.40299333298852,31.557863333980347],[-106.40290499974711,31.557930000432922],[-106.40281666672499,31.557995000606386],[-106.40273000026809,31.558060000474235],[-106.40264333369043,31.558125000286193],[-106.40255500030115,31.558190000287535],[-106.40246333340461,31.558255000719072],[-106.40236833334045,31.558323334004633],[-106.40227000009118,31.558395000137192],[-106.40216666695618,31.55847000025182],[-106.40206166659885,31.558546666747233],[-106.40195833383449,31.558623333813184],[-106.40185500019544,31.558698333687843],[-106.40175333309166,31.55877333324781],[-106.40165499960941,31.55884666694357],[-106.40155499995419,31.558921667009916],[-106.40145500049374,31.558994999878333],[-106.40135499983603,31.559068333585799],[-106.40125166696573,31.55914500009639],[-106.40114333379577,31.559221667209808],[-106.40103500007109,31.559300000457302],[-106.40092999960331,31.559378334069901],[-106.40082666641969,31.559453334031637],[-106.40072666688251,31.559526667247834],[-106.40062999995168,31.559598333737526],[-106.40053666632213,31.559670000620169],[-106.40044500002827,31.559738333873852],[-106.40035166687935,31.559806667282363],[-106.40025666685806,31.559874999940202],[-106.40015833354835,31.559946667196932],[-106.40005333344217,31.560021666766595],[-106.39994666633585,31.560101666924691],[-106.39983833375575,31.560180000073451],[-106.39972999955471,31.560260000270297],[-106.39962000014319,31.560341666786879],[-106.3995099998882,31.56042166700276],[-106.39939833335956,31.560503333544407],[-106.39928666663521,31.560584999993154],[-106.3991749997286,31.560666667250935],[-106.39906500040436,31.56074833330123],[-106.39895333310783,31.560830000374587],[-106.39884333341014,31.560911667145227],[-106.39873166717967,31.560991666898275],[-106.39862166646155,31.561071667276359],[-106.39851333335353,31.561151667358619],[-106.39840666680669,31.561231667160698],[-106.39829833332826,31.561311667069472],[-106.39819166641395,31.561391666700786],[-106.39808500017112,31.561468333802207],[-106.39798000050557,31.56154500063144],[-106.39787333284605,31.56162166667405],[-106.39776999960267,31.561698334054896],[-106.39766666617594,31.561775000454237],[-106.39756666696871,31.561848333964278],[-106.39746666655071,31.561921667411326],[-106.3973683331627,31.56199333347946],[-106.39727166639939,31.562065000199102],[-106.39717833327694,31.562131666935617],[-106.39708666678581,31.562198333431098],[-106.39645133613593,31.56258242528682],[-106.39768370477884,31.563571167385284],[-106.39698318073987,31.564431682219993],[-106.39669301941444,31.564585498569524],[-106.39644164959812,31.564971307509438],[-106.39612137029717,31.565352535381251],[-106.39595232255738,31.565636899118036],[-106.39569328799907,31.565824859573993],[-106.39537500451969,31.566206993926265],[-106.3948317157857,31.567019674977264],[-106.39456595926661,31.56695563409626],[-106.39347925295444,31.567793315164792],[-106.3932034086009,31.568127051844098],[-106.39285602751602,31.568411666776193],[-106.39247723648297,31.568723118325256],[-106.39294844301354,31.56914055405721],[-106.3929982136498,31.56919588895958],[-106.39301527202794,31.570068782983927],[-106.39298425465346,31.570177382806467],[-106.39238885891811,31.570735657992071],[-106.39278526288138,31.5710596157239],[-106.39314930290992,31.571401387327942],[-106.39354102427677,31.571738788318299],[-106.39358791123578,31.571781981167369],[-106.39373833811963,31.571917870782375],[-106.39384492623053,31.57202159332742],[-106.39387630263482,31.572074739635379],[-106.39395650387708,31.572183451735945],[-106.3940266469899,31.572249629361082],[-106.39307723651223,31.573156195931119],[-106.39305774784349,31.573219370078803],[-106.39318970765883,31.574949388369724],[-106.39309846619463,31.575057193228922],[-106.39242037835912,31.575692330511192],[-106.39282524300836,31.575992234995109],[-106.39326788744698,31.576323129921406],[-106.39343192156575,31.576432565497651],[-106.39360491219517,31.576559091268308],[-106.39370023566228,31.576463540136341],[-106.39377077762164,31.576397839749809],[-106.39398010455484,31.576195631281422],[-106.39432015399655,31.575899765235864],[-106.3953217560322,31.576765314821596],[-106.39537928521948,31.576768277059575],[-106.39654649298355,31.576765582797343],[-106.39659163999957,31.577226539706764],[-106.39755812141692,31.577232355425629],[-106.39762880682727,31.577267078905557],[-106.39826803587769,31.577784335949655],[-106.39808857991895,31.578154913513856],[-106.39787069891455,31.578204478066649],[-106.3976730837591,31.578210768753944],[-106.39758264755709,31.578290193569639],[-106.39750893514848,31.578366064199511],[-106.40157249962672,31.581467500172987],[-106.40157166513295,31.581522281419112],[-106.4012126319756,31.581751108243822],[-106.40032319244541,31.582022598838652],[-106.39989924145728,31.582355085030557],[-106.399325302458,31.582669586111777],[-106.39904972579184,31.582957024640908],[-106.39900509289824,31.583002191661105],[-106.39814650140775,31.583871435831014],[-106.39781275563342,31.584241170749728],[-106.39768107271757,31.584360089692389],[-106.39754938946773,31.584479008506847],[-106.39695233582449,31.585018183739852],[-106.39689366242548,31.585071168858708],[-106.39680532569037,31.585150940992072],[-106.39665962638048,31.585282514605314],[-106.39578621515544,31.586221148385338],[-106.39552160844721,31.586491008209432],[-106.39527882585621,31.586738607551197],[-106.39502883872055,31.586993553480532],[-106.39475846937317,31.587269284336688],[-106.3946866843165,31.587336771532087],[-106.39282067643842,31.589009143651921],[-106.39239608680873,31.589401428476112],[-106.39226092893001,31.589526302275321],[-106.39195286007761,31.589847457531899],[-106.39176850160254,31.590039647110505],[-106.39140736569996,31.590408672765058],[-106.39132078122918,31.590497079763654],[-106.39118075441495,31.590640243610846],[-106.39045080776157,31.591386108102803],[-106.3913016549938,31.591444993313598],[-106.39177074656891,31.591457763677347],[-106.39221193662659,31.591481708715204],[-106.39265312789044,31.591505651308946],[-106.39312012589417,31.591531038509899],[-106.39358118003274,31.591556000791577],[-106.39566191119388,31.591668884134826],[-106.39573250891343,31.59167271363933],[-106.39613624774324,31.591694613115742],[-106.39789947973813,31.591790237464675],[-106.39846020604143,31.591820642552992],[-106.39969579573568,31.59188611812051],[-106.39980774079585,31.591892049834936],[-106.40102048485677,31.591956302347739],[-106.40151296399114,31.591982391485715],[-106.40278524011265,31.592049780991733],[-106.40289215427151,31.592055443181941],[-106.40386564166629,31.592106996808262],[-106.4052519384056,31.592180399513971],[-106.40612213328147,31.592250818497075],[-106.40646566794139,31.592241016942605],[-106.40611110456339,31.592756591981587],[-106.40500825516051,31.593735894534067],[-106.40455702616921,31.594140483062169],[-106.40436187455863,31.594316656677904],[-106.40409534187913,31.594557261586537],[-106.40457786559945,31.594977147569917],[-106.40465216682682,31.594942588745454],[-106.40476966540149,31.594911486269378],[-106.4048664294308,31.594956413787159],[-106.40492517963663,31.595001338930153],[-106.40497701654647,31.595115383495841],[-106.40498738433863,31.59520868984491],[-106.40496664968956,31.595312367094085],[-106.40525694153186,31.595595745398466],[-106.40609671417963,31.596283460639249],[-106.40479212901454,31.597340952808292],[-106.40378993044325,31.598227379776013],[-106.40409663777886,31.598519399170637],[-106.40356789198556,31.598996308368605],[-106.40270738410096,31.599715126767521],[-106.40258055236939,31.599826417927478],[-106.40094776765008,31.601259137932427],[-106.39997523792779,31.60213384919658],[-106.39900270697666,31.603008557791583],[-106.39856381334745,31.603568406318182],[-106.39795305047477,31.60395278955399],[-106.39765207793403,31.605357630918469],[-106.3977893271063,31.605390291116329],[-106.40030814788899,31.605467361293641],[-106.40689361154223,31.60566862590715],[-106.41252779456785,31.605821844216514],[-106.41700344902148,31.605970998687521],[-106.41764402898565,31.605991287983908],[-106.42089411273398,31.606051420082359],[-106.42118619893812,31.606056819632943],[-106.42323850719605,31.606112431423103],[-106.42555411507993,31.606176918037452],[-106.42765810944715,31.606266124030995],[-106.42830071334403,31.606275316960176],[-106.4288451591049,31.606268168870344],[-106.43142488399415,31.606345897519976],[-106.43504568912137,31.606354433153459],[-106.44088812612678,31.606640095530722],[-106.44614180552375,31.606796914867797],[-106.44920220527864,31.606888164836015],[-106.45142403439877,31.606956475910916],[-106.4514207851231,31.607193864964938],[-106.45173386952179,31.60757590880603],[-106.45008371199515,31.611140949454359],[-106.4489904448355,31.613502717427036],[-106.44835180498569,31.614882304545663],[-106.4474439904558,31.616843287746548],[-106.44579038285255,31.620513272270802],[-106.44488760839882,31.622397069597284],[-106.44446460425959,31.6233086534424],[-106.44414622508231,31.624053219525415],[-106.44365122903652,31.625110278339687],[-106.44302116188729,31.626500532515468],[-106.44273405664208,31.62713535966709],[-106.44001041214338,31.633148841552806],[-106.4381210200568,31.637343966484099],[-106.43593825140896,31.642082002498757],[-106.43432696616209,31.645488992109506],[-106.43366017685145,31.646951527603559],[-106.43333122897725,31.647685607856321],[-106.43325753747467,31.647848168195331],[-106.43339252547678,31.647892102838409],[-106.43352751361479,31.647936038236555],[-106.43400218861352,31.64809052941203],[-106.43434824437648,31.648102818886933],[-106.43587829920868,31.648157144805438],[-106.43661539554107,31.648186132622527],[-106.43694848916401,31.648199231202351],[-106.43788569662753,31.648513103067483],[-106.44118575507258,31.649618226373917],[-106.44448077813604,31.650721550630163],[-106.44497601839883,31.650887369441016],[-106.44519713643798,31.65096140432356],[-106.44674823299863,31.651480731720341],[-106.44699998899692,31.651566722532159],[-106.44895158148252,31.652233294412977],[-106.44930552229768,31.650753360775131],[-106.44962294542511,31.649421743823503],[-106.44988993398546,31.648117687120063],[-106.45298324292855,31.648770842725689],[-106.45324498690782,31.648813612443185],[-106.45362800895114,31.648876204141217],[-106.45410314232201,31.64895384586919],[-106.45451442330811,31.649021050988935],[-106.45506313888113,31.649110711685871],[-106.45547038353287,31.649177255176099],[-106.45599157433774,31.649262413955533],[-106.456479647753,31.649342159779479],[-106.45703882295373,31.649433520179851],[-106.45751882483938,31.649511943261786],[-106.45803598246223,31.649596434232862],[-106.45848607722908,31.649669967663339],[-106.45898626432154,31.649751681690464],[-106.45941131404089,31.649821120265354],[-106.45991359386272,31.649903172040798],[-106.45984556126157,31.650179154384549],[-106.4597910626985,31.650400231716048],[-106.45972388921213,31.650672725669498],[-106.45965819393389,31.650939219057708],[-106.45958748631261,31.65122604530027],[-106.45957013168432,31.651296446891308],[-106.45962694126524,31.651499634367212],[-106.45973546328641,31.651613021794045],[-106.46058781503493,31.651770173543426],[-106.46102245430325,31.651502434153443],[-106.46145810665553,31.651580028288123],[-106.46185501065446,31.651611906255194],[-106.462601673016,31.651746735648924],[-106.46301641847452,31.651841825666395],[-106.46346900218134,31.651870174417024],[-106.46356989634472,31.651592250174843],[-106.46362731382925,31.651524901384029],[-106.46378268960392,31.651489773218117],[-106.46400421725411,31.651447217673969],[-106.46426107460526,31.651167231156116],[-106.46447210091057,31.650937201425354],[-106.46470303555827,31.650685468430321],[-106.46478300321726,31.650616820197307],[-106.46520248829427,31.650256705427338],[-106.46561578417963,31.649901902487422],[-106.46602490229508,31.649550680659139],[-106.46659402217935,31.64903985652381],[-106.4676397926162,31.649609704101561],[-106.46868745888379,31.650194350566373],[-106.469738062555,31.650754944995402],[-106.47077901735794,31.651331176690409],[-106.4713418439879,31.651639944305636],[-106.47181657330428,31.651900378090915],[-106.47288177001124,31.652441710753006],[-106.47238197906312,31.652906373580141],[-106.47199454184637,31.653234101216842],[-106.47158559224522,31.65358002208993],[-106.47118563882813,31.653918330733202],[-106.47075481833316,31.654282742450224],[-106.47035509513408,31.654620848355158],[-106.46990451359777,31.655001967178073],[-106.46990147323859,31.655640023994703],[-106.47055026631945,31.656181212422737],[-106.47111544060985,31.656652642549467],[-106.47151471749154,31.656985687607776],[-106.47324685395282,31.658430454878673],[-106.47355520827965,31.658678166455203],[-106.47386450518313,31.658952341937077],[-106.47398818225085,31.659058176862374],[-106.4742423347094,31.659275668385753],[-106.47445241005337,31.65947027650677],[-106.47537232683726,31.660321705050258],[-106.47558782311346,31.660041699110021],[-106.47685110137293,31.661118305949113],[-106.4771623723866,31.661380605653729],[-106.47737957484959,31.661563635302794],[-106.47778002598869,31.66190107806819],[-106.47810438280867,31.662181375705611],[-106.47931027919797,31.663223446178769],[-106.47988632166445,31.663274975309921],[-106.47983579633309,31.6638529333656],[-106.48116977535136,31.663971014140127],[-106.48250013757061,31.664088760275291],[-106.48355545945138,31.664182152755089],[-106.48568733948073,31.664378690844615],[-106.48575137804261,31.664875953919967],[-106.48655779736156,31.664854560714257],[-106.48674889562808,31.664960335970918],[-106.48816833139871,31.664726207202786],[-106.48865717152077,31.664796274555503],[-106.48953336087813,31.664921856975422],[-106.48989962076035,31.665013582688353],[-106.49005986783206,31.66538371730244],[-106.49018025512726,31.665454312500003],[-106.49037772299499,31.665079999846991],[-106.49050629427737,31.664784492000788],[-106.4906206459405,31.664477150549281],[-106.49067359609323,31.664278528350852],[-106.49052055492309,31.663920309890305],[-106.49051911787362,31.663830325056971],[-106.49099711000197,31.663465417329093],[-106.49325870257721,31.664955683256338],[-106.49424437502758,31.665865004634767],[-106.4949961484667,31.666668722522274],[-106.49565511273445,31.666949896770312],[-106.49633316246542,31.667104451012051],[-106.49696957780571,31.667295602579316],[-106.49718644778589,31.667654179371421],[-106.49709911904102,31.668118830272672],[-106.49787563986004,31.6707961100985],[-106.49835659663842,31.672561907677593],[-106.49813082360775,31.673095900266659],[-106.49801800406996,31.673780771820724],[-106.49803510178869,31.674262244687217],[-106.49837730927653,31.675283181624806],[-106.49869765527281,31.676151439637778],[-106.49905540798736,31.676834024128205],[-106.49932922544255,31.677141530895241],[-106.5001424642992,31.677687693884252],[-106.50062456672173,31.678180736600744],[-106.50106322912748,31.678774194727477],[-106.50139712086722,31.679652723435048],[-106.50142425426067,31.680435430779699],[-106.50123694513742,31.681214447741336],[-106.50047929474316,31.683089210531705],[-106.49976572669775,31.684854808628319],[-106.49958836021383,31.685801496968502],[-106.49954475771305,31.686846822338772],[-106.4996468861508,31.688102496395079],[-106.49975705511528,31.688343566139853],[-106.49749840461445,31.691486387475297],[-106.49707146235909,31.696427239661908],[-106.496857091328,31.698907931027591],[-106.49668421327453,31.702071911930027],[-106.49863168127347,31.705447368187166],[-106.49882646760665,31.705784964693233],[-106.49902125433589,31.706122560853053],[-106.50059771124685,31.706763183155623],[-106.50266164083848,31.70640342645828],[-106.50348457395738,31.706159504787255],[-106.50494329896797,31.705727112981521],[-106.50704963390804,31.705816425627386],[-106.50727931448876,31.705830800367863],[-106.50758490466156,31.705849923218892],[-106.51202156391932,31.705511697873558],[-106.51383866883131,31.705420547099475],[-106.51689319432116,31.706135702241145],[-106.52404298295627,31.709459527354664],[-106.52816251044777,31.711374334357256],[-106.53305948002985,31.713650225311387],[-106.53795668422416,31.715925916108446],[-106.53748594083633,31.717192401206873],[-106.53965289873916,31.719688153256389],[-106.53970152239424,31.719744153024784],[-106.54180811922549,31.720300060320927],[-106.54210042171167,31.720649962079829],[-106.54525400714503,31.724436637788425],[-106.54606869186027,31.729201319676019],[-106.54558711935816,31.729852559403994],[-106.54452906406688,31.731283061306986],[-106.54161401678918,31.735462863339652],[-106.54059454361743,31.736924554125977],[-106.54005008321823,31.737705165019396],[-106.54463441939144,31.736994884271294],[-106.54478289963629,31.738155592329974],[-106.54488508891301,31.738954404627052],[-106.54499057349197,31.7397789597441],[-106.54512182103376,31.740804880855091],[-106.545234525791,31.74165068908891],[-106.54535680755573,31.742568341776348],[-106.54538058378623,31.742752595329268],[-106.54548956747738,31.743597115781505],[-106.54555427364484,31.744185034454134],[-106.54543243585969,31.745602516087775],[-106.54054188764282,31.747382696986428],[-106.53831254573134,31.747617541110078],[-106.53616616329911,31.749023551704468],[-106.53557107517069,31.749679392917766],[-106.534826086922,31.750500421601231],[-106.53430491100922,31.751074783657923],[-106.53371478414925,31.75172512087299],[-106.53332099846338,31.752159078589212],[-106.53305196972765,31.75245554833889],[-106.53232305634708,31.752237227302324],[-106.53186604975984,31.752100347040834],[-106.53123994988705,31.751966091323428],[-106.5306655887222,31.751856428243663],[-106.52993774491624,31.75161190053986],[-106.52962568688235,31.751502533513776],[-106.52932785440619,31.751406996893532],[-106.52896284786715,31.751284364720817],[-106.5286756253679,31.751187863882297],[-106.52805790810145,31.750980322788937],[-106.52722837896036,31.750702150995956],[-106.5267707813838,31.750548696243012],[-106.52659041315481,31.750488210641016],[-106.52615856803422,31.750343389993329],[-106.52601990881161,31.750296890276768],[-106.52552654454141,31.750143052949646],[-106.52519622461546,31.750040052883872],[-106.52467263108295,31.749876782093601],[-106.52404150355936,31.749679977377056],[-106.52386635332967,31.749628423599294],[-106.52364743119935,31.750267204191537],[-106.52335760935959,31.750953621897246],[-106.52277214739338,31.751582804199522],[-106.52228939731043,31.752071545859433],[-106.52227093917928,31.752094882064426],[-106.5221475592749,31.752250868026756],[-106.52198851217781,31.752512866816115],[-106.52190246989265,31.752729130423756],[-106.52180155631551,31.753428132195552],[-106.52180600538051,31.753999731040725],[-106.52166024657561,31.754711881143795],[-106.52151609761685,31.755424079475681],[-106.52129118982828,31.756049250316028],[-106.5211866609723,31.756696452458691],[-106.52092110638966,31.756990523128394],[-106.52073050639154,31.757201589021875],[-106.52050932966677,31.757283459390358],[-106.51945650913484,31.757673160498829],[-106.51870317925052,31.758112540075825],[-106.51841401321583,31.758283515138903],[-106.51783029060098,31.758553041466584],[-106.51741491916246,31.758761032778569],[-106.51640781139641,31.75931692009441],[-106.51625326184329,31.759395755544404],[-106.51578326051347,31.759607360678451],[-106.5149453650945,31.759983747991985],[-106.51397541897995,31.760363612867906],[-106.51297402578793,31.760755782983757],[-106.51260207308449,31.760901445669418],[-106.51213462756377,31.760976914913112],[-106.51137146925581,31.7610052610118],[-106.51092662877979,31.761021784888335],[-106.51081696850186,31.761045957788063],[-106.51040998435288,31.761097426418061],[-106.50980969066592,31.761173339403538],[-106.51064222150796,31.76345310669878],[-106.51139778706185,31.766029706564492],[-106.51124239949779,31.767901000550385],[-106.51255140964557,31.769922450689609],[-106.51444584915326,31.771312424656426],[-106.5151818144578,31.771595778342476],[-106.51565768127236,31.771655028634406],[-106.51691772505973,31.771640502693263],[-106.5170857022954,31.771647326642583],[-106.51725367854949,31.771654153989672],[-106.51799450674896,31.772098159852682],[-106.51921513252056,31.772864474580082],[-106.51972877714384,31.773199658785146],[-106.5200248919372,31.773392875276695],[-106.52042988340338,31.773657144441842],[-106.52083480132185,31.773921359919459],[-106.52179707831115,31.774750696439938],[-106.52216095017127,31.775064296548805],[-106.52307983780136,31.775870049846194],[-106.52332784704552,31.776094489613691],[-106.52351350751735,31.776229869275188],[-106.52369916846801,31.776365245038601],[-106.52558777108611,31.777742312830217],[-106.52972957607643,31.77962356813568],[-106.55075711187163,31.784802066297384],[-106.55741962062126,31.786442002977925],[-106.56298884143153,31.787812518071512]]]},"properties":{"OBJECTID":1,"DISTRITO_L":2,"Shape_Length":187178.99165331549,"Shape_Area":1158075782.9273398}},{"type":"Feature","id":2,"geometry":{"type":"Polygon","coordinates":[[[-106.50980969066592,31.761173339403538],[-106.51040998435288,31.761097426418061],[-106.51081696850186,31.761045957788063],[-106.51092662877979,31.761021784888335],[-106.51137146925581,31.7610052610118],[-106.51213462756377,31.760976914913112],[-106.51260207308449,31.760901445669418],[-106.51297402578793,31.760755782983757],[-106.51397541897995,31.760363612867906],[-106.5149453650945,31.759983747991985],[-106.51578326051347,31.759607360678451],[-106.51625326184329,31.759395755544404],[-106.51640781139641,31.75931692009441],[-106.51741491916246,31.758761032778569],[-106.51783029060098,31.758553041466584],[-106.51841401321583,31.758283515138903],[-106.51870317925052,31.758112540075825],[-106.51945650913484,31.757673160498829],[-106.52050932966677,31.757283459390358],[-106.52073050639154,31.757201589021875],[-106.52092110638966,31.756990523128394],[-106.5211866609723,31.756696452458691],[-106.52129118982828,31.756049250316028],[-106.52151609761685,31.755424079475681],[-106.52166024657561,31.754711881143795],[-106.52180600538051,31.753999731040725],[-106.52180155631551,31.753428132195552],[-106.52190246989265,31.752729130423756],[-106.52198851217781,31.752512866816115],[-106.5221475592749,31.752250868026756],[-106.52227093917928,31.752094882064426],[-106.52228939731043,31.752071545859433],[-106.52277214739338,31.751582804199522],[-106.52335760935959,31.750953621897246],[-106.52364743119935,31.750267204191537],[-106.52386635332967,31.749628423599294],[-106.52404150355936,31.749679977377056],[-106.52467263108295,31.749876782093601],[-106.52519622461546,31.750040052883872],[-106.52552654454141,31.750143052949646],[-106.52601990881161,31.750296890276768],[-106.52615856803422,31.750343389993329],[-106.52659041315481,31.750488210641016],[-106.5267707813838,31.750548696243012],[-106.52722837896036,31.750702150995956],[-106.52805790810145,31.750980322788937],[-106.5286756253679,31.751187863882297],[-106.52896284786715,31.751284364720817],[-106.52932785440619,31.751406996893532],[-106.52962568688235,31.751502533513776],[-106.52993774491624,31.75161190053986],[-106.5306655887222,31.751856428243663],[-106.53123994988705,31.751966091323428],[-106.53186604975984,31.752100347040834],[-106.53232305634708,31.752237227302324],[-106.53305196972765,31.75245554833889],[-106.53332099846338,31.752159078589212],[-106.53371478414925,31.75172512087299],[-106.53430491100922,31.751074783657923],[-106.534826086922,31.750500421601231],[-106.53557107517069,31.749679392917766],[-106.53616616329911,31.749023551704468],[-106.53831254573134,31.747617541110078],[-106.54054188764282,31.747382696986428],[-106.54543243585969,31.745602516087775],[-106.54555427364484,31.744185034454134],[-106.54548956747738,31.743597115781505],[-106.54538058378623,31.742752595329268],[-106.54535680755573,31.742568341776348],[-106.545234525791,31.74165068908891],[-106.54512182103376,31.740804880855091],[-106.54499057349197,31.7397789597441],[-106.54488508891301,31.738954404627052],[-106.54478289963629,31.738155592329974],[-106.54463441939144,31.736994884271294],[-106.54005008321823,31.737705165019396],[-106.54059454361743,31.736924554125977],[-106.54161401678918,31.735462863339652],[-106.54452906406688,31.731283061306986],[-106.54558711935816,31.729852559403994],[-106.54606869186027,31.729201319676019],[-106.54525400714503,31.724436637788425],[-106.54210042171167,31.720649962079829],[-106.54180811922549,31.720300060320927],[-106.53970152239424,31.719744153024784],[-106.53965289873916,31.719688153256389],[-106.53748594083633,31.717192401206873],[-106.53795668422416,31.715925916108446],[-106.53305948002985,31.713650225311387],[-106.52816251044777,31.711374334357256],[-106.52404298295627,31.709459527354664],[-106.51689319432116,31.706135702241145],[-106.51383866883131,31.705420547099475],[-106.51202156391932,31.705511697873558],[-106.50758490466156,31.705849923218892],[-106.50727931448876,31.705830800367863],[-106.50704963494842,31.70581642471301],[-106.50494329896797,31.705727112981521],[-106.50348457395738,31.706159504787255],[-106.50266164083848,31.70640342645828],[-106.50059771124685,31.706763183155623],[-106.49902125433589,31.706122560853053],[-106.49882646760665,31.705784964693233],[-106.49863168127347,31.705447368187166],[-106.49668421327453,31.702071911930027],[-106.49542176764751,31.70184912943564],[-106.49435830669184,31.701662555620398],[-106.49290525179781,31.701407612356331],[-106.49253864717708,31.701343287212286],[-106.49196316780414,31.701242311622266],[-106.49138769062866,31.701141333381848],[-106.49129157479013,31.701054114522144],[-106.49126510409191,31.701049722452616],[-106.49087715258474,31.700985342653166],[-106.49078208442259,31.700963778501222],[-106.49057783214589,31.700917448420093],[-106.49022898731029,31.700838320397697],[-106.48972411456185,31.700686685295871],[-106.48930997329157,31.700562299481902],[-106.48925679086139,31.700546326788771],[-106.4888233655452,31.70041614678491],[-106.48829852501493,31.700258509281824],[-106.4877457656676,31.700092480282738],[-106.48719334235616,31.699907914255768],[-106.48695798446923,31.699829280131041],[-106.48658035596461,31.699924020234558],[-106.48643482121814,31.699960532081342],[-106.48592905962579,31.700098800320468],[-106.48564988896085,31.701145980171667],[-106.48503744019486,31.700969239769151],[-106.48455393211131,31.700806977432475],[-106.48440112703391,31.700403851892993],[-106.4834080794791,31.700768781969327],[-106.48357231498707,31.701378018180282],[-106.48372322769153,31.701937831308676],[-106.48376746905055,31.702101941072563],[-106.48383614765592,31.702356700414885],[-106.48395563564218,31.702799933177165],[-106.48412799338658,31.70343927118078],[-106.48420141655262,31.703711620732285],[-106.48430035367072,31.704078608816822],[-106.48441187796813,31.704469989706958],[-106.48449891756378,31.704775441319182],[-106.48473583894514,31.705606872665253],[-106.48488584032799,31.706133263094689],[-106.4849520169313,31.70636549223552],[-106.48510468441432,31.706901227534157],[-106.48524655770166,31.707399080727395],[-106.48534620224093,31.707748742058815],[-106.48543330879545,31.708054407587955],[-106.48548139083647,31.708223130119546],[-106.48564701301019,31.708804301374379],[-106.48571449809398,31.709041106325291],[-106.48559326544139,31.709101773532939],[-106.48494673638892,31.709425306688704],[-106.4844055653231,31.709696112511732],[-106.48398946599008,31.709904329458809],[-106.48341325911944,31.710192660585992],[-106.48324974450604,31.710274481693716],[-106.48303327641594,31.710382799482179],[-106.48289381994809,31.710452581571904],[-106.48290099170666,31.710594077882682],[-106.48292225334731,31.7110135595561],[-106.48295939050317,31.711746268300239],[-106.48298381171783,31.712228088768136],[-106.48299369960968,31.7124231806431],[-106.48299536096847,31.712455950337894],[-106.48301613321807,31.712865760882522],[-106.48303256599469,31.713296289570042],[-106.4830561149394,31.713913216417627],[-106.48309609699778,31.714960671758426],[-106.48311831058632,31.715473835334429],[-106.48314271782012,31.71603765520949],[-106.48318574664334,31.717031652313008],[-106.48320883618111,31.717511724234619],[-106.48323124000719,31.717977543027605],[-106.48325364415483,31.71844336177686],[-106.48334328674157,31.718618074563235],[-106.48309795558502,31.718639919122658],[-106.48264610377414,31.718914035089409],[-106.48217022800233,31.719200438312299],[-106.4819711369141,31.719323498254418],[-106.48156951752952,31.719567133146342],[-106.48057426722434,31.720170874363191],[-106.48018452731509,31.72040729555588],[-106.47975804171008,31.720666003333633],[-106.47934282712167,31.720917871896777],[-106.47923270409889,31.720984672063832],[-106.47893238193716,31.72106397019197],[-106.47915854767818,31.721651389060582],[-106.47941545279254,31.722318636092879],[-106.47954138757814,31.722645714644734],[-106.47966520540183,31.722967296854641],[-106.47991461375508,31.72361505079261],[-106.48014599836483,31.724215986841621],[-106.48040668041281,31.72488101437024],[-106.48065599301671,31.725517023351646],[-106.48090625969111,31.726155459871922],[-106.48114800441918,31.726772146330752],[-106.48139380860601,31.727408338607731],[-106.48163961525979,31.728044530258728],[-106.48188694560359,31.728684653821084],[-106.48211521790381,31.729275445147767],[-106.48213929483019,31.729337758032091],[-106.48240816248153,31.730001527850046],[-106.48268322104821,31.730684366247523],[-106.48271365331304,31.730759706916974],[-106.48264629638751,31.7309892571901],[-106.4827368443656,31.731529775870101],[-106.48285630676206,31.732012806475574],[-106.4831341531107,31.733136218320301],[-106.4832414049398,31.733617743283652],[-106.48285587888597,31.733713618301284],[-106.4819209333296,31.733924754217195],[-106.48198213370463,31.734298777822225],[-106.48200834720858,31.734590648712523],[-106.48220755420132,31.734981841199978],[-106.48251538570482,31.736044636934384],[-106.48243517802879,31.736491736693552],[-106.4823096980395,31.736659328545979],[-106.48228971169364,31.736741455738809],[-106.4824311210123,31.737152312431334],[-106.48269315715325,31.737783182461339],[-106.48293040366397,31.738305652912494],[-106.48325844106282,31.739002057356501],[-106.48342749079684,31.739582011886291],[-106.48365835300065,31.740374017785776],[-106.48429811278615,31.742568720964261],[-106.48440399212609,31.742890708760726],[-106.48420045640471,31.743974328538147],[-106.48357764792406,31.743933767381559],[-106.4831207092943,31.743904007126137],[-106.48264254570572,31.743872862158113],[-106.48209438455781,31.743837155959341],[-106.48152790648668,31.743760466805416],[-106.48173846875517,31.744641143861521],[-106.4817471500796,31.744677457240456],[-106.48193719292264,31.745472296669845],[-106.48199627560518,31.745719402273188],[-106.48216162410611,31.746410943283024],[-106.48218220059425,31.746497003346917],[-106.48227148508221,31.746870412354163],[-106.482379038388,31.747432824803528],[-106.48241373192434,31.747601381880894],[-106.48252419466181,31.748289203694259],[-106.48485026380939,31.747733506540051],[-106.48691778776772,31.747699029583938],[-106.48853036242785,31.748037784117304],[-106.49063235360839,31.749018596724831],[-106.49220634425951,31.749974464672],[-106.49346991692087,31.75110682454482],[-106.49553720826246,31.752671444378013],[-106.49766875161271,31.754315585541406],[-106.50033282240297,31.75582716512238],[-106.50267376199047,31.757625839731862],[-106.50657912063322,31.760691855094791],[-106.50980969066592,31.761173339403538]]]},"properties":{"OBJECTID":2,"DISTRITO_L":3,"Shape_Length":23981.227967672799,"Shape_Area":29359288.799956262}},{"type":"Feature","id":3,"geometry":{"type":"Polygon","coordinates":[[[-106.45603533849666,31.764197820254534],[-106.46084871326995,31.763845664744416],[-106.46401607553074,31.762793741671203],[-106.46617262298292,31.761073480060631],[-106.46944587891052,31.757610160682169],[-106.47253512037874,31.751979985793749],[-106.47349010766816,31.750826860784034],[-106.47538741379131,31.750581407050738],[-106.47843283764674,31.74983723844722],[-106.47996820472943,31.749524245534609],[-106.48252419466181,31.748289203694259],[-106.48241373192434,31.747601381880894],[-106.482379038388,31.747432824803528],[-106.48227148508221,31.746870412354163],[-106.48218220059425,31.746497003346917],[-106.48216162410611,31.746410943283024],[-106.48199627560518,31.745719402273188],[-106.48193719292264,31.745472296669845],[-106.4817471500796,31.744677457240456],[-106.48173846875517,31.744641143861521],[-106.48152790648668,31.743760466805416],[-106.48209438455781,31.743837155959341],[-106.48264254570572,31.743872862158113],[-106.4831207092943,31.743904007126137],[-106.48357764792406,31.743933767381559],[-106.48420045640471,31.743974328538147],[-106.48440399212609,31.742890708760726],[-106.48429811278615,31.742568720964261],[-106.48365835300065,31.740374017785776],[-106.48342749079684,31.739582011886291],[-106.48325844106282,31.739002057356501],[-106.48293040366397,31.738305652912494],[-106.48269315715325,31.737783182461339],[-106.4824311210123,31.737152312431334],[-106.48228971169364,31.736741455738809],[-106.4823096980395,31.736659328545979],[-106.48243517802879,31.736491736693552],[-106.48251538570482,31.736044636934384],[-106.48220755420132,31.734981841199978],[-106.48200834720858,31.734590648712523],[-106.48198213370463,31.734298777822225],[-106.4819209333296,31.733924754217195],[-106.48285587888597,31.733713618301284],[-106.4832414049398,31.733617743283652],[-106.4831341531107,31.733136218320301],[-106.48285630676206,31.732012806475574],[-106.4827368443656,31.731529775870101],[-106.48264629638751,31.7309892571901],[-106.48271365331304,31.730759706916974],[-106.48268322104821,31.730684366247523],[-106.48240816248153,31.730001527850046],[-106.48213929483019,31.729337758032091],[-106.48211521790381,31.729275445147767],[-106.48188694560359,31.728684653821084],[-106.48163961525979,31.728044530258728],[-106.48139380860601,31.727408338607731],[-106.48114800441918,31.726772146330752],[-106.48090625969111,31.726155459871922],[-106.48065599301671,31.725517023351646],[-106.48040668041281,31.72488101437024],[-106.48014599836483,31.724215986841621],[-106.47991461375508,31.72361505079261],[-106.47966520540183,31.722967296854641],[-106.47954138757814,31.722645714644734],[-106.47941545279254,31.722318636092879],[-106.47915854767818,31.721651389060582],[-106.47893238193716,31.72106397019197],[-106.47923270409889,31.720984672063832],[-106.47934282712167,31.720917871896777],[-106.47975804171008,31.720666003333633],[-106.48018452731509,31.72040729555588],[-106.48057426722434,31.720170874363191],[-106.48156951752952,31.719567133146342],[-106.48197113692845,31.719323499156328],[-106.48217022800233,31.719200438312299],[-106.48264610377414,31.718914035089409],[-106.48309795558502,31.718639919122658],[-106.48334328674157,31.718618074563235],[-106.48325364415483,31.71844336177686],[-106.48323124000719,31.717977543027605],[-106.48320883618111,31.717511724234619],[-106.48318574664334,31.717031652313008],[-106.48314271782012,31.71603765520949],[-106.48311831058632,31.715473835334429],[-106.48309609699778,31.714960671758426],[-106.4830561149394,31.713913216417627],[-106.48303256599469,31.713296289570042],[-106.48301613321807,31.712865760882522],[-106.48299536096847,31.712455950337894],[-106.48299369960968,31.7124231806431],[-106.48298381171783,31.712228088768136],[-106.48295939050317,31.711746268300239],[-106.48292225334731,31.7110135595561],[-106.48290099170666,31.710594077882682],[-106.48289381994809,31.710452581571904],[-106.48303327641594,31.710382799482179],[-106.48324974450604,31.710274481693716],[-106.48341325911944,31.710192660585992],[-106.48398946599008,31.709904329458809],[-106.4844055653231,31.709696112511732],[-106.48494673638892,31.709425306688704],[-106.48559326544139,31.709101773532939],[-106.48571449809398,31.709041106325291],[-106.48564701301019,31.708804301374379],[-106.48548139083647,31.708223130119546],[-106.48543330879545,31.708054407587955],[-106.48534620224093,31.707748742058815],[-106.48524655770166,31.707399080727395],[-106.48510468441432,31.706901227534157],[-106.4849520169313,31.70636549223552],[-106.48488584032799,31.706133263094689],[-106.48473583894514,31.705606872665253],[-106.48449891756378,31.704775441319182],[-106.48441187796813,31.704469989706958],[-106.48430035367072,31.704078608816822],[-106.48420141655262,31.703711620732285],[-106.48412799338658,31.70343927118078],[-106.48395563564218,31.702799933177165],[-106.48383614765592,31.702356700414885],[-106.48376746905055,31.702101941072563],[-106.48341669424171,31.702391977118999],[-106.48302016388516,31.702094752464575],[-106.48262363499173,31.701797526498037],[-106.48250453484049,31.701742799726805],[-106.48183687455978,31.701436004034282],[-106.48124013402771,31.700837294264126],[-106.48027537046718,31.700102564575957],[-106.47934369555698,31.699393014822412],[-106.47849305983829,31.700166071443956],[-106.47764241003532,31.700939122729167],[-106.47674466314182,31.701754953403199],[-106.47587959348574,31.702541070994048],[-106.47551525963355,31.702250054042743],[-106.47527603574568,31.70205896969874],[-106.4749816916905,31.701823854710039],[-106.4748772886723,31.7017404591268],[-106.47405577204975,31.701081489700449],[-106.47382454151743,31.700896008572219],[-106.47339067466864,31.700547978551622],[-106.47312557293709,31.700335323242495],[-106.47277396569542,31.700053274729843],[-106.47259665763703,31.699911041525638],[-106.47219538763403,31.699589149471244],[-106.47207573884542,31.699494522377343],[-106.47192075950611,31.699371953045226],[-106.47128608665672,31.698870000454683],[-106.47035416170519,31.698132938299455],[-106.46996687002785,31.697808750535636],[-106.46942225041471,31.697395869715429],[-106.46853446297575,31.696688142301326],[-106.46775520332505,31.696064005380908],[-106.46760594632342,31.695943296936623],[-106.46723780799378,31.696065053325313],[-106.46651566840711,31.696516450552593],[-106.46606552468361,31.696155245146041],[-106.46582867973801,31.695969761974194],[-106.4666565750434,31.695218618723217],[-106.46633188459796,31.694962319557003],[-106.46575025341409,31.694503195279875],[-106.46550259727971,31.694297062268753],[-106.46518632365347,31.69403381642331],[-106.46480674353381,31.693717873279088],[-106.46467370344993,31.693607137900532],[-106.46389901565853,31.692962316243705],[-106.46417568092184,31.692523972538321],[-106.46491745208641,31.692299727326489],[-106.4640854730562,31.69161499482523],[-106.46469304229399,31.69133656494844],[-106.46525589932907,31.691078621001488],[-106.46508633219183,31.690729253025491],[-106.46471145051986,31.690566423253713],[-106.46435049191786,31.690496884731214],[-106.46196414251071,31.690757859131573],[-106.45966078456607,31.691076846005217],[-106.45936345750144,31.691100496338343],[-106.45856649626229,31.691190605732281],[-106.45732170933071,31.691199051677991],[-106.45544640796989,31.691125014025019],[-106.45400629060946,31.691078217679824],[-106.45272482873033,31.691019827214586],[-106.45255892861171,31.691021617736723],[-106.45168623051117,31.691004730320824],[-106.45082809517194,31.690988119588738],[-106.45053840482537,31.691498173889258],[-106.45021411948716,31.691653603412821],[-106.45006538465057,31.691725608510314],[-106.44932163346581,31.69201785523153],[-106.44924509070528,31.692207703161756],[-106.44910903890815,31.692493449710387],[-106.44895576643835,31.692773531777743],[-106.44877805448183,31.693024592189008],[-106.44847224376237,31.693411883122472],[-106.4480595257653,31.693976181298517],[-106.44801281653342,31.693975525443879],[-106.44785441647439,31.693973299760685],[-106.44625258354496,31.693870801730487],[-106.44448810782052,31.693797570384788],[-106.44439524622869,31.693793715742157],[-106.44435216475146,31.69379192681933],[-106.44312321634882,31.693740905828427],[-106.44197965038261,31.693693418884088],[-106.44143580084757,31.693670831190246],[-106.44089087992141,31.693648197346349],[-106.44073156421457,31.6936415790314],[-106.43994881426123,31.693603753782938],[-106.43949435843382,31.692844374133156],[-106.43907520037371,31.692121706577986],[-106.43829537991999,31.690809311193],[-106.43716073781702,31.688929361266919],[-106.43711862481742,31.688962672179276],[-106.43708284421429,31.688988814019538],[-106.4370457302347,31.689015925293781],[-106.43658476654959,31.688274045686398],[-106.4361112528732,31.687154104618557],[-106.43605894220012,31.686881571796135],[-106.43596383673668,31.686280604137295],[-106.43506457142377,31.686270912237244],[-106.43437748000831,31.686264061884657],[-106.43366358943611,31.686257509982696],[-106.43336628761199,31.686259135842111],[-106.43290326517021,31.686261667686075],[-106.43242904289524,31.686264258687629],[-106.43217396067097,31.686265652042547],[-106.43196566430959,31.68631072874474],[-106.43155781310699,31.686390338519026],[-106.43138995608706,31.686442323297978],[-106.43133073932272,31.686460274810216],[-106.4312499386706,31.686490250828118],[-106.4312763436414,31.686514371611054],[-106.43129869003008,31.686557388191957],[-106.43139476074185,31.686746537357717],[-106.43048882213797,31.686787742163045],[-106.42999555279334,31.68681017468635],[-106.42988558743924,31.686815174782861],[-106.43037561524527,31.687285830196547],[-106.43005229626684,31.688002218701822],[-106.42944307843618,31.689581265049004],[-106.42896838625821,31.690754463445668],[-106.42881981015456,31.691105927742729],[-106.42879350947368,31.691169140183188],[-106.4287557408628,31.691263078480663],[-106.42874557932211,31.691285420035175],[-106.42771996023981,31.690954629396664],[-106.42706767720568,31.690873540829276],[-106.42592573347345,31.690702010985078],[-106.42465064212026,31.69052488856542],[-106.42440007381823,31.690494723857054],[-106.42439411928503,31.690983940252018],[-106.42444638607758,31.692611522983029],[-106.42444150768793,31.692674647738428],[-106.42444127293429,31.695213185817785],[-106.42445759490566,31.695319788538367],[-106.42444448417143,31.69590411341412],[-106.42444119880375,31.698573781812673],[-106.42444664115736,31.699973774858559],[-106.42444282491607,31.700081141015573],[-106.42443654116184,31.701098452235069],[-106.42444177986299,31.701798330649641],[-106.42443264885637,31.701915088357552],[-106.42443464549424,31.702045721406023],[-106.42446347660714,31.703789812896968],[-106.42446030909014,31.705867087569548],[-106.42449207761086,31.70599807259395],[-106.42456378982696,31.706626415667095],[-106.42461077730131,31.710366900582802],[-106.42459227429528,31.710481925324814],[-106.42455496745696,31.713801790541144],[-106.4246242873283,31.716471889841056],[-106.42438439495085,31.716351790885433],[-106.42296272477041,31.715640040712803],[-106.42164447894172,31.715088363386847],[-106.42024378726782,31.714508775888319],[-106.41972686929026,31.714367853887442],[-106.41885590476761,31.714149490007468],[-106.418708926741,31.714255792580445],[-106.41814965548348,31.714737923380767],[-106.41719221758522,31.71538867068611],[-106.41643889895501,31.715900671909708],[-106.41613862767116,31.716110678624982],[-106.41599585112677,31.716210532895371],[-106.41590041421321,31.716623442915029],[-106.41589169645916,31.716661157213444],[-106.4156712664747,31.717187782738389],[-106.41498513526604,31.717570167517039],[-106.41452168107666,31.717853670650438],[-106.41410195034439,31.71837804239274],[-106.41393914905072,31.718760177227644],[-106.41390451454569,31.71897455789146],[-106.41389107921718,31.719057721543304],[-106.41378365668466,31.719721130202071],[-106.41368963175567,31.720299651623467],[-106.41360323362184,31.720896918742721],[-106.41352227256066,31.721434228922472],[-106.41350534619163,31.721544837847969],[-106.41350720161245,31.721585308808997],[-106.41350267986648,31.721838436017961],[-106.41349727684951,31.72214092762967],[-106.41349574112434,31.722765499884659],[-106.4134860954388,31.723823270510774],[-106.41347674139692,31.724416544466248],[-106.41347508839553,31.724877347552734],[-106.41347463555302,31.725003462100165],[-106.41347157996805,31.72526375451725],[-106.41341482480352,31.725487154020222],[-106.41341388473725,31.725597305946625],[-106.41341262854777,31.726724029580019],[-106.41335170209538,31.72715007805111],[-106.413283164737,31.727629343456261],[-106.41304116872622,31.728663500092598],[-106.41291434083533,31.729368364584779],[-106.41280869333923,31.729287519922693],[-106.40669936164359,31.72793330434126],[-106.40754491362435,31.728563298658802],[-106.40747482308475,31.728563048861794],[-106.40733538517394,31.728571215514062],[-106.40728117043969,31.728575127582442],[-106.40626980171118,31.728600749281696],[-106.40628865883637,31.729070803751579],[-106.4063075151772,31.729540857289194],[-106.40497727585452,31.729534690814639],[-106.40491939606412,31.729534421378673],[-106.4049100698372,31.729617155435498],[-106.4048814933472,31.729870651381955],[-106.40407263924828,31.731418326602313],[-106.40337602193217,31.731420477117542],[-106.40323618539281,31.732066158891804],[-106.40320933611007,31.73219013031321],[-106.40162726240294,31.732049054708156],[-106.40057315669819,31.731833529041715],[-106.40051512631118,31.731821663715088],[-106.39964263005461,31.731428255774922],[-106.3985356003934,31.730688179953539],[-106.39823711127396,31.730503095212864],[-106.39722679662044,31.731890819369685],[-106.39659670286493,31.732763710273236],[-106.39571238276807,31.733981022017765],[-106.39517382412134,31.734734805284862],[-106.39478814480722,31.735269046345916],[-106.39402829297725,31.736321570067933],[-106.39362103441711,31.736885681323241],[-106.39330070840704,31.737329372275994],[-106.39327142618069,31.737371051869054],[-106.39320839572653,31.737460768240506],[-106.39315645235335,31.737536633424686],[-106.39306413632961,31.737666140329832],[-106.39255683037685,31.738388176367707],[-106.39445737882608,31.739188212097108],[-106.3953951448681,31.739832757395927],[-106.39616871733263,31.74032230922624],[-106.39644186290562,31.740545272537503],[-106.39671501082769,31.740768234304337],[-106.39780331734285,31.741374220510551],[-106.39874886955651,31.74181575590011],[-106.39958624682015,31.742240027192704],[-106.40080574225962,31.742955217763186],[-106.40154644105812,31.74340820681229],[-106.40276374107187,31.7439758390334],[-106.4043190472712,31.744770301791249],[-106.40542958813388,31.745412865953909],[-106.40604925999226,31.745710376912921],[-106.40657432919924,31.746174938194645],[-106.40755708540475,31.746929565502111],[-106.40827459114971,31.747272097634312],[-106.40888265593999,31.747514387251638],[-106.41010888734357,31.747952731608994],[-106.41075436924919,31.748119137771631],[-106.41142296785199,31.748518934092584],[-106.41182478683969,31.748653095820636],[-106.41215967053074,31.74905510369145],[-106.41224853439324,31.749125613193041],[-106.41233739945935,31.749196123518189],[-106.41251512785634,31.74933714218799],[-106.41309196443306,31.749653538754028],[-106.41377909882443,31.750125493389742],[-106.41469187659501,31.750530379463537],[-106.41551791116572,31.750908555485402],[-106.41621760433017,31.751140568036298],[-106.41647295626005,31.751253012044806],[-106.41672354594084,31.751407010165753],[-106.41702893641549,31.751615734393162],[-106.41735976231601,31.751722726441773],[-106.41772540464112,31.751797169658385],[-106.41883499324712,31.752204327321298],[-106.41943127000762,31.75237752597425],[-106.41988052565627,31.752464745755383],[-106.42069852432502,31.752667746492126],[-106.42095914175466,31.752770900496511],[-106.42150686288339,31.752944630872239],[-106.42204749924092,31.753007766637538],[-106.42276080071893,31.753068971798715],[-106.42358441802013,31.753285725483277],[-106.4282365611042,31.753729214324618],[-106.43415586305986,31.754800208411897],[-106.43757725458474,31.756334984862615],[-106.44672992544434,31.762265859483787],[-106.45109151077763,31.76317149394966],[-106.45603533849666,31.764197820254534]]]},"properties":{"OBJECTID":3,"DISTRITO_L":4,"Shape_Length":32793.015054233729,"Shape_Area":46310889.689066209}},{"type":"Feature","id":4,"geometry":{"type":"Polygon","coordinates":[[[-106.39255683037685,31.738388176367707],[-106.39306413632961,31.737666140329832],[-106.39315645235335,31.737536633424686],[-106.39320839572653,31.737460768240506],[-106.39327142618069,31.737371051869054],[-106.39330070840704,31.737329372275994],[-106.39362103441711,31.736885681323241],[-106.39402829297725,31.736321570067933],[-106.39478814480722,31.735269046345916],[-106.39517382412134,31.734734805284862],[-106.39571238276807,31.733981022017765],[-106.39659670286493,31.732763710273236],[-106.39722679662044,31.731890819369685],[-106.39823711127396,31.730503095212864],[-106.3985356003934,31.730688179953539],[-106.39964263005461,31.731428255774922],[-106.40051512631118,31.731821663715088],[-106.40057315669819,31.731833529041715],[-106.40162726240294,31.732049054708156],[-106.40320933611007,31.73219013031321],[-106.40323618539281,31.732066158891804],[-106.40337602193217,31.731420477117542],[-106.40407263924828,31.731418326602313],[-106.4048814933472,31.729870651381955],[-106.4049100698372,31.729617155435498],[-106.40491939606412,31.729534421378673],[-106.40497727585452,31.729534690814639],[-106.4063075151772,31.729540857289194],[-106.40628865883637,31.729070803751579],[-106.40626980171118,31.728600749281696],[-106.40728117043969,31.728575127582442],[-106.40733538517394,31.728571215514062],[-106.40747482308475,31.728563048861794],[-106.40754491362435,31.728563298658802],[-106.40669936164359,31.72793330434126],[-106.41280869333923,31.729287519922693],[-106.41291434083533,31.729368364584779],[-106.41304116872622,31.728663500092598],[-106.413283164737,31.727629343456261],[-106.41335170209538,31.72715007805111],[-106.41341262854777,31.726724029580019],[-106.41341388473725,31.725597305946625],[-106.41341482480352,31.725487154020222],[-106.41347157996805,31.72526375451725],[-106.41347463555302,31.725003462100165],[-106.41347508839553,31.724877347552734],[-106.41347674139692,31.724416544466248],[-106.4134860954388,31.723823270510774],[-106.41349574112434,31.722765499884659],[-106.41349727684951,31.72214092762967],[-106.41350267986648,31.721838436017961],[-106.41350720161245,31.721585308808997],[-106.41350534619163,31.721544837847969],[-106.41352227256066,31.721434228922472],[-106.41360323362184,31.720896918742721],[-106.41368963175567,31.720299651623467],[-106.41378365668466,31.719721130202071],[-106.41389107921718,31.719057721543304],[-106.41390451454569,31.71897455789146],[-106.41393914905072,31.718760177227644],[-106.41410195034439,31.71837804239274],[-106.41452168107666,31.717853670650438],[-106.41498513526604,31.717570167517039],[-106.4156712664747,31.717187782738389],[-106.41589169645916,31.716661157213444],[-106.41590041421321,31.716623442915029],[-106.41599585112677,31.716210532895371],[-106.41613862767116,31.716110678624982],[-106.41643889895501,31.715900671909708],[-106.41719221758522,31.71538867068611],[-106.41814965548348,31.714737923380767],[-106.418708926741,31.714255792580445],[-106.41885590476761,31.714149490007468],[-106.41972686929026,31.714367853887442],[-106.42024378726782,31.714508775888319],[-106.42164447894172,31.715088363386847],[-106.42296272477041,31.715640040712803],[-106.42438439495085,31.716351790885433],[-106.4246242873145,31.716471888939093],[-106.42455496745696,31.713801790541144],[-106.42459227429528,31.710481925324814],[-106.42461077730131,31.710366900582802],[-106.42456378982696,31.706626415667095],[-106.42449207761086,31.70599807259395],[-106.42446030909014,31.705867087569548],[-106.42446347660714,31.703789812896968],[-106.42443464549424,31.702045721406023],[-106.42443264885637,31.701915088357552],[-106.42444177986299,31.701798330649641],[-106.42443654116184,31.701098452235069],[-106.42444282491607,31.700081141015573],[-106.42444664115736,31.699973774858559],[-106.42444119880375,31.698573781812673],[-106.42444448417143,31.69590411341412],[-106.42445759490566,31.695319788538367],[-106.42444127293429,31.695213185817785],[-106.42444150768793,31.692674647738428],[-106.42444638607758,31.692611522983029],[-106.42439411928503,31.690983940252018],[-106.42440007381823,31.690494723857054],[-106.42465064212026,31.69052488856542],[-106.42592573347345,31.690702010985078],[-106.42706767720568,31.690873540829276],[-106.42771996023981,31.690954629396664],[-106.42874557932211,31.691285420035175],[-106.4287557408628,31.691263078480663],[-106.42879350947368,31.691169140183188],[-106.42881981015456,31.691105927742729],[-106.42896838625821,31.690754463445668],[-106.42944307843618,31.689581265049004],[-106.43005229626684,31.688002218701822],[-106.43037561524527,31.687285830196547],[-106.42988558743924,31.686815174782861],[-106.42999555279334,31.68681017468635],[-106.43048882213797,31.686787742163045],[-106.43139476074185,31.686746537357717],[-106.43129869003008,31.686557388191957],[-106.4312763436414,31.686514371611054],[-106.4312499386706,31.686490250828118],[-106.43133073932272,31.686460274810216],[-106.43138995608706,31.686442323297978],[-106.43155781310699,31.686390338519026],[-106.43196566430959,31.68631072874474],[-106.43217396067097,31.686265652042547],[-106.43242904289524,31.686264258687629],[-106.43290326517021,31.686261667686075],[-106.43336628761199,31.686259135842111],[-106.43366358943611,31.686257509982696],[-106.43437748000831,31.686264061884657],[-106.43506457142377,31.686270912237244],[-106.43596383673668,31.686280604137295],[-106.43591091448586,31.68588497328048],[-106.43588652724495,31.685581755896923],[-106.43592371065698,31.684795206559627],[-106.43596563378604,31.684476488750942],[-106.43601284041496,31.684180895356356],[-106.4362700534959,31.683278059568067],[-106.43642393079682,31.682771703692325],[-106.43653556434849,31.682331670283993],[-106.43686683956234,31.681038332221387],[-106.43717062235882,31.679869768242817],[-106.43736717116442,31.679138951903493],[-106.43740135757447,31.679065733920506],[-106.43741881855327,31.678985597677183],[-106.43766387325516,31.678037779247557],[-106.4376803168537,31.677850862172967],[-106.43784616567639,31.677272675248108],[-106.43796849071958,31.6768884167107],[-106.43813914082568,31.676301175022061],[-106.43818446946032,31.67621770875645],[-106.43825091001612,31.675986659208526],[-106.43812472973765,31.675980893009772],[-106.43715658722644,31.675936647194007],[-106.43719821617117,31.67482526015014],[-106.43728194447883,31.673445211659921],[-106.43732836228256,31.672680112441004],[-106.4367689443195,31.67265784387731],[-106.43613342163076,31.672633885726594],[-106.43553019643488,31.672611142340948],[-106.43490961751161,31.67258558369322],[-106.43429077403096,31.672560093618028],[-106.43361188511567,31.672532127007436],[-106.43297654642565,31.672511137873833],[-106.43277424645045,31.672504454099546],[-106.43218903521363,31.672485117188668],[-106.43154596746464,31.672463865789776],[-106.43093967052644,31.672443826077227],[-106.43033337267765,31.672423783486487],[-106.42973804699321,31.672401659281359],[-106.42914272042438,31.672379532300749],[-106.42848911796307,31.672355235141232],[-106.42790502562907,31.672333519635433],[-106.42772910729921,31.672326979083138],[-106.42726974036388,31.672309897948239],[-106.4266743068461,31.672287755202365],[-106.42603890059127,31.672264123310299],[-106.42524190052993,31.672234476109207],[-106.42510058429349,31.672229218731712],[-106.42516566405254,31.671829896218771],[-106.42532532367809,31.671210632783556],[-106.42547206327095,31.670603110919394],[-106.42549173303669,31.670516725964848],[-106.42574134624745,31.669737423452236],[-106.425917060828,31.669138150797288],[-106.42610925864554,31.668542207321309],[-106.42629339892576,31.667956894692878],[-106.42653775474287,31.667125055891024],[-106.42682962670301,31.666220606333905],[-106.42701906700391,31.665300391009616],[-106.42666341023354,31.665290199172986],[-106.42555512129125,31.665251160289476],[-106.42446431721535,31.665212728432682],[-106.42332231232409,31.66517248228773],[-106.42114294173163,31.66509438682434],[-106.42006708184618,31.665055820280283],[-106.41894477816412,31.665015579888504],[-106.41827981910008,31.664991732751275],[-106.4168937464453,31.665038455184998],[-106.41640960859982,31.665046643593367],[-106.41428631541278,31.665082534261281],[-106.41072557928794,31.665170134991698],[-106.40968211998536,31.665168146704755],[-106.40864667206164,31.665174456420196],[-106.40764293514432,31.665190662103864],[-106.40661341854214,31.665207275819558],[-106.40558390231109,31.66522388212681],[-106.40447258531604,31.665241077516161],[-106.40348749848717,31.665256318110881],[-106.40245456419207,31.665272290860965],[-106.40140559201791,31.665258485071785],[-106.40036553610824,31.665263756991521],[-106.39958439481693,31.665316463913268],[-106.39935221332865,31.665318475730881],[-106.39839079836568,31.665304198987162],[-106.3979155529654,31.665253192161263],[-106.39744761511623,31.665145254500864],[-106.3969575546196,31.665009168901442],[-106.39644880260106,31.66471096430649],[-106.39603232452866,31.664418704159022],[-106.3951879083251,31.663792565280044],[-106.39453011965495,31.663317427179855],[-106.39361258298472,31.662652564211946],[-106.39309808312618,31.662192176881899],[-106.39278936322833,31.661852350749811],[-106.3924749465174,31.661494035918665],[-106.39215531837119,31.661149689435845],[-106.39183698990423,31.660802655867791],[-106.39145671151162,31.660480193002513],[-106.39136365617257,31.660403427890007],[-106.39072244564549,31.659964128531819],[-106.38980831954173,31.659385089472163],[-106.38927590403375,31.659205060937271],[-106.38813709083182,31.658939503196084],[-106.3869839944019,31.658696963418631],[-106.3866902822391,31.658635227163963],[-106.38672360153174,31.65829201172896],[-106.38702281523358,31.656102014207999],[-106.38509841121585,31.655568994792485],[-106.38530958391566,31.654915225893099],[-106.3862696013839,31.65518493834189],[-106.38593051332414,31.65435818965333],[-106.38551237552106,31.654248922585825],[-106.38394561300798,31.653839669902087],[-106.38390815449451,31.653829883176648],[-106.38387069704294,31.653820096428522],[-106.38209071109019,31.653355073745772],[-106.38115485296825,31.65311056774145],[-106.38022488267868,31.652867591440003],[-106.37926139564223,31.652615850160739],[-106.37828281561887,31.652360156289959],[-106.37732854376004,31.652110804941806],[-106.37637427674662,31.651861446301428],[-106.37540766287272,31.651623158830713],[-106.37444105367182,31.651384863887689],[-106.37350124325361,31.651153167052911],[-106.37250631918323,31.650908617159487],[-106.37151224465404,31.650664266780982],[-106.37057048229313,31.650432766608471],[-106.36959961710667,31.650186605644556],[-106.36865035251304,31.649945912317012],[-106.36766023214071,31.649694852257166],[-106.36655387127065,31.649414305813661],[-106.36556667562465,31.649163967469789],[-106.36463381285398,31.6489250060886],[-106.3646109740319,31.64891915560322],[-106.36365951446365,31.648675421503281],[-106.36269609412881,31.648428615332204],[-106.36168201685236,31.648167862411167],[-106.36072333615706,31.647923213381674],[-106.35974317579016,31.647649147767204],[-106.35885426697803,31.647400589120132],[-106.35757411646732,31.647160558986219],[-106.35648601273193,31.646925558291059],[-106.35637079370046,31.64728599139201],[-106.35622763139897,31.647730816670208],[-106.35609689789899,31.648136785448926],[-106.3560737911712,31.648211065900153],[-106.35600793453483,31.64842341489296],[-106.35590225227124,31.648763916795801],[-106.35580792513092,31.649067823588791],[-106.35579209913871,31.649118814271418],[-106.35531929082595,31.650642109636891],[-106.35467451814984,31.652719368273967],[-106.35426497790425,31.654038729355477],[-106.35384201492296,31.655401296700788],[-106.35371065552762,31.655824461210933],[-106.35309132528995,31.657621593432509],[-106.35278032324283,31.658524011069062],[-106.35234838507884,31.659825553690339],[-106.35171132832484,31.661927896657058],[-106.35062736531876,31.665504856093278],[-106.3505997633836,31.665583501525095],[-106.35054897902327,31.66572819625981],[-106.35047626511104,31.665935369966494],[-106.35031247261772,31.666402042164453],[-106.35009032258955,31.66661799512395],[-106.34949973469951,31.66733816038651],[-106.34882645596139,31.667901691499491],[-106.34847582939852,31.66796218249932],[-106.34625011632521,31.668793989935793],[-106.34562098069964,31.669029104253553],[-106.34281847805896,31.670076377432554],[-106.34237857419056,31.670238170895384],[-106.34104609509393,31.670738659772717],[-106.34083844777855,31.670816249357145],[-106.33893419841782,31.67133656394811],[-106.33802227603934,31.67160171573925],[-106.33934090404863,31.67475541690882],[-106.34037007368497,31.67658409106555],[-106.34078260496108,31.677742128942555],[-106.34151830783259,31.679348173454034],[-106.34220304420333,31.681078886534067],[-106.34246602067341,31.681612274694256],[-106.34312743171729,31.682953778038371],[-106.34475150767909,31.686672052300459],[-106.34579981716027,31.688895454728769],[-106.34629230395537,31.690097766722928],[-106.34684752634729,31.691073711558179],[-106.34743600212788,31.692523278489428],[-106.34799679875256,31.693882853083394],[-106.34863679353305,31.695241587093047],[-106.34900388519888,31.695982522919081],[-106.34946434273486,31.696790180175189],[-106.35066924661263,31.697962361030143],[-106.35206804988547,31.69885034688118],[-106.35292168916713,31.699461973528795],[-106.35408232443289,31.700307322440725],[-106.3558678661969,31.701461998834091],[-106.3590791170751,31.703526839421176],[-106.35995792305718,31.704047868361798],[-106.36065179975319,31.704559579312743],[-106.36201169547613,31.705481721300483],[-106.36282404866756,31.705969584382633],[-106.36345179865707,31.706470701772577],[-106.36442486315589,31.707114826134219],[-106.36586418979395,31.708047360617318],[-106.36628637117001,31.708327910027162],[-106.36670855506766,31.708608457954924],[-106.3670128977986,31.708811022449765],[-106.36731724080028,31.709013587087604],[-106.36876916131223,31.709900811893494],[-106.3698350212066,31.710566467697429],[-106.37042390647193,31.711113106374832],[-106.3712903110268,31.711679327994624],[-106.37218528447296,31.712391940910674],[-106.37253372820548,31.712841653055456],[-106.3730062735473,31.713426821950197],[-106.37333525946757,31.713787577185315],[-106.37362730897507,31.714204067350753],[-106.3738379790275,31.714589152912261],[-106.37399287880585,31.71485033247837],[-106.37407315104917,31.715172264748048],[-106.37419226865543,31.715567559542588],[-106.37425622544042,31.715880444402536],[-106.37436818206423,31.716155920130124],[-106.37447562987808,31.716491392816256],[-106.37449691363992,31.716837016708812],[-106.37459330362228,31.717154163141831],[-106.37471768421892,31.717540177375415],[-106.37485188930512,31.717903401166186],[-106.37497054847775,31.718224546019211],[-106.37502487900974,31.718615927892902],[-106.37519289106191,31.719033750836296],[-106.37530143596516,31.719442992931324],[-106.3754234386107,31.719667633751804],[-106.37543285024931,31.719939603170584],[-106.37546855097729,31.720165176044301],[-106.37562550720494,31.720564672221684],[-106.37579291381158,31.720940998488775],[-106.3757550055727,31.721296483837378],[-106.37593470034537,31.721774127796127],[-106.3760052875634,31.722169944098166],[-106.37617256254531,31.722537048013294],[-106.37630570102992,31.722784625309572],[-106.37646150706146,31.723105738890304],[-106.3764875826988,31.72340980803763],[-106.37657791002171,31.723680904177272],[-106.37665410169997,31.724090494059872],[-106.37673767345562,31.724269434677556],[-106.37677850114588,31.724476505368262],[-106.37684192738419,31.724752502479586],[-106.37696441949595,31.725009417029884],[-106.37711715684542,31.725487349158001],[-106.37717081984057,31.725832622976455],[-106.37730505721893,31.726153968295499],[-106.3773781852026,31.726356078091101],[-106.37739408883999,31.72670175981186],[-106.37741935045131,31.726950500545168],[-106.37764358496328,31.727519887341384],[-106.37778069230521,31.728034878798425],[-106.37808878668244,31.728437348621604],[-106.3784184614813,31.728839584222115],[-106.37870607602962,31.729316055953007],[-106.37906361921168,31.730142234223973],[-106.37918106604623,31.730290851131731],[-106.37929851327426,31.730439468819156],[-106.37956948435641,31.730782350275916],[-106.3803810111247,31.731658945836074],[-106.38169023388633,31.7326223679603],[-106.38235386446706,31.732984079906384],[-106.38301750013997,31.733345789130819],[-106.38384490380867,31.733834834174488],[-106.3841513001054,31.734080976190846],[-106.38441281601837,31.734289801586065],[-106.38523666711653,31.734539084920112],[-106.38586740641762,31.734864245018954],[-106.3866065961882,31.735225113256615],[-106.38725974964065,31.735605358074636],[-106.38781648748454,31.736032763951378],[-106.38819722346082,31.736236127730052],[-106.388577962143,31.736439491207417],[-106.38934871834118,31.736744661569087],[-106.39006635651748,31.737105744097835],[-106.39034009813201,31.737370216503376],[-106.3908094392992,31.73772477962293],[-106.39142791210092,31.737948596045968],[-106.39255683037685,31.738388176367707]]]},"properties":{"OBJECTID":4,"DISTRITO_L":5,"Shape_Length":34324.558992868129,"Shape_Area":53202797.769685999}},{"type":"Feature","id":5,"geometry":{"type":"Polygon","coordinates":[[[-106.47587959348574,31.702541070994048],[-106.47674466314182,31.701754953403199],[-106.47764241003532,31.700939122729167],[-106.47849305983829,31.700166071443956],[-106.47934369555698,31.699393014822412],[-106.48027537046718,31.700102564575957],[-106.48124013402771,31.700837294264126],[-106.48183687455978,31.701436004034282],[-106.48250453484049,31.701742799726805],[-106.48262363499173,31.701797526498037],[-106.48302016388516,31.702094752464575],[-106.48341669424171,31.702391977118999],[-106.48376746905055,31.702101941072563],[-106.48372322769153,31.701937831308676],[-106.48357231498707,31.701378018180282],[-106.4834080794791,31.700768781969327],[-106.48440112703391,31.700403851892993],[-106.48455393211131,31.700806977432475],[-106.48503744019486,31.700969239769151],[-106.48564988896085,31.701145980171667],[-106.48592905962579,31.700098800320468],[-106.48643482121814,31.699960532081342],[-106.48658035596461,31.699924020234558],[-106.48695798446923,31.699829280131041],[-106.48719334235616,31.699907914255768],[-106.4877457656676,31.700092480282738],[-106.48829852501493,31.700258509281824],[-106.4888233655452,31.70041614678491],[-106.48925679086139,31.700546326788771],[-106.48930997329157,31.700562299481902],[-106.48972411456185,31.700686685295871],[-106.49022898731029,31.700838320397697],[-106.49057783214589,31.700917448420093],[-106.49078208442259,31.700963778501222],[-106.49087715258474,31.700985342653166],[-106.49126510409191,31.701049722452616],[-106.49129157479013,31.701054114522144],[-106.49138769062866,31.701141333381848],[-106.49196316780414,31.701242311622266],[-106.49253864717708,31.701343287212286],[-106.49290525179781,31.701407612356331],[-106.49435830669184,31.701662555620398],[-106.49542176764751,31.70184912943564],[-106.49668421327453,31.702071911930027],[-106.496857091328,31.698907931027591],[-106.49707146235909,31.696427239661908],[-106.49749840461445,31.691486387475297],[-106.49975705511528,31.688343566139853],[-106.4996468861508,31.688102496395079],[-106.49954475771305,31.686846822338772],[-106.49958836021383,31.685801496968502],[-106.49976572669775,31.684854808628319],[-106.50047929474316,31.683089210531705],[-106.50123694513742,31.681214447741336],[-106.50142425426067,31.680435430779699],[-106.50139712086722,31.679652723435048],[-106.50106322912748,31.678774194727477],[-106.50062456672173,31.678180736600744],[-106.5001424642992,31.677687693884252],[-106.49932922544255,31.677141530895241],[-106.49905540798736,31.676834024128205],[-106.49869765527281,31.676151439637778],[-106.49837730927653,31.675283181624806],[-106.49803510178869,31.674262244687217],[-106.49801800406996,31.673780771820724],[-106.49813082360775,31.673095900266659],[-106.49835659663842,31.672561907677593],[-106.49787563986004,31.6707961100985],[-106.49709911904102,31.668118830272672],[-106.49718644778589,31.667654179371421],[-106.49696957780571,31.667295602579316],[-106.49633316246542,31.667104451012051],[-106.49565511273445,31.666949896770312],[-106.4949961484667,31.666668722522274],[-106.49424437502758,31.665865004634767],[-106.49325870257721,31.664955683256338],[-106.49099711000197,31.663465417329093],[-106.49051911787362,31.663830325056971],[-106.49052055492309,31.663920309890305],[-106.49067359609323,31.664278528350852],[-106.4906206459405,31.664477150549281],[-106.49050629427737,31.664784492000788],[-106.49037772299499,31.665079999846991],[-106.49018025512726,31.665454312500003],[-106.49005986783206,31.66538371730244],[-106.48989962076035,31.665013582688353],[-106.48953336087813,31.664921856975422],[-106.48865717152077,31.664796274555503],[-106.48816833139871,31.664726207202786],[-106.48674889562808,31.664960335970918],[-106.48655779736156,31.664854560714257],[-106.48575137804261,31.664875953919967],[-106.48568733948073,31.664378690844615],[-106.48355545945138,31.664182152755089],[-106.48250013757061,31.664088760275291],[-106.48116977535136,31.663971014140127],[-106.47983579633309,31.6638529333656],[-106.47988632166445,31.663274975309921],[-106.47931027919797,31.663223446178769],[-106.47810438280867,31.662181375705611],[-106.47778002598869,31.66190107806819],[-106.47737957484959,31.661563635302794],[-106.4771623723866,31.661380605653729],[-106.47685110137293,31.661118305949113],[-106.47558782311346,31.660041699110021],[-106.47537232683726,31.660321705050258],[-106.47445241005337,31.65947027650677],[-106.4742423347094,31.659275668385753],[-106.47398818225085,31.659058176862374],[-106.47386450518313,31.658952341937077],[-106.47355520827965,31.658678166455203],[-106.47324685395282,31.658430454878673],[-106.47151471749154,31.656985687607776],[-106.47111544060985,31.656652642549467],[-106.47055026631945,31.656181212422737],[-106.46990147323859,31.655640023994703],[-106.46990451359777,31.655001967178073],[-106.47035509513408,31.654620848355158],[-106.47075481833316,31.654282742450224],[-106.47118563882813,31.653918330733202],[-106.47158559224522,31.65358002208993],[-106.47199454184637,31.653234101216842],[-106.47238197906312,31.652906373580141],[-106.47288177001124,31.652441710753006],[-106.47181657330428,31.651900378090915],[-106.4713418439879,31.651639944305636],[-106.47077901735794,31.651331176690409],[-106.469738062555,31.650754944995402],[-106.46868745888379,31.650194350566373],[-106.4676397926162,31.649609704101561],[-106.46659402217935,31.64903985652381],[-106.46602490229508,31.649550680659139],[-106.46561578417963,31.649901902487422],[-106.46520248829427,31.650256705427338],[-106.46478300321726,31.650616820197307],[-106.46470303555827,31.650685468430321],[-106.46447210091057,31.650937201425354],[-106.46426107460526,31.651167231156116],[-106.46400421725411,31.651447217673969],[-106.46378268960392,31.651489773218117],[-106.46362731382925,31.651524901384029],[-106.46356989634472,31.651592250174843],[-106.46346900218134,31.651870174417024],[-106.46301641847452,31.651841825666395],[-106.462601673016,31.651746735648924],[-106.46185501065446,31.651611906255194],[-106.46145810665553,31.651580028288123],[-106.46102245430325,31.651502434153443],[-106.46058781503493,31.651770173543426],[-106.45973546328641,31.651613021794045],[-106.45962694126524,31.651499634367212],[-106.45957013168432,31.651296446891308],[-106.45958748631261,31.65122604530027],[-106.45965819393389,31.650939219057708],[-106.45972388921213,31.650672725669498],[-106.4597910626985,31.650400231716048],[-106.45984556126157,31.650179154384549],[-106.45991359386272,31.649903172040798],[-106.45941131404089,31.649821120265354],[-106.45898626432154,31.649751681690464],[-106.45848607722908,31.649669967663339],[-106.45803598246223,31.649596434232862],[-106.45751882483938,31.649511943261786],[-106.45703882295373,31.649433520179851],[-106.456479647753,31.649342159779479],[-106.45599157433774,31.649262413955533],[-106.45547038353287,31.649177255176099],[-106.45506313888113,31.649110711685871],[-106.45451442330811,31.649021050988935],[-106.45410314232201,31.64895384586919],[-106.45362800895114,31.648876204141217],[-106.45324498690782,31.648813612443185],[-106.45298324292855,31.648770842725689],[-106.44988993398546,31.648117687120063],[-106.44962294542511,31.649421743823503],[-106.44930552229768,31.650753360775131],[-106.44895158148252,31.652233294412977],[-106.44699998899692,31.651566722532159],[-106.44674823299863,31.651480731720341],[-106.44519713643798,31.65096140432356],[-106.44497601839883,31.650887369441016],[-106.44448077813604,31.650721550630163],[-106.44118575507258,31.649618226373917],[-106.43788569662753,31.648513103067483],[-106.43694848916401,31.648199231202351],[-106.43661539554107,31.648186132622527],[-106.43587829920868,31.648157144805438],[-106.43434824437648,31.648102818886933],[-106.43400218861352,31.64809052941203],[-106.43352751361479,31.647936038236555],[-106.43339252547678,31.647892102838409],[-106.43307654562858,31.648557328970213],[-106.43301192168671,31.648730783987581],[-106.43270295344091,31.649450582615351],[-106.4326307758348,31.649609899678435],[-106.43229692189051,31.650415941741475],[-106.43202226919713,31.650317776392363],[-106.43167317898587,31.651066413808987],[-106.43130897891176,31.651827733740244],[-106.43091063348633,31.652847380248538],[-106.43031949062511,31.65436048921115],[-106.42945303559107,31.657125926616708],[-106.42936968093007,31.657393841351055],[-106.42933149265008,31.657511466732782],[-106.4295211876086,31.657562654202859],[-106.42938563484826,31.658016553891034],[-106.42923282419956,31.658528232470371],[-106.42895485936138,31.659655849284281],[-106.42879041827342,31.660261447366889],[-106.42846590348837,31.661217884380363],[-106.4280681068801,31.662611449898584],[-106.42773224658386,31.663556785322321],[-106.42747172129118,31.664431225149396],[-106.4272100637956,31.66530945058043],[-106.42701906700391,31.665300391009616],[-106.42682962670301,31.666220606333905],[-106.42653775474287,31.667125055891024],[-106.42629339892576,31.667956894692878],[-106.42610925864554,31.668542207321309],[-106.425917060828,31.669138150797288],[-106.42574134624745,31.669737423452236],[-106.42549173303669,31.670516725964848],[-106.42547206327095,31.670603110919394],[-106.42532532367809,31.671210632783556],[-106.42516566405254,31.671829896218771],[-106.42510058429349,31.672229218731712],[-106.42524190052993,31.672234476109207],[-106.42603890059127,31.672264123310299],[-106.4266743068461,31.672287755202365],[-106.42726974036388,31.672309897948239],[-106.42772910729921,31.672326979083138],[-106.42790502562907,31.672333519635433],[-106.42848911796307,31.672355235141232],[-106.42914272042438,31.672379532300749],[-106.42973804699321,31.672401659281359],[-106.43033337267765,31.672423783486487],[-106.43093967052644,31.672443826077227],[-106.43154596746464,31.672463865789776],[-106.43218903521363,31.672485117188668],[-106.43277424645045,31.672504454099546],[-106.43297654642565,31.672511137873833],[-106.43361188511567,31.672532127007436],[-106.43429077403096,31.672560093618028],[-106.43490961751161,31.67258558369322],[-106.43553019643488,31.672611142340948],[-106.43613342163076,31.672633885726594],[-106.4367689443195,31.67265784387731],[-106.43732836228256,31.672680112441004],[-106.43728194447883,31.673445211659921],[-106.43719821617117,31.67482526015014],[-106.43715658722644,31.675936647194007],[-106.43812472973765,31.675980893009772],[-106.43825091001612,31.675986659208526],[-106.43818446946032,31.67621770875645],[-106.43813914082568,31.676301175022061],[-106.43796849071958,31.6768884167107],[-106.43784616567639,31.677272675248108],[-106.4376803168537,31.677850862172967],[-106.43766387325516,31.678037779247557],[-106.43741881855327,31.678985597677183],[-106.43740135757447,31.679065733920506],[-106.43736717116442,31.679138951903493],[-106.43717062235882,31.679869768242817],[-106.43686683956234,31.681038332221387],[-106.43653556434849,31.682331670283993],[-106.43642393079682,31.682771703692325],[-106.4362700534959,31.683278059568067],[-106.43601284041496,31.684180895356356],[-106.43596563378604,31.684476488750942],[-106.43592371065698,31.684795206559627],[-106.43588652724495,31.685581755896923],[-106.43591091448586,31.68588497328048],[-106.43596383673668,31.686280604137295],[-106.43605894220012,31.686881571796135],[-106.4361112528732,31.687154104618557],[-106.43658476654959,31.688274045686398],[-106.4370457302347,31.689015925293781],[-106.43708284421429,31.688988814019538],[-106.43711862481742,31.688962672179276],[-106.43716073781702,31.688929361266919],[-106.43829537991999,31.690809311193],[-106.43907520037371,31.692121706577986],[-106.43949435843382,31.692844374133156],[-106.43994881426123,31.693603753782938],[-106.44073156421457,31.6936415790314],[-106.44089087992141,31.693648197346349],[-106.44143580084757,31.693670831190246],[-106.44197965038261,31.693693418884088],[-106.44312321634882,31.693740905828427],[-106.44435216475146,31.69379192681933],[-106.44439524622869,31.693793715742157],[-106.44448810782052,31.693797570384788],[-106.44625258354496,31.693870801730487],[-106.44785441647439,31.693973299760685],[-106.44801281653342,31.693975525443879],[-106.4480595257653,31.693976181298517],[-106.44847224376237,31.693411883122472],[-106.44877805448183,31.693024592189008],[-106.44895576643835,31.692773531777743],[-106.44910903890815,31.692493449710387],[-106.44924509070528,31.692207703161756],[-106.44932163346581,31.69201785523153],[-106.45006538465057,31.691725608510314],[-106.45021411948716,31.691653603412821],[-106.45053840482537,31.691498173889258],[-106.45082809517194,31.690988119588738],[-106.45168623051117,31.691004730320824],[-106.45255892861171,31.691021617736723],[-106.45272482873033,31.691019827214586],[-106.45400629060946,31.691078217679824],[-106.45544640796989,31.691125014025019],[-106.45732170933071,31.691199051677991],[-106.45856649626229,31.691190605732281],[-106.45936345750144,31.691100496338343],[-106.45966078456607,31.691076846005217],[-106.46196414251071,31.690757859131573],[-106.46435049191786,31.690496884731214],[-106.46471145051986,31.690566423253713],[-106.46508633219183,31.690729253025491],[-106.46525589932907,31.691078621001488],[-106.46469304229399,31.69133656494844],[-106.4640854730562,31.69161499482523],[-106.46491745208641,31.692299727326489],[-106.46417568092184,31.692523972538321],[-106.46389901565853,31.692962316243705],[-106.46467370344993,31.693607137900532],[-106.46480674353381,31.693717873279088],[-106.46518632365347,31.69403381642331],[-106.46550259727971,31.694297062268753],[-106.46575025341409,31.694503195279875],[-106.46633188459796,31.694962319557003],[-106.4666565750434,31.695218618723217],[-106.46582867973801,31.695969761974194],[-106.46606552468361,31.696155245146041],[-106.46651566840711,31.696516450552593],[-106.46723780799378,31.696065053325313],[-106.46760594632342,31.695943296936623],[-106.46775520332505,31.696064005380908],[-106.46853446297575,31.696688142301326],[-106.46942225041471,31.697395869715429],[-106.46996687002785,31.697808750535636],[-106.47035416170519,31.698132938299455],[-106.47128608665672,31.698870000454683],[-106.47192075950611,31.699371953045226],[-106.47207573884542,31.699494522377343],[-106.47219538763403,31.699589149471244],[-106.47259665763703,31.699911041525638],[-106.47277396569542,31.700053274729843],[-106.47312557293709,31.700335323242495],[-106.47339067466864,31.700547978551622],[-106.47382454151743,31.700896008572219],[-106.47405577204975,31.701081489700449],[-106.4748772886723,31.7017404591268],[-106.4749816916905,31.701823854710039],[-106.47527603574568,31.70205896969874],[-106.47551525963355,31.702250054042743],[-106.47587959348574,31.702541070994048]]]},"properties":{"OBJECTID":5,"DISTRITO_L":6,"Shape_Length":26652.689392729302,"Shape_Area":28265593.831986658}},{"type":"Feature","id":6,"geometry":{"type":"Polygon","coordinates":[[[-106.4272100637956,31.66530945058043],[-106.42747172129118,31.664431225149396],[-106.42773224658386,31.663556785322321],[-106.4280681068801,31.662611449898584],[-106.42846590348837,31.661217884380363],[-106.42879041827342,31.660261447366889],[-106.42895485936138,31.659655849284281],[-106.42923282419956,31.658528232470371],[-106.42938563484826,31.658016553891034],[-106.4295211876086,31.657562654202859],[-106.42933149265008,31.657511466732782],[-106.42936968093007,31.657393841351055],[-106.42945303559107,31.657125926616708],[-106.43031949062511,31.65436048921115],[-106.43091063348633,31.652847380248538],[-106.43130897891176,31.651827733740244],[-106.43167317898587,31.651066413808987],[-106.43202226919713,31.650317776392363],[-106.43229692189051,31.650415941741475],[-106.4326307758348,31.649609899678435],[-106.43270295344091,31.649450582615351],[-106.43301192168671,31.648730783987581],[-106.43307654562858,31.648557328970213],[-106.43339252547678,31.647892102838409],[-106.43325753747467,31.647848168195331],[-106.43333122897725,31.647685607856321],[-106.43366017685145,31.646951527603559],[-106.43432696616209,31.645488992109506],[-106.43593825140896,31.642082002498757],[-106.4381210200568,31.637343966484099],[-106.44001041214338,31.633148841552806],[-106.44273405664208,31.62713535966709],[-106.44302116188729,31.626500532515468],[-106.44365122903652,31.625110278339687],[-106.44414622508231,31.624053219525415],[-106.44446460425959,31.6233086534424],[-106.44488760839882,31.622397069597284],[-106.44579038285255,31.620513272270802],[-106.4474439904558,31.616843287746548],[-106.44835180498569,31.614882304545663],[-106.4489904448355,31.613502717427036],[-106.45008371199515,31.611140949454359],[-106.45173386952179,31.60757590880603],[-106.4514207851231,31.607193864964938],[-106.45142403439877,31.606956475910916],[-106.44920220527864,31.606888164836015],[-106.44614180552375,31.606796914867797],[-106.44088812612678,31.606640095530722],[-106.43504568912137,31.606354433153459],[-106.43142488399415,31.606345897519976],[-106.4288451591049,31.606268168870344],[-106.42830071334403,31.606275316960176],[-106.42765810944715,31.606266124030995],[-106.42555411507993,31.606176918037452],[-106.42323850719605,31.606112431423103],[-106.42118619893812,31.606056819632943],[-106.42089411273398,31.606051420082359],[-106.41764402898565,31.605991287983908],[-106.41700344902148,31.605970998687521],[-106.41252779456785,31.605821844216514],[-106.40689361154223,31.60566862590715],[-106.40030814788899,31.605467361293641],[-106.3977893271063,31.605390291116329],[-106.39765207793403,31.605357630918469],[-106.39721091673398,31.607420489840376],[-106.39639247257925,31.611564913727165],[-106.39599612454445,31.614037208374977],[-106.39576313285329,31.615254311733718],[-106.3957528207026,31.615331992762012],[-106.39563292372122,31.615797071231551],[-106.39456950610523,31.620862367782355],[-106.393440892181,31.626035649181812],[-106.39329604772432,31.626660831203576],[-106.39325564296084,31.626835226665101],[-106.39313614247727,31.627351006855118],[-106.3923991453421,31.630680749578588],[-106.39206420166161,31.632227345683233],[-106.39151327179215,31.635502288482165],[-106.39096509992642,31.637587074612878],[-106.39058090855728,31.639282883490843],[-106.39034612857229,31.640664406034045],[-106.3902870762731,31.64101188156523],[-106.39001526173385,31.642063977446188],[-106.38998902582321,31.642222272573605],[-106.38998252541539,31.642261495922561],[-106.38993731924674,31.642534250995691],[-106.38981053285572,31.643086097560541],[-106.38973305453734,31.643425372948389],[-106.38873632824519,31.647789828036789],[-106.38870637941693,31.647933327112412],[-106.38856827703819,31.648595048964069],[-106.38839504304696,31.649425088962804],[-106.38815096436903,31.650594554520399],[-106.38791566768604,31.651721918111701],[-106.38782403227684,31.652160961729994],[-106.38773684926403,31.652585075630398],[-106.38768143573587,31.652854638968762],[-106.38743205910347,31.654067742363068],[-106.38737691846934,31.654335976471703],[-106.38726189058659,31.654895518970847],[-106.38720158482948,31.655196638750621],[-106.38715785155726,31.655415008159647],[-106.38702281523358,31.656102014207999],[-106.38672360154514,31.658292012630927],[-106.3866902822391,31.658635227163963],[-106.3869839944019,31.658696963418631],[-106.38813709083182,31.658939503196084],[-106.38927590403375,31.659205060937271],[-106.38980831954173,31.659385089472163],[-106.39072244564549,31.659964128531819],[-106.39136365617257,31.660403427890007],[-106.39145671151162,31.660480193002513],[-106.39183698990423,31.660802655867791],[-106.39215531837119,31.661149689435845],[-106.3924749465174,31.661494035918665],[-106.39278936322833,31.661852350749811],[-106.39309808312618,31.662192176881899],[-106.39361258298472,31.662652564211946],[-106.39453011965495,31.663317427179855],[-106.3951879083251,31.663792565280044],[-106.39603232452866,31.664418704159022],[-106.39644880260106,31.66471096430649],[-106.3969575546196,31.665009168901442],[-106.39744761511623,31.665145254500864],[-106.3979155529654,31.665253192161263],[-106.39839079836568,31.665304198987162],[-106.39935221332865,31.665318475730881],[-106.39958439481693,31.665316463913268],[-106.40036553610824,31.665263756991521],[-106.40140559201791,31.665258485071785],[-106.40245456419207,31.665272290860965],[-106.40348749848717,31.665256318110881],[-106.40447258531604,31.665241077516161],[-106.40558390231109,31.66522388212681],[-106.40661341854214,31.665207275819558],[-106.40764293514432,31.665190662103864],[-106.40864667206164,31.665174456420196],[-106.40968211998536,31.665168146704755],[-106.41072557928794,31.665170134991698],[-106.41428631541278,31.665082534261281],[-106.41640960859982,31.665046643593367],[-106.4168937464453,31.665038455184998],[-106.41827981910008,31.664991732751275],[-106.41894477816412,31.665015579888504],[-106.42006708184618,31.665055820280283],[-106.42114294173163,31.66509438682434],[-106.42332231232409,31.66517248228773],[-106.42446431721535,31.665212728432682],[-106.42555512129125,31.665251160289476],[-106.42666341023354,31.665290199172986],[-106.42701906700391,31.665300391009616],[-106.4272100637956,31.66530945058043]]]},"properties":{"OBJECTID":6,"DISTRITO_L":7,"Shape_Length":22170.648919663818,"Shape_Area":29089753.092445973}},{"type":"Feature","id":7,"geometry":{"type":"Polygon","coordinates":[[[-106.33802227603934,31.67160171573925],[-106.33893419841782,31.67133656394811],[-106.34083844777855,31.670816249357145],[-106.34104609509393,31.670738659772717],[-106.34237857419056,31.670238170895384],[-106.34281847805896,31.670076377432554],[-106.34562098069964,31.669029104253553],[-106.34625011632521,31.668793989935793],[-106.34847582939852,31.66796218249932],[-106.34882645596139,31.667901691499491],[-106.34949973469951,31.66733816038651],[-106.35009032258955,31.66661799512395],[-106.35031247261772,31.666402042164453],[-106.35047626511104,31.665935369966494],[-106.35054897902327,31.66572819625981],[-106.3505997633836,31.665583501525095],[-106.35062736531876,31.665504856093278],[-106.35171132832484,31.661927896657058],[-106.35234838507884,31.659825553690339],[-106.35278032324283,31.658524011069062],[-106.35309132528995,31.657621593432509],[-106.35371065552762,31.655824461210933],[-106.35384201493603,31.655401297602769],[-106.35426497790425,31.654038729355477],[-106.35467451813675,31.652719367371994],[-106.35531929082595,31.650642109636891],[-106.35579209913871,31.649118814271418],[-106.35580792513092,31.649067823588791],[-106.35590225121683,31.648763916807003],[-106.35600793558922,31.648423414881751],[-106.3560737911712,31.648211065900153],[-106.35609689789899,31.648136785448926],[-106.35622763139897,31.647730816670208],[-106.35637079370046,31.64728599139201],[-106.35648601273193,31.646925558291059],[-106.35669949301534,31.646238713145078],[-106.35670674698991,31.64621525045473],[-106.3568971303681,31.645599495539617],[-106.35709548932839,31.644957934360644],[-106.35710165236533,31.644938002405695],[-106.35730200189822,31.644289994847732],[-106.35750907713677,31.643643186511383],[-106.35771614966622,31.642996377855905],[-106.3579247325934,31.642344847339412],[-106.35813816440188,31.641690701058199],[-106.35835820454426,31.641016291987597],[-106.35857744622363,31.640344321328886],[-106.35880509173695,31.639646583848275],[-106.35901207058417,31.639012179035486],[-106.35923013446823,31.638343792146046],[-106.35933773609953,31.638021817186143],[-106.35942868282719,31.637749677478201],[-106.35945279414697,31.637677529129025],[-106.35964916738222,31.637089914479507],[-106.35984115507746,31.636515417023411],[-106.36007356203292,31.635819962073775],[-106.36032899558209,31.635055586682423],[-106.36055263567445,31.634386345987046],[-106.36078052935568,31.633704363138641],[-106.36100080590872,31.63304516829546],[-106.36122287485993,31.632380598074754],[-106.36144204623317,31.631724689825607],[-106.36154178953076,31.631407242401504],[-106.36168014303048,31.630930951267029],[-106.36179030799286,31.630551695709602],[-106.36193601027809,31.63005009454546],[-106.36209278025093,31.629782861845921],[-106.36235581495589,31.62962173705376],[-106.36308228316352,31.629188151309418],[-106.36377844348996,31.62875027094336],[-106.36465781618077,31.628211573633131],[-106.36431805420818,31.627857498790149],[-106.36401782148987,31.627559921619664],[-106.36368549599277,31.627213920674198],[-106.36337804273654,31.626904673438403],[-106.36304667094679,31.626572775978392],[-106.36271081589685,31.626231146484777],[-106.36235013936577,31.625868951884655],[-106.36230326139018,31.625814528385266],[-106.36194173470457,31.625448829674394],[-106.36165163692156,31.625153733846112],[-106.36131358103539,31.62480897098866],[-106.36099865855157,31.624487796377437],[-106.36066664052321,31.624151749458029],[-106.36025664551622,31.62373467586692],[-106.36172165623663,31.622741922903863],[-106.36486466746304,31.620449961598901],[-106.36428183084293,31.619874412693765],[-106.36116926107107,31.616756891065659],[-106.35870905886215,31.614212853185371],[-106.36039512638101,31.61277248189084],[-106.35918229053655,31.611840624469526],[-106.35904523966764,31.611987029560431],[-106.35819216668938,31.61124565194093],[-106.35801818233558,31.610388430753563],[-106.35785385900567,31.609980876378028],[-106.3571440280688,31.60881353856001],[-106.35823266056175,31.60765824822774],[-106.35864131948114,31.607224558287047],[-106.35904754447327,31.606793445981324],[-106.35945844642852,31.606357364270032],[-106.35986934457937,31.605921281315673],[-106.36028472081402,31.605486788539604],[-106.3606769542081,31.60507649955861],[-106.3607113657568,31.605040501843284],[-106.36098587247909,31.604753355414292],[-106.36159812310527,31.60411290349062],[-106.36232352706354,31.603353984070214],[-106.36305097587021,31.602562944040191],[-106.36335004451497,31.602280223397734],[-106.36352163613194,31.602100717041665],[-106.36451198259543,31.601064672251702],[-106.36490613654196,31.600715937995652],[-106.36518482138585,31.600418820231248],[-106.36559105572945,31.599935771416259],[-106.36603748427926,31.599468717333114],[-106.36635324038755,31.599138370620228],[-106.36684793983063,31.598620804554265],[-106.36636670301843,31.598183668114004],[-106.36584581557707,31.597710506193778],[-106.36534394203649,31.59725460928906],[-106.3643360183317,31.596415560373682],[-106.36392629770634,31.59606585988017],[-106.36351657908963,31.595716157978032],[-106.36339475475428,31.595613099816735],[-106.36287683752302,31.59514168139043],[-106.36226787941116,31.594643383995493],[-106.36158139437626,31.594033108406872],[-106.36107367857296,31.593582504574094],[-106.36052911916745,31.593163389000367],[-106.3599719880819,31.59261436460368],[-106.35938283669159,31.592140361569019],[-106.35871720775482,31.591607302334062],[-106.35820455284646,31.591192347629296],[-106.35777543808071,31.590766811394232],[-106.35769428167269,31.590705492282432],[-106.35727736374633,31.590390480125755],[-106.35688834734202,31.590062872442566],[-106.35600807101309,31.589344760796155],[-106.35545236908173,31.589165769111435],[-106.35415842296322,31.58987160025697],[-106.3530252347341,31.588768384871091],[-106.35137146727075,31.587158291213846],[-106.35132301677709,31.586988192732726],[-106.35113660551136,31.586819552384963],[-106.35094358694383,31.586880217236125],[-106.35078640138144,31.586987305249824],[-106.35031214938503,31.587153708824175],[-106.35003167604366,31.587277446764872],[-106.34994925745858,31.587390192999205],[-106.34986015783387,31.587452119937478],[-106.34936958370496,31.587612540020174],[-106.34885732613857,31.587785523748384],[-106.34879748004083,31.587722513274677],[-106.3485821588107,31.587749367423889],[-106.34784488122132,31.587963398103732],[-106.34766035709566,31.588068389146439],[-106.34755366149069,31.588072899346457],[-106.34672073056387,31.588387753683477],[-106.34647641138218,31.588457828651194],[-106.34632994622666,31.588514622027606],[-106.34617808888289,31.588547575625718],[-106.34409610323522,31.589146860156067],[-106.34178527904493,31.589606280900796],[-106.34164519592011,31.589815883627853],[-106.34143947114076,31.589838794632353],[-106.34120772542144,31.589737475004878],[-106.34109761402755,31.589666005172305],[-106.34028252216892,31.589932385025328],[-106.34001081997897,31.590054161703495],[-106.33814549814065,31.590617486850675],[-106.33772067565221,31.590444170721323],[-106.3361809225817,31.589079694484042],[-106.3343337000895,31.587435042566753],[-106.33175957996599,31.588391994671316],[-106.33100825174526,31.588645409057854],[-106.32989462023572,31.588997185531305],[-106.32921135857397,31.589252081228821],[-106.32778171104236,31.589732845044615],[-106.3252177889073,31.590648254473098],[-106.32419843382763,31.590966069905758],[-106.32206193727735,31.591748503558964],[-106.31649625268082,31.593820063374611],[-106.31619822689548,31.593809338920625],[-106.31535089131803,31.594310723578538],[-106.31428188876914,31.5949330696453],[-106.3140226957176,31.595117114883891],[-106.31348849303539,31.595440318535335],[-106.31244379833576,31.596052141462255],[-106.3123733600092,31.59624501906325],[-106.31060098021761,31.597308963362238],[-106.31117368175819,31.598156353418528],[-106.31081552772044,31.598343777060887],[-106.30982055061915,31.598926153792455],[-106.30911847180353,31.599393683340121],[-106.30859505518512,31.599716391105694],[-106.30841765783154,31.599866540382745],[-106.30832537012172,31.599995562155417],[-106.30849472909468,31.60085868160958],[-106.30830419321148,31.600925244856466],[-106.3070809418878,31.60163888119482],[-106.30560781338616,31.602326270740022],[-106.30552691444662,31.60236083915623],[-106.30453475430262,31.602784786664351],[-106.30479080649403,31.604095548270323],[-106.30480306117076,31.604158280883635],[-106.30480837096418,31.60421204779319],[-106.30507096968925,31.606165790468623],[-106.30509466657746,31.606525274850977],[-106.3052208060253,31.607536986764998],[-106.30530006927216,31.607869780141076],[-106.30544794666987,31.608091306087342],[-106.30590375029728,31.608647111143718],[-106.30574388742757,31.608739182442832],[-106.30546751580671,31.608904811629831],[-106.30513409534228,31.609104626697448],[-106.30494218854288,31.609299308939864],[-106.3047427318652,31.609428742049914],[-106.30307569135589,31.610401744534677],[-106.30295762142673,31.610475336152849],[-106.30289741759034,31.610507079284517],[-106.30274842675097,31.610585635743515],[-106.30266219726379,31.610631101329655],[-106.30268677063071,31.610752288303399],[-106.30279291541434,31.612692287506807],[-106.30279075117274,31.614430247491899],[-106.30275121200215,31.61537862730118],[-106.30269378905103,31.616936586330066],[-106.30284105592364,31.618041056286302],[-106.302702315001,31.619441848105243],[-106.3027446773134,31.619833079074237],[-106.30285367611995,31.620839687068486],[-106.3030725251724,31.621401721320066],[-106.30443863823439,31.623800080494213],[-106.30463581859844,31.624146520292069],[-106.30628199566222,31.627036632988041],[-106.30643158115829,31.627299234672112],[-106.30704753331793,31.628380574411654],[-106.3074750845947,31.628940527908636],[-106.30874045903651,31.630597722402893],[-106.31134388517745,31.633776039047628],[-106.31220071374347,31.634749948494214],[-106.31236699466605,31.634938947685121],[-106.31306021902849,31.63576718127424],[-106.3149682607517,31.638252876984264],[-106.31805744227583,31.642170866746547],[-106.32605839522762,31.651951309805906],[-106.3264125775779,31.652737596832388],[-106.32938269188101,31.657942981831066],[-106.33095218503007,31.660228867525092],[-106.33138063145644,31.660677554925201],[-106.33221123564776,31.661547384545504],[-106.3338294959962,31.66242673060647],[-106.33401902664187,31.662763305288312],[-106.33427513815047,31.662992040592396],[-106.33460695842589,31.663134155012536],[-106.33469999282596,31.6639702665566],[-106.33483686951142,31.66459424169301],[-106.33503076619935,31.665235469281029],[-106.33526166008031,31.665695746744575],[-106.335522220939,31.666105852219165],[-106.33575311952656,31.666566128605492],[-106.33606220989921,31.66695787454789],[-106.33610663491922,31.667295965077816],[-106.33621734817093,31.667655932310335],[-106.33647415635957,31.668082080226675],[-106.33657765914474,31.668859674867221],[-106.33670222644763,31.669173734683739],[-106.33691670337679,31.669499378101186],[-106.33725413540415,31.670026245947842],[-106.33757692187685,31.670451699698855],[-106.33781010683234,31.671069939978459],[-106.33802227603934,31.67160171573925]]]},"properties":{"OBJECTID":7,"DISTRITO_L":8,"Shape_Length":26480.165452144356,"Shape_Area":36523749.990122087}},{"type":"Feature","id":8,"geometry":{"type":"Polygon","coordinates":[[[-106.38702281523358,31.656102014207999],[-106.38715785155726,31.655415008159647],[-106.38720158482948,31.655196638750621],[-106.38726189058659,31.654895518970847],[-106.38737691846934,31.654335976471703],[-106.38743205910347,31.654067742363068],[-106.38768143573587,31.652854638968762],[-106.38773684926403,31.652585075630398],[-106.38782403227684,31.652160961729994],[-106.38791566768604,31.651721918111701],[-106.38815096436903,31.650594554520399],[-106.38839504304696,31.649425088962804],[-106.38856827703819,31.648595048964069],[-106.38870637941693,31.647933327112412],[-106.38873632824519,31.647789828036789],[-106.38973305453734,31.643425372948389],[-106.38981053285572,31.643086097560541],[-106.38993731924674,31.642534250995691],[-106.38998252541539,31.642261495922561],[-106.38998902582321,31.642222272573605],[-106.39001526173385,31.642063977446188],[-106.3902870762731,31.64101188156523],[-106.39034612857229,31.640664406034045],[-106.39058090855728,31.639282883490843],[-106.39096509992642,31.637587074612878],[-106.39151327179215,31.635502288482165],[-106.39206420166161,31.632227345683233],[-106.3923991453421,31.630680749578588],[-106.39313614247727,31.627351006855118],[-106.39325564296084,31.626835226665101],[-106.39329604772432,31.626660831203576],[-106.393440892181,31.626035649181812],[-106.39456950610523,31.620862367782355],[-106.39563292372122,31.615797071231551],[-106.3957528207026,31.615331992762012],[-106.39576313285329,31.615254311733718],[-106.39599612454445,31.614037208374977],[-106.39639247257925,31.611564913727165],[-106.39721091673398,31.607420489840376],[-106.39765207793403,31.605357630918469],[-106.39795305047477,31.60395278955399],[-106.39856381334745,31.603568406318182],[-106.39900270697666,31.603008557791583],[-106.39997523792779,31.60213384919658],[-106.40094776765008,31.601259137932427],[-106.40258055236939,31.599826417927478],[-106.40270738410096,31.599715126767521],[-106.40356789198556,31.598996308368605],[-106.40409663777886,31.598519399170637],[-106.40378993044325,31.598227379776013],[-106.40479212901454,31.597340952808292],[-106.40609671417963,31.596283460639249],[-106.40525694153186,31.595595745398466],[-106.40496664968956,31.595312367094085],[-106.40498738433863,31.59520868984491],[-106.40497701654647,31.595115383495841],[-106.40492517963663,31.595001338930153],[-106.4048664294308,31.594956413787159],[-106.40476966540149,31.594911486269378],[-106.40465216682682,31.594942588745454],[-106.40457786559945,31.594977147569917],[-106.40409534187913,31.594557261586537],[-106.40436187455863,31.594316656677904],[-106.40455702616921,31.594140483062169],[-106.40500825516051,31.593735894534067],[-106.40611110456339,31.592756591981587],[-106.40646566794139,31.592241016942605],[-106.40612213328147,31.592250818497075],[-106.4052519384056,31.592180399513971],[-106.40386564166629,31.592106996808262],[-106.40289215427151,31.592055443181941],[-106.40278524011265,31.592049780991733],[-106.40151296399114,31.591982391485715],[-106.40102048485677,31.591956302347739],[-106.39980774079585,31.591892049834936],[-106.39969579573568,31.59188611812051],[-106.39846020604143,31.591820642552992],[-106.39789947973813,31.591790237464675],[-106.39613624774324,31.591694613115742],[-106.39573250891343,31.59167271363933],[-106.39566191119388,31.591668884134826],[-106.39358118003274,31.591556000791577],[-106.39312012589417,31.591531038509899],[-106.39265312789044,31.591505651308946],[-106.39221193662659,31.591481708715204],[-106.39177074656891,31.591457763677347],[-106.3913016549938,31.591444993313598],[-106.39045080776157,31.591386108102803],[-106.39118075441495,31.590640243610846],[-106.39132078122918,31.590497079763654],[-106.39140736569996,31.590408672765058],[-106.39176850160254,31.590039647110505],[-106.39195286007761,31.589847457531899],[-106.39226092893001,31.589526302275321],[-106.39239608680873,31.589401428476112],[-106.39098994279885,31.588903132087729],[-106.38919735442991,31.587804065913446],[-106.38714553109816,31.585855619022162],[-106.38606708886527,31.584881929310562],[-106.38417655852167,31.583227887659707],[-106.38394877734413,31.583054087909929],[-106.38270397316629,31.581989702616529],[-106.38250198246887,31.581816985061465],[-106.3810343173421,31.580531621289069],[-106.37977434473625,31.581043718684743],[-106.37818285748956,31.582409247505083],[-106.37809140334488,31.582476269249799],[-106.37804659482542,31.582496582973189],[-106.37799469307799,31.582544394980939],[-106.37795877907351,31.582577479712796],[-106.37660899225938,31.583792457162581],[-106.37624600228291,31.584111111655538],[-106.37588277170664,31.584413488944485],[-106.37555067102547,31.584677540821577],[-106.37520653031596,31.584985135174254],[-106.37487490340904,31.585281716177647],[-106.37436121647691,31.585699691351742],[-106.37452720776459,31.585779306856526],[-106.37445361770116,31.585948318149423],[-106.37425864116862,31.586053513638312],[-106.37415698862928,31.586038311066684],[-106.3738353745573,31.586364964958221],[-106.37347366824619,31.586667338141829],[-106.37311008225615,31.58697255687942],[-106.37277875913131,31.587256283110289],[-106.37240218121595,31.587584758169697],[-106.37205157862334,31.58788748267515],[-106.37179328123972,31.588099890626506],[-106.37108997330945,31.588719461796348],[-106.37083592728199,31.58941096734177],[-106.37041221855483,31.589914522918473],[-106.36995457559816,31.590330061011546],[-106.36952830374427,31.590704197508359],[-106.36908583978872,31.591064818247023],[-106.3687079260642,31.591465809636457],[-106.36836198527355,31.591866449357408],[-106.36801524261335,31.592212353266518],[-106.36927969660434,31.593354041493935],[-106.36963551081284,31.593659569254839],[-106.3708910556862,31.594774660368444],[-106.37098101416859,31.594853966615418],[-106.37062605623099,31.595176270532978],[-106.37027109585279,31.595498573517826],[-106.37008054840038,31.595649729918168],[-106.36990075714797,31.595835665656164],[-106.36952643300137,31.596177162139053],[-106.36920886498407,31.596466877272032],[-106.36886291594878,31.596782482647498],[-106.36857952789873,31.597041010800996],[-106.36849966241192,31.597113870183524],[-106.36770843430949,31.597835741301576],[-106.36694949771908,31.59852814972578],[-106.36684793983063,31.598620804554265],[-106.36635324038755,31.599138370620228],[-106.36603748427926,31.599468717333114],[-106.36559105572945,31.599935771416259],[-106.36518482138585,31.600418820231248],[-106.36490613654196,31.600715937995652],[-106.36451198259543,31.601064672251702],[-106.36352163613194,31.602100717041665],[-106.36335004451497,31.602280223397734],[-106.36305097587021,31.602562944040191],[-106.36232352706354,31.603353984070214],[-106.36159812310527,31.60411290349062],[-106.36098587247909,31.604753355414292],[-106.3607113657568,31.605040501843284],[-106.3606769542081,31.60507649955861],[-106.36028472081402,31.605486788539604],[-106.35986934457937,31.605921281315673],[-106.35945844642852,31.606357364270032],[-106.35904754447327,31.606793445981324],[-106.35864131948114,31.607224558287047],[-106.35823266056175,31.60765824822774],[-106.3571440280688,31.60881353856001],[-106.35785385900567,31.609980876378028],[-106.35801818233558,31.610388430753563],[-106.35819216668938,31.61124565194093],[-106.35904523966764,31.611987029560431],[-106.35918229053655,31.611840624469526],[-106.36039512638101,31.61277248189084],[-106.35870905886215,31.614212853185371],[-106.36116926107107,31.616756891065659],[-106.36428183084293,31.619874412693765],[-106.36486466746304,31.620449961598901],[-106.36172165623663,31.622741922903863],[-106.36025664551622,31.62373467586692],[-106.36066664052321,31.624151749458029],[-106.36099865855157,31.624487796377437],[-106.36131358103539,31.62480897098866],[-106.36165163692156,31.625153733846112],[-106.36194173470457,31.625448829674394],[-106.36230326139018,31.625814528385266],[-106.36235013936577,31.625868951884655],[-106.36271081589685,31.626231146484777],[-106.36304667094679,31.626572775978392],[-106.36337804273654,31.626904673438403],[-106.36368549599277,31.627213920674198],[-106.36401782148987,31.627559921619664],[-106.36431805420818,31.627857498790149],[-106.36465781618077,31.628211573633131],[-106.36377844348996,31.62875027094336],[-106.36308228316352,31.629188151309418],[-106.36235581495589,31.62962173705376],[-106.36209278025093,31.629782861845921],[-106.36193601027809,31.63005009454546],[-106.36179030799286,31.630551695709602],[-106.36168014303048,31.630930951267029],[-106.36154178953076,31.631407242401504],[-106.36144204623317,31.631724689825607],[-106.36122287485993,31.632380598074754],[-106.36100080590872,31.63304516829546],[-106.36078052935568,31.633704363138641],[-106.36055263567445,31.634386345987046],[-106.36032899558209,31.635055586682423],[-106.36007356203292,31.635819962073775],[-106.35984115507746,31.636515417023411],[-106.35964916738222,31.637089914479507],[-106.35945279414697,31.637677529129025],[-106.35942868282719,31.637749677478201],[-106.35933773609953,31.638021817186143],[-106.35923013446823,31.638343792146046],[-106.35901207058417,31.639012179035486],[-106.35880509173695,31.639646583848275],[-106.35857744622363,31.640344321328886],[-106.35835820454426,31.641016291987597],[-106.35813816440188,31.641690701058199],[-106.3579247325934,31.642344847339412],[-106.35771614966622,31.642996377855905],[-106.35750907713677,31.643643186511383],[-106.35730200189822,31.644289994847732],[-106.35710165236533,31.644938002405695],[-106.35709548932839,31.644957934360644],[-106.3568971303681,31.645599495539617],[-106.35670674698991,31.64621525045473],[-106.35669949301534,31.646238713145078],[-106.35648601273193,31.646925558291059],[-106.35757411646732,31.647160558986219],[-106.35885426697803,31.647400589120132],[-106.35974317579016,31.647649147767204],[-106.36072333615706,31.647923213381674],[-106.36168201685236,31.648167862411167],[-106.36269609412881,31.648428615332204],[-106.36365951446365,31.648675421503281],[-106.3646109740319,31.64891915560322],[-106.36463381285398,31.6489250060886],[-106.36556667562465,31.649163967469789],[-106.36655387127065,31.649414305813661],[-106.36766023214071,31.649694852257166],[-106.36865035251304,31.649945912317012],[-106.36959961710667,31.650186605644556],[-106.37057048229313,31.650432766608471],[-106.37151224465404,31.650664266780982],[-106.37250631918323,31.650908617159487],[-106.37350124325361,31.651153167052911],[-106.37444105367182,31.651384863887689],[-106.37540766287272,31.651623158830713],[-106.37637427674662,31.651861446301428],[-106.37732854376004,31.652110804941806],[-106.37828281561887,31.652360156289959],[-106.37926139564223,31.652615850160739],[-106.38022488267868,31.652867591440003],[-106.38115485296825,31.65311056774145],[-106.38209071109019,31.653355073745772],[-106.38387069704294,31.653820096428522],[-106.38390815449451,31.653829883176648],[-106.38394561300798,31.653839669902087],[-106.38551237552106,31.654248922585825],[-106.38593051332414,31.65435818965333],[-106.3862696013839,31.65518493834189],[-106.38530958391566,31.654915225893099],[-106.38509841121585,31.655568994792485],[-106.38702281523358,31.656102014207999]]]},"properties":{"OBJECTID":8,"DISTRITO_L":9,"Shape_Length":23831.342385030846,"Shape_Area":22541971.887076929}},{"type":"Feature","id":9,"geometry":{"type":"Polygon","coordinates":[[[-106.30274842675097,31.610585635743515],[-106.30289741759034,31.610507079284517],[-106.30295762142673,31.610475336152849],[-106.30307569135589,31.610401744534677],[-106.3047427318652,31.609428742049914],[-106.30494218854288,31.609299308939864],[-106.30513409534228,31.609104626697448],[-106.30546751580671,31.608904811629831],[-106.30574388742757,31.608739182442832],[-106.30590375029728,31.608647111143718],[-106.30544794666987,31.608091306087342],[-106.30530006927216,31.607869780141076],[-106.3052208060253,31.607536986764998],[-106.30509466657746,31.606525274850977],[-106.30507096968925,31.606165790468623],[-106.30480837096418,31.60421204779319],[-106.30480306117076,31.604158280883635],[-106.30479080649403,31.604095548270323],[-106.30453475430262,31.602784786664351],[-106.30552691444662,31.60236083915623],[-106.30560781338616,31.602326270740022],[-106.3070809418878,31.60163888119482],[-106.30830419321148,31.600925244856466],[-106.30849472909468,31.60085868160958],[-106.30832537012172,31.599995562155417],[-106.30841765783154,31.599866540382745],[-106.30859505518512,31.599716391105694],[-106.30911847180353,31.599393683340121],[-106.30982055061915,31.598926153792455],[-106.31081552772044,31.598343777060887],[-106.31117368175819,31.598156353418528],[-106.31060098021761,31.597308963362238],[-106.3123733600092,31.59624501906325],[-106.31244379833576,31.596052141462255],[-106.31348849303539,31.595440318535335],[-106.3140226957176,31.595117114883891],[-106.31428188876914,31.5949330696453],[-106.31535089131803,31.594310723578538],[-106.31619822689548,31.593809338920625],[-106.31649625268082,31.593820063374611],[-106.3220619372901,31.591748504460963],[-106.32419843382763,31.590966069905758],[-106.3252177889073,31.590648254473098],[-106.32778171104236,31.589732845044615],[-106.32921135857397,31.589252081228821],[-106.32989462023572,31.588997185531305],[-106.33100825174526,31.588645409057854],[-106.33175957996599,31.588391994671316],[-106.3343337000895,31.587435042566753],[-106.3361809225817,31.589079694484042],[-106.33772067565221,31.590444170721323],[-106.33814549814065,31.590617486850675],[-106.34001081997897,31.590054161703495],[-106.34028252216892,31.589932385025328],[-106.34109761402755,31.589666005172305],[-106.34120772542144,31.589737475004878],[-106.34143947114076,31.589838794632353],[-106.34164519592011,31.589815883627853],[-106.34178527904493,31.589606280900796],[-106.34409610323522,31.589146860156067],[-106.34617808888289,31.588547575625718],[-106.34632994622666,31.588514622027606],[-106.34647641138218,31.588457828651194],[-106.34672073056387,31.588387753683477],[-106.34755366149069,31.588072899346457],[-106.34766035709566,31.588068389146439],[-106.34784488122132,31.587963398103732],[-106.3485821588107,31.587749367423889],[-106.34879748004083,31.587722513274677],[-106.34885732613857,31.587785523748384],[-106.34936958370496,31.587612540020174],[-106.34986015783387,31.587452119937478],[-106.34994925745858,31.587390192999205],[-106.35003167604366,31.587277446764872],[-106.35031214938503,31.587153708824175],[-106.35078640138144,31.586987305249824],[-106.35094358694383,31.586880217236125],[-106.35113660551136,31.586819552384963],[-106.35132301677709,31.586988192732726],[-106.35137146727075,31.587158291213846],[-106.3530252347341,31.588768384871091],[-106.35415842296322,31.58987160025697],[-106.35545236908173,31.589165769111435],[-106.35600807101309,31.589344760796155],[-106.35688834734202,31.590062872442566],[-106.35727736374633,31.590390480125755],[-106.35769428167269,31.590705492282432],[-106.35777543808071,31.590766811394232],[-106.35820455284646,31.591192347629296],[-106.35871720775482,31.591607302334062],[-106.35938283669159,31.592140361569019],[-106.3599719880819,31.59261436460368],[-106.36052911916745,31.593163389000367],[-106.36107367857296,31.593582504574094],[-106.36158139437626,31.594033108406872],[-106.36226787941116,31.594643383995493],[-106.36287683752302,31.59514168139043],[-106.36339475475428,31.595613099816735],[-106.36351657908963,31.595716157978032],[-106.36392629770634,31.59606585988017],[-106.3643360183317,31.596415560373682],[-106.36534394203649,31.59725460928906],[-106.36584581557707,31.597710506193778],[-106.36636670301843,31.598183668114004],[-106.36684793983063,31.598620804554265],[-106.36694949771908,31.59852814972578],[-106.36770843430949,31.597835741301576],[-106.36849966241192,31.597113870183524],[-106.36857952789873,31.597041010800996],[-106.36886291594878,31.596782482647498],[-106.36920886498407,31.596466877272032],[-106.36952643300137,31.596177162139053],[-106.36990075714797,31.595835665656164],[-106.37008054840038,31.595649729918168],[-106.37027109585279,31.595498573517826],[-106.37062605623099,31.595176270532978],[-106.37098101416859,31.594853966615418],[-106.3708910556862,31.594774660368444],[-106.36963551081284,31.593659569254839],[-106.36927969660434,31.593354041493935],[-106.36801524261335,31.592212353266518],[-106.36836198527355,31.591866449357408],[-106.3687079260642,31.591465809636457],[-106.36908583978872,31.591064818247023],[-106.36952830374427,31.590704197508359],[-106.36995457559816,31.590330061011546],[-106.37041221855483,31.589914522918473],[-106.37083592728199,31.58941096734177],[-106.37108997330945,31.588719461796348],[-106.37179328123972,31.588099890626506],[-106.37205157862334,31.58788748267515],[-106.37240218121595,31.587584758169697],[-106.37277875913131,31.587256283110289],[-106.37311008225615,31.58697255687942],[-106.37347366824619,31.586667338141829],[-106.3738353745573,31.586364964958221],[-106.37415698862928,31.586038311066684],[-106.37425864116862,31.586053513638312],[-106.37445361770116,31.585948318149423],[-106.37452720776459,31.585779306856526],[-106.37436121647691,31.585699691351742],[-106.37487490340904,31.585281716177647],[-106.37520653031596,31.584985135174254],[-106.37555067102547,31.584677540821577],[-106.37588277170664,31.584413488944485],[-106.37624600228291,31.584111111655538],[-106.37660899225938,31.583792457162581],[-106.37795877907351,31.582577479712796],[-106.37799469307799,31.582544394980939],[-106.37804659482542,31.582496582973189],[-106.37809140334488,31.582476269249799],[-106.37818285748956,31.582409247505083],[-106.37977434473625,31.581043718684743],[-106.3810343173421,31.580531621289069],[-106.38250198246887,31.581816985061465],[-106.38270397316629,31.581989702616529],[-106.38394877734413,31.583054087909929],[-106.38417655852167,31.583227887659707],[-106.38606708886527,31.584881929310562],[-106.38714553109816,31.585855619022162],[-106.38919735442991,31.587804065913446],[-106.39098994279885,31.588903132087729],[-106.39239608680873,31.589401428476112],[-106.39282067643842,31.589009143651921],[-106.3946866843165,31.587336771532087],[-106.39475846937317,31.587269284336688],[-106.39502883872055,31.586993553480532],[-106.39527882585621,31.586738607551197],[-106.39552160844721,31.586491008209432],[-106.39578621515544,31.586221148385338],[-106.39665962638048,31.585282514605314],[-106.39680532569037,31.585150940992072],[-106.39689366242548,31.585071168858708],[-106.39695233582449,31.585018183739852],[-106.39754938946773,31.584479008506847],[-106.39768107271757,31.584360089692389],[-106.39781275563342,31.584241170749728],[-106.39814650140775,31.583871435831014],[-106.39900509289824,31.583002191661105],[-106.39904972579184,31.582957024640908],[-106.399325302458,31.582669586111777],[-106.39989924145728,31.582355085030557],[-106.40032319244541,31.582022598838652],[-106.4012126319756,31.581751108243822],[-106.40157166513295,31.581522281419112],[-106.40157249962672,31.581467500172987],[-106.39750893514848,31.578366064199511],[-106.39758264755709,31.578290193569639],[-106.3976730837591,31.578210768753944],[-106.39787069891455,31.578204478066649],[-106.39808857991895,31.578154913513856],[-106.39826803587769,31.577784335949655],[-106.39762880682727,31.577267078905557],[-106.39755812141692,31.577232355425629],[-106.39659163999957,31.577226539706764],[-106.39654649298355,31.576765582797343],[-106.39537928521948,31.576768277059575],[-106.3953217560322,31.576765314821596],[-106.39432015399655,31.575899765235864],[-106.39398010455484,31.576195631281422],[-106.39377077762164,31.576397839749809],[-106.39370023566228,31.576463540136341],[-106.39360491219517,31.576559091268308],[-106.39343192156575,31.576432565497651],[-106.39326788744698,31.576323129921406],[-106.39282524300836,31.575992234995109],[-106.39242037835912,31.575692330511192],[-106.39309846619463,31.575057193228922],[-106.39318970765883,31.574949388369724],[-106.39305774784349,31.573219370078803],[-106.39307723651223,31.573156195931119],[-106.3940266469899,31.572249629361082],[-106.39395650387708,31.572183451735945],[-106.39387630263482,31.572074739635379],[-106.39384492623053,31.57202159332742],[-106.39373833811963,31.571917870782375],[-106.39358791123578,31.571781981167369],[-106.39354102427677,31.571738788318299],[-106.39314930290992,31.571401387327942],[-106.39278526288138,31.5710596157239],[-106.39238885891811,31.570735657992071],[-106.39298425465346,31.570177382806467],[-106.39301527202794,31.570068782983927],[-106.3929982136498,31.56919588895958],[-106.39294844301354,31.56914055405721],[-106.39247723648297,31.568723118325256],[-106.39285602751602,31.568411666776193],[-106.3932034086009,31.568127051844098],[-106.39347925295444,31.567793315164792],[-106.39456595926661,31.56695563409626],[-106.3948317157857,31.567019674977264],[-106.39537500451969,31.566206993926265],[-106.39569328799907,31.565824859573993],[-106.39595232255738,31.565636899118036],[-106.39612137029717,31.565352535381251],[-106.39644164959812,31.564971307509438],[-106.39669301941444,31.564585498569524],[-106.39698318073987,31.564431682219993],[-106.39768370477884,31.563571167385284],[-106.39645133613593,31.56258242528682],[-106.39708666678581,31.562198333431098],[-106.39717833327694,31.562131666935617],[-106.39727166639939,31.562065000199102],[-106.3973683331627,31.56199333347946],[-106.39746666655071,31.561921667411326],[-106.39756666696871,31.561848333964278],[-106.39766666617594,31.561775000454237],[-106.39776999960267,31.561698334054896],[-106.39787333284605,31.56162166667405],[-106.39798000050557,31.56154500063144],[-106.39808500017112,31.561468333802207],[-106.39819166641395,31.561391666700786],[-106.39829833332826,31.561311667069472],[-106.39840666680669,31.561231667160698],[-106.39851333335353,31.561151667358619],[-106.39862166646155,31.561071667276359],[-106.39873166717967,31.560991666898275],[-106.39884333341014,31.560911667145227],[-106.39895333310783,31.560830000374587],[-106.39906500040436,31.56074833330123],[-106.3991749997286,31.560666667250935],[-106.39928666663521,31.560584999993154],[-106.39939833335956,31.560503333544407],[-106.3995099998882,31.56042166700276],[-106.39962000014319,31.560341666786879],[-106.39972999955471,31.560260000270297],[-106.39983833375575,31.560180000073451],[-106.39994666633585,31.560101666924691],[-106.40005333344217,31.560021666766595],[-106.40015833354835,31.559946667196932],[-106.40025666685806,31.559874999940202],[-106.40035166687935,31.559806667282363],[-106.40044500002827,31.559738333873852],[-106.40053666632213,31.559670000620169],[-106.40062999995168,31.559598333737526],[-106.40072666688251,31.559526667247834],[-106.40082666641969,31.559453334031637],[-106.40092999960331,31.559378334069901],[-106.40103500007109,31.559300000457302],[-106.40114333379577,31.559221667209808],[-106.40125166696573,31.55914500009639],[-106.40135499983603,31.559068333585799],[-106.40145500049374,31.558994999878333],[-106.40155499995419,31.558921667009916],[-106.40165499960941,31.55884666694357],[-106.40175333309166,31.55877333324781],[-106.40185500019544,31.558698333687843],[-106.40195833383449,31.558623333813184],[-106.40206166659885,31.558546666747233],[-106.40216666695618,31.55847000025182],[-106.40227000009118,31.558395000137192],[-106.40236833334045,31.558323334004633],[-106.40246333340461,31.558255000719072],[-106.40255500030115,31.558190000287535],[-106.40264333369043,31.558125000286193],[-106.40273000026809,31.558060000474235],[-106.40281666672499,31.557995000606386],[-106.40290499974711,31.557930000432922],[-106.40299333298852,31.557863333980347],[-106.40308000045998,31.557796666808144],[-106.40316500047332,31.557733334078893],[-106.40332166646228,31.557618334022596],[-106.40348166615374,31.557505000380733],[-106.40363500019529,31.557395000002302],[-106.40376518995349,31.55730236954961],[-106.40391499949489,31.557201666916775],[-106.40402166680194,31.557096666665942],[-106.40408166673892,31.55697666697333],[-106.40408166629652,31.556851667317069],[-106.40404499966878,31.55673500004146],[-106.40402499981286,31.556618333723122],[-106.4040399999335,31.556518333958387],[-106.40410166700256,31.556405000657552],[-106.40412333324284,31.556285000711995],[-106.40266833300714,31.554374999953676],[-106.40267666669519,31.554259999897742],[-106.4027463441668,31.554152185999495],[-106.40285166663344,31.55405333409627],[-106.40290666679881,31.553936667184264],[-106.40770500024135,31.549830002022201],[-106.40779166636129,31.54977833496244],[-106.40789833305278,31.549685002341135],[-106.40799833365344,31.54959666863094],[-106.40810500022704,31.549508335398393],[-106.40822833320875,31.549411668735534],[-106.40836333340286,31.549303335300838],[-106.40850166635326,31.549195001996658],[-106.40863333367119,31.549088335136467],[-106.40875999981793,31.548983335343895],[-106.40888333367646,31.548878335164854],[-106.40900333374806,31.548776668864519],[-106.40912166680108,31.548676669003694],[-106.40923833390035,31.548578335575144],[-106.40935500006027,31.548485001607954],[-106.40947166623485,31.54839000222173],[-106.40959000032632,31.548298334819474],[-106.40971166707084,31.548200001778266],[-106.40983833336817,31.54809166851059],[-106.40996166634828,31.547983334895402],[-106.41008333338343,31.547876668616073],[-106.41020666643563,31.547771669009467],[-106.410328332904,31.5476650016078],[-106.41045666681279,31.547561668749836],[-106.41059333356111,31.547453335388397],[-106.41073166648643,31.547345001542073],[-106.41085833301865,31.547241668647949],[-106.41096666631942,31.547133335430338],[-106.41107666697398,31.547033335556204],[-106.4111983331597,31.546948335394326],[-106.41131999971633,31.546858335561726],[-106.41144000031503,31.546761668390634],[-106.41156666719792,31.546660001929652],[-106.41170500033341,31.546548335524466],[-106.41185166715594,31.546431668506258],[-106.41192999972775,31.546370002322575],[-106.41200833342623,31.546306668960483],[-106.41208833368107,31.546241668970346],[-106.41216833382477,31.54617666893278],[-106.41225166698545,31.546110001897777],[-106.41233166690309,31.5460450017633],[-106.41241333336156,31.545978334994839],[-106.41249833388699,31.54591000211115],[-106.41258499986789,31.545840001694895],[-106.41267333325058,31.545770001742525],[-106.41275833356067,31.545700001573959],[-106.41284500021931,31.545630001880941],[-106.41293000011294,31.54556166872516],[-106.41301666634195,31.545493335140701],[-106.41310166721074,31.545423335646177],[-106.41318666688561,31.545353335207768],[-106.41326833335326,31.545285001691219],[-106.41334833309351,31.545218335625336],[-106.41342666625303,31.545151668990343],[-106.41350666680637,31.545085001917077],[-106.41358499974177,31.545018335190296],[-106.41366333361897,31.54495166840649],[-106.4137433338467,31.544885002095025],[-106.41382000014509,31.544816668495688],[-106.41389333344014,31.544748335625208],[-106.41405010843593,31.544604925574319],[-106.41415499995411,31.544510001739209],[-106.41428833375035,31.544411668932451],[-106.41444166647779,31.54430333485799],[-106.41460166694294,31.544180002148927],[-106.41468499963413,31.544115001597984],[-106.41476833369141,31.544045002328769],[-106.41485333298898,31.543975001719627],[-106.41493999965657,31.543905001547948],[-106.41503000013294,31.54383500231199],[-106.41511999953096,31.543763335005366],[-106.41520999985784,31.543691668528947],[-106.41530166660561,31.543618335370397],[-106.4153949997655,31.543543335526312],[-106.41548666633985,31.543468335121901],[-106.4155766663464,31.543393335062579],[-106.41566166705066,31.543316668146669],[-106.41574833380925,31.543243335007961],[-106.41583333365513,31.543175001780302],[-106.41591666683802,31.543108335128714],[-106.41600166643826,31.543040001794953],[-106.41608833362116,31.542968335546288],[-106.41617666708314,31.542896668827087],[-106.41626333388216,31.542826668683951],[-106.41634999961406,31.542755002278948],[-106.41643499973078,31.542685001540683],[-106.41651833332746,31.542615002070129],[-106.41660000047857,31.542543334946714],[-106.41668333371604,31.542475001592191],[-106.41676666694045,31.542405001968479],[-106.41684833353175,31.542336668934485],[-106.4169316662983,31.542270001644351],[-106.41701500011723,31.542201668975395],[-106.41709833369796,31.542135001570614],[-106.41718333358368,31.542068335490683],[-106.4172699998297,31.542000001808919],[-106.41735833350822,31.541930002314363],[-106.4174466671378,31.541858335642463],[-106.41753666711871,31.541785002263186],[-106.41762500055505,31.541711668355113],[-106.41771333289223,31.541636668183525],[-106.41779833336692,31.54156166881333],[-106.41788166721688,31.541488335141558],[-106.41796833373282,31.541415002347502],[-106.41805500009949,31.541341668595894],[-106.41814500008958,31.541270001918885],[-106.41823666640556,31.541196668523657],[-106.41833333384866,31.541123335520496],[-106.41843000021952,31.541046668221242],[-106.4185266664455,31.540970001754634],[-106.41862500001764,31.540891668544141],[-106.41872166711306,31.54081166858985],[-106.41882000035554,31.540733335237206],[-106.41891833350491,31.540653335595795],[-106.41901666647253,31.540573334980781],[-106.41911666677454,31.540491668515436],[-106.41921500052251,31.540410001527277],[-106.41931166668139,31.540328334933683],[-106.41941000010155,31.540246668705567],[-106.41950999975948,31.540163334830119],[-106.41961166662009,31.540081668431515],[-106.41971333324526,31.540001668173051],[-106.4198166672189,31.539918334931933],[-106.41992166632431,31.539835002063189],[-106.42002666633468,31.539750001982338],[-106.42013166620507,31.539663335603137],[-106.42023500057003,31.5395766686947],[-106.42033833369068,31.539490001718978],[-106.42044166658839,31.539405001782757],[-106.42054166659311,31.539320001805415],[-106.42064000000178,31.539238335560242],[-106.42073500049921,31.53915833550279],[-106.42082833340108,31.539080002080265],[-106.42091999973243,31.539005001500801],[-106.4210099995562,31.538931668453277],[-106.42109666651639,31.538860001614054],[-106.42118499967468,31.538790002261408],[-106.4212733337577,31.538718334818981],[-106.42136166666594,31.538646668232406],[-106.42145166683787,31.538575001996879],[-106.42154166684534,31.538505001917493],[-106.42162833301714,31.538433335638867],[-106.42171666644749,31.538360001690084],[-106.42180333340434,31.538288335287469],[-106.42189000022856,31.538216668829243],[-106.42197666692554,31.538143335197393],[-106.42206499980587,31.538071668138866],[-106.4221533336017,31.538001668128786],[-106.4222416662267,31.537930001856566],[-106.42232999976953,31.537858335514819],[-106.42242000053639,31.53778833482588],[-106.42250833380889,31.537716668367363],[-106.42258999954058,31.537650001603311],[-106.42270333369706,31.537555002290105],[-106.42281166655013,31.537466668362235],[-106.4229083328959,31.537385001830867],[-106.42303666637713,31.537280002213485],[-106.42318333314982,31.537158335638146],[-106.42326000004495,31.537095001496215],[-106.42333666684578,31.537030001997117],[-106.42341666719273,31.536963335214935],[-106.42349500007145,31.536896668904262],[-106.42357500019192,31.53683000202836],[-106.42365666651101,31.536763335497895],[-106.42374000006443,31.536696668396058],[-106.42382166720277,31.53663000175403],[-106.42390500053358,31.53656333545225],[-106.42398666638498,31.536496668722126],[-106.42407333310092,31.536428335062485],[-106.42416166699772,31.536356668389118],[-106.4242516670292,31.536283334925933],[-106.42434333322194,31.536210001786859],[-106.42443500028723,31.536135001456547],[-106.42452499986675,31.536060001595896],[-106.42461500032903,31.535983335448346],[-106.42470499957733,31.535906668350691],[-106.42479333344997,31.535830001704966],[-106.42488166620051,31.535756668345563],[-106.42497333353651,31.535685001872451],[-106.42506333338758,31.535613334973693],[-106.42515333314998,31.535543335131912],[-106.42524166645181,31.535471668642206],[-106.42532833338323,31.53540166883997],[-106.42541666645744,31.535331668450723],[-106.42550166680201,31.535260001951666],[-106.42558666701659,31.535188335399162],[-106.42567499965178,31.535116668625992],[-106.4257633332048,31.535045001783264],[-106.42585333290209,31.534973335247841],[-106.42594166718732,31.534900002061878],[-106.42603333380985,31.534825001525178],[-106.42612500029925,31.534750001828204],[-106.4262183339014,31.534673335301093],[-106.42631000009415,31.534598335478577],[-106.42639999993946,31.534525002352233],[-106.42648999963006,31.534451668263955],[-106.42658000024649,31.534378335005908],[-106.42666666714814,31.534305001891955],[-106.42675500016634,31.534231668174247],[-106.42684500037757,31.534158335641603],[-106.42693500028815,31.534081668816118],[-106.42702833369576,31.53400666883406],[-106.42712166695374,31.533931668787439],[-106.4272166662364,31.533855001907867],[-106.42731166650283,31.533780002065988],[-106.42740833383813,31.533703335374629],[-106.42750333363134,31.5336250020672],[-106.42759999959641,31.533548335250323],[-106.42769500012506,31.533470001796303],[-106.42778833320509,31.533391668848527],[-106.42788000005855,31.533316668827101],[-106.42797000043367,31.533240002190897],[-106.42805833346148,31.533165002285386],[-106.42814666643488,31.533091668536276],[-106.42823333312862,31.533020001510369],[-106.43283666674938,31.529266668779254],[-106.4329183338175,31.529191668127073],[-106.43300833370927,31.529106668784436],[-106.43308666695032,31.529030002182431],[-106.43316999958213,31.528943335448037],[-106.43325666663958,31.528848335403026],[-106.43334500018521,31.52874833512092],[-106.43343333385944,31.528641668116617],[-106.4335316664593,31.528516668871418],[-106.43363666659836,31.52837333501418],[-106.43374166720723,31.528218334861336],[-106.43379333384122,31.528136668640677],[-106.43384499999074,31.528051668172239],[-106.43389499991193,31.52796666832263],[-106.43394166640707,31.527881668842003],[-106.4339883338593,31.527796668432025],[-106.43403333317856,31.527713334882019],[-106.43411500004548,31.527548335362038],[-106.43418833363728,31.527381668303505],[-106.43422333328589,31.527295001630055],[-106.43425500018853,31.527205000199874],[-106.43428833299119,31.527113333711394],[-106.43431833306636,31.527018333370368],[-106.43434666718629,31.526925001682336],[-106.43539882975678,31.527936369029884],[-106.44810163672639,31.52320618739887],[-106.44403923326804,31.513610119495588],[-106.44919209908115,31.512258981175695],[-106.472310546136,31.5068551652457],[-106.4919778150785,31.502163620738472],[-106.51164299980083,31.497469110572816],[-106.51354639047469,31.496989713223805],[-106.51545765982797,31.496532082437415],[-106.5255422007456,31.494116920501355],[-106.54557214263302,31.483965196005101],[-106.56559766668073,31.473810461006206],[-106.58561507655561,31.463654505200225],[-106.60562807065969,31.453495547533091],[-106.62563664923569,31.443333591768884],[-106.64564081252992,31.433168641671671],[-106.66960451940375,31.430775354440932],[-106.69356679613351,31.428377625005371],[-106.70613435343773,31.419159607198548],[-106.72624769523998,31.4123904658803],[-106.74118607962644,31.407360316364208],[-106.75612279576869,31.402328479662398],[-106.77105784299766,31.397294956820708],[-106.78599122064522,31.392259748885309],[-106.80092292804419,31.3872228569026],[-106.81585296452842,31.382184281919262],[-106.83078132943265,31.377144024982307],[-106.84570802209268,31.372102087138941],[-106.86063304184522,31.367058469436721],[-106.87555638802796,31.362013172923422],[-106.89047805997951,31.356966198647125],[-106.90539805703958,31.351917547656186],[-106.92031637854869,31.346867220999226],[-106.93523302384844,31.34181521972512],[-106.95014799228133,31.336761544883043],[-106.96506128319088,31.331706197522426],[-106.96466964928373,31.331110669075301],[-106.96427801940604,31.330515139191675],[-106.96349477700943,31.329324075936523],[-106.96239426156066,31.328299980721773],[-106.96129376900403,31.327275874938664],[-106.95765438655012,31.322844251846043],[-106.95648166102343,31.321201396335141],[-106.95352205810875,31.319735972165557],[-106.95106924511028,31.317936784617427],[-106.94822644504896,31.31564500371449],[-106.94423808143833,31.313690668144538],[-106.94128218732673,31.312472145984874],[-106.94011046230128,31.310870701902118],[-106.93893877786905,31.309269245115331],[-106.93762553965661,31.306637255276396],[-106.93492110606802,31.305086892460292],[-106.93411805945648,31.302369063608559],[-106.93254510692793,31.299408619269773],[-106.9313544743527,31.2963631896131],[-106.92835106890341,31.291513980521774],[-106.92537420815989,31.288644885078369],[-106.91981734632618,31.283894148755437],[-106.91735850629927,31.281516675134785],[-106.9148965414274,31.278891620520945],[-106.90494272746014,31.269959336967439],[-106.90398531645523,31.267339395907406],[-106.89744602970728,31.261236953244225],[-106.89359822575723,31.256617710074249],[-106.89077589704829,31.252657863562845],[-106.88987369145376,31.248530980976081],[-106.88717680848639,31.242507280340437],[-106.88448054383468,31.236648920409618],[-106.88050563956716,31.231451476074689],[-106.8787045233894,31.224518870399596],[-106.87575509969244,31.219980876643184],[-106.87446537952925,31.212222355525061],[-106.87202662498767,31.206280598179486],[-106.87061216829488,31.200668312405227],[-106.86650930964707,31.193489263703004],[-106.86099933298215,31.18581556454037],[-106.8554907936259,31.178636872779801],[-106.84717001025055,31.172367230375166],[-106.84089657120546,31.165930848572181],[-106.83602789547317,31.156027087833127],[-106.83142105667646,31.152478713498155],[-106.81751054447362,31.144542458891063],[-106.81536845678454,31.145288801500385],[-106.80518234969865,31.149493219523805],[-106.78989324327071,31.154973461962332],[-106.77426649587686,31.158804484059829],[-106.765649432484,31.160312794554951],[-106.75958554054253,31.16138913472599],[-106.74712586740625,31.162305891448309],[-106.73783952345164,31.160723480240023],[-106.72280309674854,31.159593996659137],[-106.71345817519804,31.161939941986983],[-106.6991875636887,31.164297704239537],[-106.68608358471086,31.164800538748],[-106.67649795259372,31.165484534528773],[-106.6634291210071,31.170109956566208],[-106.65834359578103,31.173650123939659],[-106.64890721274811,31.154324151769334],[-106.63947481458736,31.134997297540156],[-106.63082156436316,31.13216537175116],[-106.61320028236598,31.126914222238597],[-106.60582183661057,31.123453794418225],[-106.60322422078096,31.118313355725075],[-106.58287315971526,31.121119024019702],[-106.56252075788159,31.123921515475487],[-106.54216701826695,31.126720828986347],[-106.52181194385999,31.129516963447813],[-106.51871809016787,31.143972727759188],[-106.51620453103293,31.150174589960315],[-106.51786568897199,31.159034890262735],[-106.51759271430174,31.165636822067608],[-106.51253799620577,31.174327831251343],[-106.51190829092207,31.174952394526944],[-106.50645863699893,31.180357081359848],[-106.50396329558379,31.182831558145487],[-106.49273836260215,31.178147920250236],[-106.47622889827933,31.17204706027379],[-106.45972147824067,31.1659440100604],[-106.44885440952885,31.166617598513163],[-106.4392764452851,31.1689340874774],[-106.42584576311813,31.168793266012948],[-106.41211503571097,31.171952790556269],[-106.40383405614485,31.177560891777123],[-106.38320052638859,31.176314457096201],[-106.36256740678948,31.175064697520575],[-106.34969840461042,31.160474304940074],[-106.34647932529502,31.156362374406569],[-106.33711604795376,31.149491346500032],[-106.33574284704856,31.234852340531216],[-106.32719911410688,31.238131978236911],[-106.32117221726172,31.239912518276974],[-106.31221884986152,31.239898431155453],[-106.30378808412257,31.235539272333778],[-106.29567208741322,31.230966498533512],[-106.28475822218722,31.229341475893364],[-106.27389403210131,31.229571600149313],[-106.26881973897251,31.231123199684273],[-106.27555620141507,31.243980744533772],[-106.28229454094128,31.256837861641582],[-106.28566717152241,31.263369374454115],[-106.28516565639134,31.268538672824089],[-106.28073984995116,31.270489669805286],[-106.27048287809029,31.269674920719225],[-106.26422062409411,31.274759313710025],[-106.26245545939338,31.280574175587965],[-106.25437174291169,31.289410637863188],[-106.25111575369976,31.299383533745765],[-106.25685193653834,31.310612193781829],[-106.26182405262864,31.317110597949078],[-106.26241257668686,31.318181679739595],[-106.26300111441377,31.319252758301435],[-106.26417822983893,31.321394906649992],[-106.26518958294581,31.323333544411103],[-106.26620097866692,31.325272172522055],[-106.26967605504035,31.331343402623691],[-106.26465354774649,31.336078819694695],[-106.26014928962834,31.336470493897746],[-106.25317012560205,31.340815758294312],[-106.24878927773399,31.344621809413649],[-106.24209790698904,31.345793543189984],[-106.23353541734575,31.348861019514626],[-106.22784117234416,31.351455880023575],[-106.22029678379116,31.356771092700523],[-106.21486258521666,31.357089966616829],[-106.22691874413418,31.377371202551238],[-106.23898019874217,31.397651107733317],[-106.22101992514496,31.41460849770532],[-106.21213263077816,31.424414056735092],[-106.20623100227974,31.431551531616499],[-106.20095294528903,31.438056871966115],[-106.19762788733352,31.445759912256655],[-106.197280413035,31.446320908036483],[-106.19605126578215,31.448304442045455],[-106.1951670989061,31.449730964452677],[-106.19263675894577,31.451021192226474],[-106.18364712347383,31.450379954243591],[-106.17846402000694,31.448216069734148],[-106.17165235409502,31.44636957554788],[-106.17071887380681,31.446104125527686],[-106.16327853304067,31.443366501497831],[-106.16520237407802,31.448181641946036],[-106.16920235493346,31.452485826362704],[-106.17409809197184,31.455642642204786],[-106.18015060329679,31.458549244124846],[-106.18465557285957,31.459959321931425],[-106.18851653329017,31.460787800423844],[-106.19276217727369,31.461698474932319],[-106.19816616606832,31.462690925402317],[-106.20370375356963,31.465097800644017],[-106.2070561102549,31.467672897510397],[-106.21092774779103,31.471578275312066],[-106.21441181386999,31.474901682193686],[-106.21576520676932,31.476976142194239],[-106.21711866050046,31.479050586607567],[-106.21777413604319,31.480055196102711],[-106.21945936841742,31.483713310979887],[-106.22059980000103,31.490981861576021],[-106.22090785787212,31.492945052042021],[-106.22259284763767,31.496436666069819],[-106.22286356378338,31.499763405250739],[-106.22261707984322,31.502925546780606],[-106.22468541495074,31.505750724108843],[-106.22830022422337,31.509156713049929],[-106.23088543719358,31.512397564384521],[-106.23295872148059,31.516304503833869],[-106.23464872741458,31.520877385523271],[-106.23568695623611,31.523205147990648],[-106.23698928861896,31.527279402791514],[-106.23700013370389,31.527333419829787],[-106.23790762365597,31.531853263924237],[-106.23920921945145,31.535677936085367],[-106.24077031913758,31.540001317889846],[-106.24451927478988,31.544321431273751],[-106.2476228312109,31.548060255350041],[-106.25136584432543,31.550716677597784],[-106.25678059713839,31.552954552343436],[-106.26052133092102,31.554945233262856],[-106.26555143263643,31.557432864509991],[-106.26993460266786,31.559047896918869],[-106.27431791830051,31.560662773709719],[-106.27574404925411,31.56307270026026],[-106.27717025525808,31.565482608960931],[-106.27721066405049,31.566639392077231],[-106.27731717251756,31.569724913203682],[-106.27850043963272,31.575462500592931],[-106.28081126481919,31.582355088129741],[-106.28457243848165,31.588587244044245],[-106.28839826821138,31.592969127368249],[-106.29406793113573,31.598689930499752],[-106.29802963096506,31.602915598656413],[-106.29977814664088,31.605380595169951],[-106.30034431460132,31.606266374848794],[-106.30091049456897,31.607152152499189],[-106.30158515184779,31.608251243145094],[-106.30192248707755,31.60880078599406],[-106.30225982637066,31.609350328700543],[-106.30263876985843,31.610046155992023],[-106.30274842675097,31.610585635743515]]]},"properties":{"OBJECTID":9,"DISTRITO_L":10,"Shape_Length":238039.8746737098,"Shape_Area":2164688839.3916178}}]
}