{
  "type" : "FeatureCollection",
  "features" : [{"type":"Feature","id":1,"geometry":{"type":"Polygon","coordinates":[[[-106.44596822558358,31.667902852400328],[-106.44599187792254,31.667394580998682],[-106.44606937158615,31.66574650366066],[-106.44621025927368,31.663033173530035],[-106.44623033531016,31.662646514616178],[-106.44634534268744,31.660430410793271],[-106.44636532159133,31.66004542261852],[-106.44638514891737,31.659863235352898],[-106.44641076955402,31.659599371258885],[-106.44669725422668,31.656648783876491],[-106.44679818252123,31.655929880080972],[-106.44715525308986,31.655944269992396],[-106.44736620211268,31.655952770316205],[-106.44800074832392,31.655978336509826],[-106.44845287406825,31.653940948232783],[-106.44850105696949,31.653775962912167],[-106.44895158148252,31.652233294412977],[-106.44930552229768,31.650753360775131],[-106.44962294542511,31.649421743823503],[-106.44988993398546,31.648117687120063],[-106.4506058411082,31.644977499071853],[-106.45080077825727,31.64470759210657],[-106.45144836999488,31.641532981646186],[-106.45423461391997,31.630024254842251],[-106.45483147104098,31.627500482875647],[-106.45404476425,31.627174898801968],[-106.452496033888,31.626188004184598],[-106.45187809434988,31.625584117860821],[-106.45322533751764,31.620497483937136],[-106.45350067351778,31.619460384913985],[-106.45371779906729,31.618638017210891],[-106.45372795789572,31.617821277500038],[-106.45373811788053,31.617004536778623],[-106.4533777222514,31.614760791455254],[-106.45324015524916,31.613927117581042],[-106.45272580927984,31.611273226923768],[-106.45270741020268,31.611163733953099],[-106.45265621933916,31.61085910439348],[-106.45220217210199,31.60815703979458],[-106.45210294531698,31.607535742353576],[-106.45240545526245,31.607061147165386],[-106.45245535706266,31.606982856948939],[-106.45246626167832,31.606848661107637],[-106.45250115237113,31.606419280629581],[-106.4523127536921,31.606298589739403],[-106.45219562989638,31.606224987249554],[-106.45162162670259,31.606345255606371],[-106.45142403439877,31.606956475910916],[-106.44920220527864,31.606888164836015],[-106.44614180552375,31.606796914867797],[-106.44088812612678,31.606640095530722],[-106.43504568912137,31.606354433153459],[-106.43712490430033,31.600273519548267],[-106.43201498033578,31.596032161862567],[-106.43165294604086,31.595824840048792],[-106.42945855317484,31.594052108172839],[-106.42776149918602,31.592979747451988],[-106.42639656949103,31.592117218655833],[-106.42590496244783,31.591806554387727],[-106.42457144725334,31.592507269193867],[-106.4238843979043,31.592480247256383],[-106.42203147545584,31.592332812234233],[-106.42155187797783,31.592294646509472],[-106.42099210213158,31.592250098022159],[-106.42081689281343,31.592259054442859],[-106.41986188839196,31.592294255964394],[-106.41890483589491,31.592248434444802],[-106.41692729273913,31.59215372969998],[-106.41494979698295,31.592054834975315],[-106.41346758890512,31.59204103970486],[-106.41152707939104,31.592096499948788],[-106.41059814647321,31.592123038357965],[-106.4103168601762,31.592131073166303],[-106.40979535876116,31.592145967795325],[-106.40646566794139,31.592241016942605],[-106.40612213328147,31.592250818497075],[-106.4052519384056,31.592180399513971],[-106.40386564166629,31.592106996808262],[-106.40289215427151,31.592055443181941],[-106.40278524011265,31.592049780991733],[-106.40151296399114,31.591982391485715],[-106.40102048485677,31.591956302347739],[-106.39980774079585,31.591892049834936],[-106.39969579573568,31.59188611812051],[-106.39846020604143,31.591820642552992],[-106.39844850484425,31.591153642356215],[-106.39844100189731,31.590725935973428],[-106.39843300962966,31.590270334232951],[-106.3984256701189,31.589851925028231],[-106.39842127236476,31.589601216999444],[-106.39819942951024,31.589442965377931],[-106.39814068382881,31.589376864233294],[-106.39759640230811,31.589339253676723],[-106.39742422383729,31.589327355480297],[-106.39711799488163,31.589306193294824],[-106.39609447583339,31.589235456449963],[-106.3957264501322,31.589210019893919],[-106.39558473546637,31.589200224812899],[-106.39405147878621,31.589094236920829],[-106.39282067643842,31.589009143651921],[-106.39239608680873,31.589401428476112],[-106.39098994279885,31.588903132087729],[-106.38919735442991,31.587804065913446],[-106.38714553109816,31.585855619022162],[-106.38606708886527,31.584881929310562],[-106.38417655852167,31.583227887659707],[-106.38394877734413,31.583054087909929],[-106.38270397316629,31.581989702616529],[-106.38250198246887,31.581816985061465],[-106.3810343173421,31.580531621289069],[-106.37977434473625,31.581043718684743],[-106.37818285748956,31.582409247505083],[-106.37809140334488,31.582476269249799],[-106.37804659482542,31.582496582973189],[-106.37799469307799,31.582544394980939],[-106.37795877907351,31.582577479712796],[-106.37660899225938,31.583792457162581],[-106.37624600228291,31.584111111655538],[-106.37588277170664,31.584413488944485],[-106.37555067102547,31.584677540821577],[-106.37520653031596,31.584985135174254],[-106.37487490340904,31.585281716177647],[-106.37436121647691,31.585699691351742],[-106.37452720776459,31.585779306856526],[-106.37445361770116,31.585948318149423],[-106.37425864116862,31.586053513638312],[-106.37415698862928,31.586038311066684],[-106.3738353745573,31.586364964958221],[-106.37347366824619,31.586667338141829],[-106.37311008225615,31.58697255687942],[-106.37277875913131,31.587256283110289],[-106.37240218121595,31.587584758169697],[-106.37205157862334,31.58788748267515],[-106.37179328123972,31.588099890626506],[-106.37108997330945,31.588719461796348],[-106.3737162014973,31.592094820634802],[-106.37381171377558,31.592242121235643],[-106.37345001708175,31.59261201186159],[-106.37304522827962,31.59297958702647],[-106.37261385583726,31.593371297770261],[-106.3721987396117,31.593748242471491],[-106.37183027932359,31.594085061864018],[-106.37139609860274,31.59447706489355],[-106.37098101416859,31.594853966615418],[-106.37062605623099,31.595176270532978],[-106.37027109585279,31.595498573517826],[-106.37008054840038,31.595649729918168],[-106.36990075714797,31.595835665656164],[-106.36952643300137,31.596177162139053],[-106.36920886498407,31.596466877272032],[-106.36886291594878,31.596782482647498],[-106.36857952789873,31.597041010800996],[-106.36849966241192,31.597113870183524],[-106.36770843430949,31.597835741301576],[-106.36694949771908,31.59852814972578],[-106.36684793983063,31.598620804554265],[-106.36635324038755,31.599138370620228],[-106.36603748427926,31.599468717333114],[-106.36559105572945,31.599935771416259],[-106.36518482138585,31.600418820231248],[-106.36490613654196,31.600715937995652],[-106.36451198259543,31.601064672251702],[-106.36352163613194,31.602100717041665],[-106.36335004451497,31.602280223397734],[-106.36305097587021,31.602562944040191],[-106.36232352706354,31.603353984070214],[-106.36159812310527,31.60411290349062],[-106.36098587247909,31.604753355414292],[-106.3607113657568,31.605040501843284],[-106.3606769542081,31.60507649955861],[-106.36028472081402,31.605486788539604],[-106.35986934457937,31.605921281315673],[-106.35945844642852,31.606357364270032],[-106.35904754447327,31.606793445981324],[-106.35864131948114,31.607224558287047],[-106.35823266056175,31.60765824822774],[-106.3571440280688,31.60881353856001],[-106.35785385900567,31.609980876378028],[-106.35801818233558,31.610388430753563],[-106.35819216668938,31.61124565194093],[-106.35904523966764,31.611987029560431],[-106.35918229053655,31.611840624469526],[-106.36039512638101,31.61277248189084],[-106.35870905886215,31.614212853185371],[-106.36116926107107,31.616756891065659],[-106.36428183084293,31.619874412693765],[-106.36486466746304,31.620449961598901],[-106.36172165623663,31.622741922903863],[-106.36025664551622,31.62373467586692],[-106.36066664052321,31.624151749458029],[-106.36099865855157,31.624487796377437],[-106.36131358103539,31.62480897098866],[-106.36165163692156,31.625153733846112],[-106.36194173470457,31.625448829674394],[-106.36230326139018,31.625814528385266],[-106.36235013936577,31.625868951884655],[-106.36271081589685,31.626231146484777],[-106.36304667094679,31.626572775978392],[-106.36337804273654,31.626904673438403],[-106.36368549599277,31.627213920674198],[-106.36401782148987,31.627559921619664],[-106.36431805420818,31.627857498790149],[-106.36465781618077,31.628211573633131],[-106.36377844348996,31.62875027094336],[-106.36308228316352,31.629188151309418],[-106.36235581495589,31.62962173705376],[-106.36209278025093,31.629782861845921],[-106.36193601027809,31.63005009454546],[-106.36179030799286,31.630551695709602],[-106.36168014303048,31.630930951267029],[-106.36154178953076,31.631407242401504],[-106.36144204623317,31.631724689825607],[-106.36122287485993,31.632380598074754],[-106.36100080590872,31.63304516829546],[-106.36078052935568,31.633704363138641],[-106.36055263567445,31.634386345987046],[-106.36032899558209,31.635055586682423],[-106.36007356203292,31.635819962073775],[-106.35984115507746,31.636515417023411],[-106.35964916738222,31.637089914479507],[-106.35945279414697,31.637677529129025],[-106.35942868282719,31.637749677478201],[-106.35933773609953,31.638021817186143],[-106.35923013446823,31.638343792146046],[-106.35901207058417,31.639012179035486],[-106.35880509173695,31.639646583848275],[-106.35857744622363,31.640344321328886],[-106.35835820454426,31.641016291987597],[-106.35813816440188,31.641690701058199],[-106.3579247325934,31.642344847339412],[-106.35771614966622,31.642996377855905],[-106.35750907713677,31.643643186511383],[-106.35730200189822,31.644289994847732],[-106.35710165236533,31.644938002405695],[-106.35709548932839,31.644957934360644],[-106.3568971303681,31.645599495539617],[-106.35670674698991,31.64621525045473],[-106.35669949301534,31.646238713145078],[-106.35648601273193,31.646925558291059],[-106.35757411646732,31.647160558986219],[-106.35885426697803,31.647400589120132],[-106.35974317579016,31.647649147767204],[-106.36072333615706,31.647923213381674],[-106.36168201685236,31.648167862411167],[-106.36269609412881,31.648428615332204],[-106.36365951446365,31.648675421503281],[-106.3646109740319,31.64891915560322],[-106.36463381285398,31.6489250060886],[-106.36556667562465,31.649163967469789],[-106.36655387127065,31.649414305813661],[-106.36766023214071,31.649694852257166],[-106.36865035251304,31.649945912317012],[-106.36959961710667,31.650186605644556],[-106.37057048229313,31.650432766608471],[-106.37151224465404,31.650664266780982],[-106.37250631918323,31.650908617159487],[-106.37350124325361,31.651153167052911],[-106.37444105367182,31.651384863887689],[-106.37540766287272,31.651623158830713],[-106.37637427674662,31.651861446301428],[-106.37732854376004,31.652110804941806],[-106.37828281561887,31.652360156289959],[-106.37926139564223,31.652615850160739],[-106.38022488267868,31.652867591440003],[-106.38115485296825,31.65311056774145],[-106.38209071109019,31.653355073745772],[-106.38387069704294,31.653820096428522],[-106.38390815449451,31.653829883176648],[-106.38394561300798,31.653839669902087],[-106.38551237552106,31.654248922585825],[-106.38593051332414,31.65435818965333],[-106.3862696013839,31.65518493834189],[-106.38530958391566,31.654915225893099],[-106.38509841121585,31.655568994792485],[-106.38702281523358,31.656102014207999],[-106.38672360154514,31.658292012630927],[-106.3866902822391,31.658635227163963],[-106.3869839944019,31.658696963418631],[-106.38813709083182,31.658939503196084],[-106.38927590403375,31.659205060937271],[-106.38980831954173,31.659385089472163],[-106.39072244564549,31.659964128531819],[-106.39136365617257,31.660403427890007],[-106.39145671151162,31.660480193002513],[-106.39183698990423,31.660802655867791],[-106.39215531837119,31.661149689435845],[-106.3924749465174,31.661494035918665],[-106.39278936322833,31.661852350749811],[-106.39309808312618,31.662192176881899],[-106.39361258298472,31.662652564211946],[-106.39453011965495,31.663317427179855],[-106.3951879083251,31.663792565280044],[-106.39603232452866,31.664418704159022],[-106.39644880260106,31.66471096430649],[-106.3969575546196,31.665009168901442],[-106.39744761511623,31.665145254500864],[-106.3979155529654,31.665253192161263],[-106.39839079836568,31.665304198987162],[-106.39935221332865,31.665318475730881],[-106.39958439481693,31.665316463913268],[-106.40036553610824,31.665263756991521],[-106.40140559201791,31.665258485071785],[-106.40245456419207,31.665272290860965],[-106.40348749848717,31.665256318110881],[-106.40447258531604,31.665241077516161],[-106.40558390231109,31.66522388212681],[-106.40661341854214,31.665207275819558],[-106.40764293514432,31.665190662103864],[-106.40864667206164,31.665174456420196],[-106.40968211998536,31.665168146704755],[-106.41072557928794,31.665170134991698],[-106.41428631541278,31.665082534261281],[-106.41640960859982,31.665046643593367],[-106.4168937464453,31.665038455184998],[-106.41827981910008,31.664991732751275],[-106.41894477816412,31.665015579888504],[-106.42006708184618,31.665055820280283],[-106.42114294173163,31.66509438682434],[-106.42332231232409,31.66517248228773],[-106.42446431721535,31.665212728432682],[-106.42555512129125,31.665251160289476],[-106.42666341023354,31.665290199172986],[-106.42701906700391,31.665300391009616],[-106.42682962670301,31.666220606333905],[-106.42704572520726,31.666233594594825],[-106.4273270567285,31.666243675938823],[-106.42772466155051,31.666254083839224],[-106.42878089255818,31.666281725655285],[-106.43006448304031,31.666315305538717],[-106.43017296902759,31.666648269418165],[-106.43159901300561,31.666769211036989],[-106.43206345960034,31.66680859667666],[-106.43362945580874,31.666948599889825],[-106.43384391494006,31.666965741957668],[-106.43620036446391,31.667154080941256],[-106.43756253808601,31.667262931481869],[-106.43843486362609,31.667332631026394],[-106.44042693452222,31.667491776797721],[-106.44073882011905,31.667519244913997],[-106.44125827949949,31.667572164769137],[-106.44183515286551,31.66761297247087],[-106.44241202663048,31.667653777548164],[-106.44286039663967,31.6676854905601],[-106.44300870030327,31.667695979834004],[-106.44321569826448,31.667710620382106],[-106.44342269520851,31.667725259702284],[-106.44380814672836,31.667752520303537],[-106.44424034925301,31.667783085325524],[-106.44459716459009,31.667808317734963],[-106.44489551482314,31.66782941484631],[-106.44536580498226,31.66786266953946],[-106.44575887785562,31.667888888868816],[-106.44596822558358,31.667902852400328]]]},"properties":{"OBJECTID":1,"DISTRITO":1,"ENTIDAD":8,"D":"uno","Shape_Length":35123.059984875799,"Shape_Area":64089224.723334029}},{"type":"Feature","id":2,"geometry":{"type":"Polygon","coordinates":[[[-106.34312743171729,31.682953778038371],[-106.34458436231984,31.682422558238258],[-106.34468490121466,31.681981036548933],[-106.34523170289181,31.681484944635613],[-106.34588448840861,31.680588822673759],[-106.34720321019164,31.676497404961331],[-106.34849370792043,31.672364799443727],[-106.34899748598555,31.670751438002384],[-106.34906197319991,31.670536348594045],[-106.34926880357374,31.669846485246442],[-106.3494616661221,31.669203198454479],[-106.34965772509042,31.668549245210521],[-106.34989778369967,31.667748488572894],[-106.34983958481298,31.6677427137558],[-106.3497813869871,31.667736938900809],[-106.34882645596139,31.667901691499491],[-106.34949973469951,31.66733816038651],[-106.35009032258955,31.66661799512395],[-106.35031247261772,31.666402042164453],[-106.35047626511104,31.665935369966494],[-106.35054897902327,31.66572819625981],[-106.3505997633836,31.665583501525095],[-106.35062736531876,31.665504856093278],[-106.35171132832484,31.661927896657058],[-106.35234838507884,31.659825553690339],[-106.35278032324283,31.658524011069062],[-106.35309132528995,31.657621593432509],[-106.35371065552762,31.655824461210933],[-106.35384201493603,31.655401297602769],[-106.35426497790425,31.654038729355477],[-106.35467451813675,31.652719367371994],[-106.35531929082595,31.650642109636891],[-106.35579209913871,31.649118814271418],[-106.35580792513092,31.649067823588791],[-106.35590225121683,31.648763916807003],[-106.35600793558922,31.648423414881751],[-106.3560737911712,31.648211065900153],[-106.35609689789899,31.648136785448926],[-106.35622763139897,31.647730816670208],[-106.35637079370046,31.64728599139201],[-106.35648601273193,31.646925558291059],[-106.35669949301534,31.646238713145078],[-106.35670674698991,31.64621525045473],[-106.3568971303681,31.645599495539617],[-106.35709548932839,31.644957934360644],[-106.35710165236533,31.644938002405695],[-106.35730200189822,31.644289994847732],[-106.35750907713677,31.643643186511383],[-106.35771614966622,31.642996377855905],[-106.3579247325934,31.642344847339412],[-106.35813816440188,31.641690701058199],[-106.35835820454426,31.641016291987597],[-106.35857744622363,31.640344321328886],[-106.35880509173695,31.639646583848275],[-106.35901207058417,31.639012179035486],[-106.35923013446823,31.638343792146046],[-106.35933773609953,31.638021817186143],[-106.35942868282719,31.637749677478201],[-106.35945279414697,31.637677529129025],[-106.35964916738222,31.637089914479507],[-106.35984115507746,31.636515417023411],[-106.36007356203292,31.635819962073775],[-106.36032899558209,31.635055586682423],[-106.36055263567445,31.634386345987046],[-106.36078052935568,31.633704363138641],[-106.36100080590872,31.63304516829546],[-106.36122287485993,31.632380598074754],[-106.36144204623317,31.631724689825607],[-106.36154178953076,31.631407242401504],[-106.36168014303048,31.630930951267029],[-106.36179030799286,31.630551695709602],[-106.36193601027809,31.63005009454546],[-106.36209278025093,31.629782861845921],[-106.36235581495589,31.62962173705376],[-106.36308228316352,31.629188151309418],[-106.36377844348996,31.62875027094336],[-106.36465781618077,31.628211573633131],[-106.36431805420818,31.627857498790149],[-106.36401782148987,31.627559921619664],[-106.36368549599277,31.627213920674198],[-106.36337804273654,31.626904673438403],[-106.36304667094679,31.626572775978392],[-106.36271081589685,31.626231146484777],[-106.36235013936577,31.625868951884655],[-106.36230326139018,31.625814528385266],[-106.36194173470457,31.625448829674394],[-106.36165163692156,31.625153733846112],[-106.36131358103539,31.62480897098866],[-106.36099865855157,31.624487796377437],[-106.36066664052321,31.624151749458029],[-106.36025664551622,31.62373467586692],[-106.36172165623663,31.622741922903863],[-106.36486466746304,31.620449961598901],[-106.36428183084293,31.619874412693765],[-106.36116926107107,31.616756891065659],[-106.35870905886215,31.614212853185371],[-106.36039512638101,31.61277248189084],[-106.35918229053655,31.611840624469526],[-106.35904523966764,31.611987029560431],[-106.35819216668938,31.61124565194093],[-106.35801818233558,31.610388430753563],[-106.35785385900567,31.609980876378028],[-106.3571440280688,31.60881353856001],[-106.35823266056175,31.60765824822774],[-106.35864131948114,31.607224558287047],[-106.35904754447327,31.606793445981324],[-106.35945844642852,31.606357364270032],[-106.35986934457937,31.605921281315673],[-106.36028472081402,31.605486788539604],[-106.3606769542081,31.60507649955861],[-106.3607113657568,31.605040501843284],[-106.36098587247909,31.604753355414292],[-106.36159812310527,31.60411290349062],[-106.36232352706354,31.603353984070214],[-106.36305097587021,31.602562944040191],[-106.36335004451497,31.602280223397734],[-106.36352163613194,31.602100717041665],[-106.36451198259543,31.601064672251702],[-106.36490613654196,31.600715937995652],[-106.36518482138585,31.600418820231248],[-106.36559105572945,31.599935771416259],[-106.36603748427926,31.599468717333114],[-106.36635324038755,31.599138370620228],[-106.36684793983063,31.598620804554265],[-106.36694949771908,31.59852814972578],[-106.36770843430949,31.597835741301576],[-106.36849966241192,31.597113870183524],[-106.36857952789873,31.597041010800996],[-106.36886291594878,31.596782482647498],[-106.36920886498407,31.596466877272032],[-106.36952643300137,31.596177162139053],[-106.36990075714797,31.595835665656164],[-106.37008054840038,31.595649729918168],[-106.37027109585279,31.595498573517826],[-106.37062605623099,31.595176270532978],[-106.37098101416859,31.594853966615418],[-106.37139609860274,31.59447706489355],[-106.37183027932359,31.594085061864018],[-106.3721987396117,31.593748242471491],[-106.37261385583726,31.593371297770261],[-106.37304522827962,31.59297958702647],[-106.37345001708175,31.59261201186159],[-106.37381171377558,31.592242121235643],[-106.3737162014973,31.592094820634802],[-106.37108997330945,31.588719461796348],[-106.37179328123972,31.588099890626506],[-106.37205157862334,31.58788748267515],[-106.37240218121595,31.587584758169697],[-106.37277875913131,31.587256283110289],[-106.37311008225615,31.58697255687942],[-106.37347366824619,31.586667338141829],[-106.3738353745573,31.586364964958221],[-106.37415698862928,31.586038311066684],[-106.37425864116862,31.586053513638312],[-106.37445361770116,31.585948318149423],[-106.37452720776459,31.585779306856526],[-106.37436121647691,31.585699691351742],[-106.37487490340904,31.585281716177647],[-106.37520653031596,31.584985135174254],[-106.37555067102547,31.584677540821577],[-106.37588277170664,31.584413488944485],[-106.37624600228291,31.584111111655538],[-106.37660899225938,31.583792457162581],[-106.37795877907351,31.582577479712796],[-106.37799469307799,31.582544394980939],[-106.37804659482542,31.582496582973189],[-106.37809140334488,31.582476269249799],[-106.37818285748956,31.582409247505083],[-106.37977434473625,31.581043718684743],[-106.3810343173421,31.580531621289069],[-106.38250198246887,31.581816985061465],[-106.38270397316629,31.581989702616529],[-106.38394877734413,31.583054087909929],[-106.38417655852167,31.583227887659707],[-106.38606708886527,31.584881929310562],[-106.38714553109816,31.585855619022162],[-106.38919735442991,31.587804065913446],[-106.39098994279885,31.588903132087729],[-106.39239608680873,31.589401428476112],[-106.39282067643842,31.589009143651921],[-106.39405147878621,31.589094236920829],[-106.39558473546637,31.589200224812899],[-106.3957264501322,31.589210019893919],[-106.39609447583339,31.589235456449963],[-106.39711799488163,31.589306193294824],[-106.39742422383729,31.589327355480297],[-106.39759640230811,31.589339253676723],[-106.39814068382881,31.589376864233294],[-106.39819942951024,31.589442965377931],[-106.39842127236476,31.589601216999444],[-106.3984256701189,31.589851925028231],[-106.39843300962966,31.590270334232951],[-106.39844100189731,31.590725935973428],[-106.39844850484425,31.591153642356215],[-106.39846020604143,31.591820642552992],[-106.39969579573568,31.59188611812051],[-106.39980774079585,31.591892049834936],[-106.40102048485677,31.591956302347739],[-106.40151296399114,31.591982391485715],[-106.40278524011265,31.592049780991733],[-106.40289215427151,31.592055443181941],[-106.40386564166629,31.592106996808262],[-106.4052519384056,31.592180399513971],[-106.40612213328147,31.592250818497075],[-106.40646566794139,31.592241016942605],[-106.40979535876116,31.592145967795325],[-106.4103168601762,31.592131073166303],[-106.41059814647321,31.592123038357965],[-106.41152707939104,31.592096499948788],[-106.41346758890512,31.59204103970486],[-106.41494979698295,31.592054834975315],[-106.41692729273913,31.59215372969998],[-106.41890483589491,31.592248434444802],[-106.41986188839196,31.592294255964394],[-106.42081689281343,31.592259054442859],[-106.42099210213158,31.592250098022159],[-106.42155187797783,31.592294646509472],[-106.42203147545584,31.592332812234233],[-106.4238843979043,31.592480247256383],[-106.42457144725334,31.592507269193867],[-106.42590496244783,31.591806554387727],[-106.42639656949103,31.592117218655833],[-106.42776149918602,31.592979747451988],[-106.42945855317484,31.594052108172839],[-106.43165294604086,31.595824840048792],[-106.43201498033578,31.596032161862567],[-106.43712490430033,31.600273519548267],[-106.43504568912137,31.606354433153459],[-106.44088812612678,31.606640095530722],[-106.44614180552375,31.606796914867797],[-106.44920220527864,31.606888164836015],[-106.45142403439877,31.606956475910916],[-106.45162162670259,31.606345255606371],[-106.45130044113311,31.605033337730852],[-106.44918864724006,31.603069171954886],[-106.44813781901557,31.602091759132716],[-106.44761359324428,31.601604146295795],[-106.44747154995905,31.601477022705037],[-106.44635423140272,31.600477047243771],[-106.44622697607143,31.600363153731511],[-106.44601854311748,31.600287804224244],[-106.44584835159657,31.600135096072872],[-106.44554837788495,31.600011330214734],[-106.44535445181445,31.599806298904429],[-106.44502037888221,31.599255905766331],[-106.44470610935662,31.598918793161989],[-106.44410085208949,31.598483730772482],[-106.44476942860162,31.596869690759753],[-106.44615324227297,31.593528784009692],[-106.44761122379514,31.592224075936421],[-106.44802906644226,31.591850150688586],[-106.44748187992593,31.591351052100638],[-106.44710920969401,31.591683330444436],[-106.44638882070866,31.591107502490377],[-106.44549816710639,31.590395562512903],[-106.44792037292306,31.588228769921844],[-106.44964985017148,31.585676853327474],[-106.44968625564823,31.585623134634798],[-106.44972266109798,31.585569416834506],[-106.45066431147254,31.584179900231611],[-106.45143855002877,31.583037386323518],[-106.4528779238294,31.580913274168338],[-106.45348512600242,31.580017181281413],[-106.45595059931945,31.576378500099445],[-106.45820804033863,31.573046564587905],[-106.46046532397324,31.569714592381981],[-106.46497936105003,31.563050455622552],[-106.46196199792816,31.555929988547277],[-106.45798930845029,31.546553250274368],[-106.45227193620796,31.533054819882686],[-106.44810163672639,31.52320618739887],[-106.44403923326804,31.513610119495588],[-106.44919209908115,31.512258981175695],[-106.472310546136,31.5068551652457],[-106.4919778150785,31.502163620738472],[-106.51164299980083,31.497469110572816],[-106.51354639047469,31.496989713223805],[-106.51545765982797,31.496532082437415],[-106.5255422007456,31.494116920501355],[-106.54557214263302,31.483965196005101],[-106.56559766668073,31.473810461006206],[-106.58561507655561,31.463654505200225],[-106.60562807065969,31.453495547533091],[-106.62563664923569,31.443333591768884],[-106.64564081252992,31.433168641671671],[-106.66960451940375,31.430775354440932],[-106.69356679613351,31.428377625005371],[-106.70613435343773,31.419159607198548],[-106.72624769523998,31.4123904658803],[-106.74118607962644,31.407360316364208],[-106.75612279576869,31.402328479662398],[-106.77105784299766,31.397294956820708],[-106.78599122064522,31.392259748885309],[-106.80092292804419,31.3872228569026],[-106.81585296452842,31.382184281919262],[-106.83078132943265,31.377144024982307],[-106.84570802209268,31.372102087138941],[-106.86063304184522,31.367058469436721],[-106.87555638802796,31.362013172923422],[-106.89047805997951,31.356966198647125],[-106.90539805703958,31.351917547656186],[-106.92031637854869,31.346867220999226],[-106.93523302384844,31.34181521972512],[-106.95014799228133,31.336761544883043],[-106.96506128319088,31.331706197522426],[-106.96466964928373,31.331110669075301],[-106.96427801940604,31.330515139191675],[-106.96349477700943,31.329324075936523],[-106.96239426156066,31.328299980721773],[-106.96129376900403,31.327275874938664],[-106.95765438655012,31.322844251846043],[-106.95648166102343,31.321201396335141],[-106.95352205810875,31.319735972165557],[-106.95106924511028,31.317936784617427],[-106.94822644504896,31.31564500371449],[-106.94423808143833,31.313690668144538],[-106.94128218732673,31.312472145984874],[-106.94011046230128,31.310870701902118],[-106.93893877786905,31.309269245115331],[-106.93762553965661,31.306637255276396],[-106.93492110606802,31.305086892460292],[-106.93411805945648,31.302369063608559],[-106.93254510692793,31.299408619269773],[-106.9313544743527,31.2963631896131],[-106.92835106890341,31.291513980521774],[-106.92537420815989,31.288644885078369],[-106.91981734632618,31.283894148755437],[-106.91735850629927,31.281516675134785],[-106.9148965414274,31.278891620520945],[-106.90494272746014,31.269959336967439],[-106.90398531645523,31.267339395907406],[-106.89744602970728,31.261236953244225],[-106.89359822575723,31.256617710074249],[-106.89077589704829,31.252657863562845],[-106.88987369145376,31.248530980976081],[-106.88717680848639,31.242507280340437],[-106.88448054383468,31.236648920409618],[-106.88050563956716,31.231451476074689],[-106.8787045233894,31.224518870399596],[-106.87575509969244,31.219980876643184],[-106.87446537952925,31.212222355525061],[-106.87202662498767,31.206280598179486],[-106.87061216829488,31.200668312405227],[-106.86650930964707,31.193489263703004],[-106.86099933298215,31.18581556454037],[-106.8554907936259,31.178636872779801],[-106.84717001025055,31.172367230375166],[-106.84089657120546,31.165930848572181],[-106.83602789547317,31.156027087833127],[-106.83142105667646,31.152478713498155],[-106.81751054447362,31.144542458891063],[-106.83957288404601,31.136846923056812],[-106.8593342088822,31.13232028702264],[-106.88165307593749,31.127203684812187],[-106.90396934963019,31.12208330632301],[-106.89619528252632,31.083581913064648],[-106.90567640267611,31.074426781301536],[-106.91646539395934,31.068147153065162],[-106.92789157516431,31.061861128302041],[-106.9412107267561,31.053701342733167],[-106.95008887637289,31.048260768736249],[-106.96372582252521,31.040302191124145],[-106.96958938009929,31.036640344776931],[-106.9754524823408,31.032978248848053],[-106.98880770890837,31.028525744288814],[-107.00636092433041,31.028157739943119],[-107.02363018744084,31.030677326221149],[-107.03417647290038,31.03160873900875],[-107.03431712394404,31.023698646794148],[-107.03419407213198,31.008462779493012],[-107.03418834747643,30.998013515033229],[-107.01753917236417,30.983483085882106],[-107.01305544074559,30.977299727617176],[-107.01263238762333,30.976483759773814],[-107.00907903742723,30.969629551979498],[-107.0081738993733,30.965008484318336],[-107.00496556616022,30.95791471183092],[-107.00264892473564,30.949993986222903],[-106.99906479129571,30.945376971166564],[-106.99305599313615,30.940433274773657],[-106.98909204121512,30.936724513510228],[-106.98732817132363,30.935455283441275],[-106.98359685705033,30.932770139909607],[-106.97912236690682,30.928649023451392],[-106.98122202957171,30.926252277455959],[-106.98332158890553,30.923855500997615],[-106.98560451145329,30.917991478977697],[-106.99120318509281,30.911957543039943],[-106.99731370894428,30.906913177045936],[-107.00074566256976,30.902037752309049],[-107.00214307320957,30.899765592434985],[-107.0035404210841,30.897493419554966],[-107.00653213895448,30.895342563048573],[-107.00952372170896,30.893191641558509],[-107.01085330038931,30.889433677910024],[-107.01218278297972,30.885675703972151],[-107.01427524458516,30.881132295328321],[-107.01636751916944,30.876588859370862],[-107.01644232422841,30.875095386205423],[-107.01673138085636,30.86932421621913],[-107.01614931011829,30.866064596737814],[-107.01556728618883,30.862804971354535],[-107.02002610332156,30.861559465728707],[-107.03431299259569,30.861874046729586],[-107.05349795123342,30.855457037551417],[-107.0578121267872,30.854013524563239],[-107.06212616671257,30.852569874078473],[-107.07577858794487,30.848000011714316],[-107.08260428542633,30.845714561088396],[-107.08942964038381,30.843428764304903],[-107.08355188135741,30.837145706191365],[-107.08111901456967,30.828325312562729],[-107.07869614381573,30.819916995485794],[-107.08268115739961,30.81324676687758],[-107.0901850628634,30.807336414664771],[-107.0900513978839,30.801566304235291],[-107.09073865091297,30.790008517866493],[-107.09281767373001,30.783579201832971],[-107.08972080303732,30.773534126282453],[-107.09110144923295,30.764437528076439],[-107.09153252813206,30.755564538053047],[-107.09139427845668,30.749588308996231],[-107.08745904548329,30.744506467394952],[-107.08884917625889,30.735822019885735],[-107.09623718115063,30.72517176564989],[-107.09485095106595,30.720249320300173],[-107.09505919589644,30.71550368786729],[-107.09903441212417,30.708627026366774],[-107.10080314887441,30.702615624659185],[-107.10444527675206,30.695126458160601],[-107.10324790583854,30.684634124527228],[-107.10396706408508,30.674518727353558],[-107.10165192355034,30.670644285639799],[-107.1030019177709,30.660311074716493],[-107.1098482410913,30.653999619901683],[-107.10838601991411,30.645780007478539],[-107.10440195885694,30.638431586403154],[-107.10393157595495,30.631842921929845],[-107.10056464971161,30.6236582906865],[-107.09972470925706,30.614808548548396],[-107.09703194074156,30.608260715065509],[-107.08924945835797,30.601393838950827],[-107.07829289323745,30.594584388229613],[-107.07507536415383,30.59278750250067],[-107.0860757441355,30.573825268970612],[-107.08619008667942,30.564957876005383],[-107.08478826982248,30.559210746285498],[-107.07885857298206,30.549835146035651],[-107.07464351089533,30.545994667916336],[-107.07548758492415,30.541237370270775],[-107.08074596755476,30.535162594533396],[-107.08946570721778,30.527787279497044],[-107.09316922660034,30.523183680120958],[-107.09306045624015,30.518443748187295],[-107.08415337186564,30.517575855392213],[-107.07366945214029,30.51714836950892],[-107.06788849177995,30.514160758696743],[-107.06105361363336,30.506656136474433],[-107.05834821889484,30.499282787877853],[-107.0558326790847,30.492799678246694],[-107.0572844138932,30.490574140781035],[-107.07516063588788,30.483171618195044],[-107.0930340331881,30.475766760157956],[-107.11159698018085,30.469034107714393],[-107.11852073794056,30.466638246026097],[-107.12732269152916,30.463176294155254],[-107.13549466396533,30.45993167738462],[-107.14340207000578,30.458959372882752],[-107.14549116502272,30.4533537194792],[-107.13956287710454,30.443980712802329],[-107.14033098872896,30.436131910760455],[-107.12887614949868,30.434489724411613],[-107.12145175566133,30.428854664890689],[-107.12577471378107,30.382798196561964],[-107.13363297720915,30.379972015562331],[-107.13834674661901,30.378234872960082],[-107.14496112593744,30.37646206148003],[-107.13830873786564,30.362313739462234],[-107.1316583747676,30.348164958382434],[-107.12501003470115,30.334015718818641],[-107.11836371572552,30.31986602134852],[-107.11729858566287,30.317597967588465],[-107.08762077360431,30.321853567849448],[-107.07027082949062,30.325055225692882],[-107.05832134295925,30.328982171320881],[-107.05239232079404,30.333006205298314],[-107.04139114938282,30.336914602255789],[-107.03275361708381,30.33315136978721],[-107.03017908974539,30.331341593762112],[-107.0269530887096,30.328718623764619],[-107.02022127867379,30.325126826953635],[-107.01732599754445,30.323116285013501],[-107.01464784537096,30.316565860614983],[-107.0125897258275,30.309385877181874],[-107.00742922122102,30.305147068183778],[-107.00040112556911,30.302384119953491],[-106.99560741873836,30.300406381148921],[-106.99107229030399,30.295743563084983],[-106.9859089469121,30.291297717224552],[-106.97701866411124,30.290215405130596],[-106.9714004716332,30.294024222921216],[-106.96539892895099,30.29474667371079],[-106.95972267736988,30.295875611113878],[-106.95027803614158,30.298512373837028],[-106.94275431173619,30.30214652530497],[-106.93573676836728,30.299792232729693],[-106.92708016010043,30.294785000873897],[-106.91782585683251,30.291436781438318],[-106.91112617428305,30.289075748471262],[-106.90370356861068,30.282396573707228],[-106.89568310516022,30.277376469796714],[-106.88270533712253,30.277593220861348],[-106.87669967198332,30.278105469621824],[-106.87068126716839,30.27799908485127],[-106.86940879440517,30.277710866686746],[-106.86813632842373,30.277422634918491],[-106.87663953187563,30.259755568929446],[-106.87187519854857,30.258554609432949],[-106.85054623369818,30.253175632805103],[-106.85104553624097,30.246569306339165],[-106.84937991594471,30.24247277550721],[-106.84647793719613,30.23983980286085],[-106.84550787018493,30.238824713207201],[-106.82249049956661,30.232289954837348],[-106.81957387450727,30.231461552710428],[-106.80635567789051,30.227706217179797],[-106.80566990076369,30.225036692912656],[-106.80689054181497,30.222748953211905],[-106.8115625010188,30.218962340206836],[-106.81246658405051,30.216679645321612],[-106.81333789925797,30.212747914528876],[-106.81614396801552,30.210640743973471],[-106.81730682319713,30.205467118205945],[-106.81819426687549,30.20235987531149],[-106.8209342687006,30.19695455849158],[-106.81542643839413,30.190445200543547],[-106.80460010685097,30.186907704474276],[-106.79533954713013,30.182519523565364],[-106.78796507786697,30.177482092206944],[-106.78031128056973,30.174304428350879],[-106.76975613313141,30.16828529343886],[-106.76687441206174,30.166474897298603],[-106.76424130720092,30.16115514894129],[-106.76221299810501,30.15438244896939],[-106.77552163532688,30.136362108621178],[-106.7888255369856,30.118340566632526],[-106.79579271431086,30.108899752532242],[-106.79088216594381,30.069822167122172],[-106.78868285110362,30.05230799448136],[-106.78788264159971,30.043660266789978],[-106.78840991167021,30.03829067432137],[-106.7864189975831,30.033373431562371],[-106.78789358509081,30.027988811095987],[-106.78464397571489,30.023297692962789],[-106.77975218919728,30.015333210356221],[-106.77773431235573,30.008972808071523],[-106.78013217920287,30.002336464144705],[-106.77903364269692,29.994518118862221],[-106.78578192939983,29.984307468579004],[-106.78919361752651,29.981160350701398],[-106.79195384809464,29.976992484027988],[-106.7911943914159,29.970406060743578],[-106.78464333034681,29.958137708809726],[-106.780122295815,29.952847873300776],[-106.77272653126398,29.945747278304861],[-106.7679189101928,29.941904924979209],[-106.76080877375922,29.933149484005526],[-106.75340801073683,29.925635380223767],[-106.74604743738442,29.920182266828249],[-106.74483180103536,29.905972864201793],[-106.73941980691089,29.903375989592252],[-106.72895454983104,29.900444319337641],[-106.71976283143442,29.898110926045899],[-106.70579540497809,29.893375094152347],[-106.69625145988981,29.888983288471866],[-106.6870425487473,29.88561677384488],[-106.67042795902833,29.884134501565747],[-106.65381375647161,29.882650116844768],[-106.64944836817661,29.882259738066516],[-106.62687782794471,29.87228070252177],[-106.63024714869348,29.866663680947752],[-106.63392768890039,29.860835803918281],[-106.64267734841322,29.856376795005456],[-106.64989449609766,29.854414431099926],[-106.65478978979483,29.846093489005394],[-106.65114860762951,29.836455339415391],[-106.64850899946735,29.829895489339087],[-106.64486539298403,29.82005093894303],[-106.63745242872523,29.810880257598992],[-106.63261624193609,29.804764667505655],[-106.62554610137454,29.797031741329786],[-106.61782887172964,29.788276717512254],[-106.61711910235705,29.783750255188348],[-106.62357804922165,29.77478905911472],[-106.62730687083612,29.771847689764506],[-106.63258838502766,29.767646221562309],[-106.64072598855751,29.764639933838854],[-106.64572104143488,29.762091892970016],[-106.65292405785976,29.759717273879563],[-106.66230149156121,29.755660281897207],[-106.66288306504481,29.752970846563692],[-106.66093056376926,29.749494165288336],[-106.65800022240703,29.744175996043918],[-106.65381073119588,29.738876364272055],[-106.65123649066553,29.735821139239807],[-106.64772889614204,29.733398260734408],[-106.64354407452213,29.728304420914185],[-106.63996735737179,29.721964211845627],[-106.63444758301463,29.712559058269882],[-106.62835750987516,29.706461446963946],[-106.6213746027082,29.70326356668269],[-106.61092983705402,29.700115361368059],[-106.60113664997866,29.698194271606354],[-106.59351495175551,29.694385401759156],[-106.58496856087417,29.691352813091356],[-106.57365035800285,29.694304148861619],[-106.56106325285397,29.696023599265143],[-106.55601696659195,29.695019393255063],[-106.54111005684896,29.679213277846834],[-106.52620785043,29.663405280918969],[-106.51926521764167,29.660965213090304],[-106.51110329494711,29.664926557412429],[-106.50198973450054,29.667860603604481],[-106.49412893563911,29.669756321201362],[-106.4872359939222,29.67556679404214],[-106.48284815872562,29.679095396495988],[-106.47593814534483,29.682223336734857],[-106.46904209592191,29.687826610170621],[-106.46812362785242,29.69236983149521],[-106.46692363728967,29.702691117728023],[-106.46411372290666,29.707036922078775],[-106.45597995845182,29.716977946188418],[-106.45350534937775,29.725035605335535],[-106.45102102485792,29.7314427674225],[-106.44505750600949,29.735596397637092],[-106.43939944483462,29.738097885795181],[-106.4314472674302,29.724516969166878],[-106.42349729145843,29.710935476392478],[-106.42066758354646,29.711979469902925],[-106.41498831881621,29.710353696249939],[-106.41372059360388,29.708914981108858],[-106.3903722135253,29.71468438080344],[-106.36702100188674,29.720449742873871],[-106.35908941496811,29.722406949233712],[-106.35424889796535,29.723601142544418],[-106.35075519970789,29.717631420358092],[-106.34568389235351,29.711048655589522],[-106.34188085255407,29.706111437174812],[-106.33618444192621,29.700355905825408],[-106.33049143860801,29.695219055620793],[-106.32950233835548,29.707192827224603],[-106.32600628988874,29.749497622695735],[-106.31593376565515,29.752422714877152],[-106.3093566374521,29.762143237765756],[-106.3044651864414,29.765946400048762],[-106.300559564957,29.768982738119963],[-106.29806442281296,29.775387325518121],[-106.30059671956799,29.777854349976444],[-106.30186378165284,29.779294158030062],[-106.29748200826177,29.786943236751569],[-106.27632301284963,29.783660270651644],[-106.25516527178311,29.78037387519181],[-106.23760348278131,29.777643280398042],[-106.22004256222456,29.774910324272675],[-106.20442539914946,29.772477773076336],[-106.19338709540098,29.770757240399778],[-106.17319139781083,29.763794649363138],[-106.16309630613026,29.760931143478565],[-106.14795194875873,29.755602774586482],[-106.13375155691996,29.749032561115449],[-106.12491662888552,29.744925291980557],[-106.11703416662995,29.743497713063348],[-106.10947364783857,29.744957629316435],[-106.10127893156726,29.744767726848707],[-106.09275686507576,29.738800667240618],[-106.06724626302469,29.747616005500085],[-106.04173106189232,29.756426522787706],[-106.01524040873475,29.746560242512377],[-106.01523015967975,29.738925867058498],[-106.01522269367226,29.73335483164696],[-106.01647626396509,29.728194792300766],[-106.02182344561992,29.72117218494386],[-106.01205167547231,29.718296491126129],[-106.0051278845532,29.724908015713194],[-105.99567930694485,29.729046142937346],[-105.99234474628743,29.730468633066785],[-105.9914720860272,29.73089474254795],[-105.99059941827009,29.731320846418019],[-105.98897820277732,29.732088599009067],[-105.98523726320812,29.733879296843263],[-105.98371985245153,29.733655131861294],[-105.98233027849521,29.733511500848483],[-105.98004590509532,29.732803978520018],[-105.97737808769455,29.731854746411621],[-105.97546807641173,29.730976348917686],[-105.9733097927875,29.730266773793762],[-105.97154048620632,29.730046331325159],[-105.96965618226542,29.730322750888696],[-105.96839814339639,29.73042452345949],[-105.96677128066783,29.730944527765722],[-105.96302267051669,29.732404632476296],[-105.96090637127752,29.733592200577064],[-105.95817280360252,29.735366779210665],[-105.95568931179773,29.737054979385618],[-105.94979290198275,29.738299781928472],[-105.94789931094051,29.738163428052491],[-105.94588334972759,29.738193941542502],[-105.94449013499791,29.737884925640003],[-105.94359548790369,29.737320799271785],[-105.94193764454504,29.736438106801558],[-105.93915309856048,29.735902470325961],[-105.93749170760326,29.734854733171531],[-105.93608594168164,29.733968168371629],[-105.93341848140726,29.733018041774315],[-105.92998973162868,29.731831724150627],[-105.9279684946364,29.731614477703623],[-105.92620104092373,29.731475921147826],[-105.9244174514327,29.730594890805936],[-105.92364359059039,29.729781255796485],[-105.92273300359416,29.728474532038014],[-105.92080560934681,29.726770387319224],[-105.91938936624004,29.725388671163884],[-105.91823763950937,29.724580643387931],[-105.91746744892917,29.723931958483],[-105.91404097284018,29.722827710455839],[-105.91212096345201,29.721453412032645],[-105.91121238397514,29.720229097794554],[-105.91004475204461,29.718678540154972],[-105.90913622330669,29.717454210095699],[-105.90836080732721,29.716557984051025],[-105.90758896230948,29.715826743793549],[-105.90161684825644,29.713522090095253],[-105.89972022418777,29.713220044793385],[-105.89692944337402,29.712353517003006],[-105.89439771313364,29.711813200501336],[-105.89288257410715,29.711670476901766],[-105.89173651075956,29.711109696850841],[-105.89058869603309,29.710466409707109],[-105.88980291162132,29.709075094495429],[-105.88724839389309,29.707462191650841],[-105.88546379996325,29.70649812025167],[-105.88431431633197,29.705772281086865],[-105.88352865675718,29.704380925117796],[-105.88300020600622,29.703233361721271],[-105.88247176860116,29.702085795765079],[-105.88181563240489,29.700857575808442],[-105.88038096846623,29.69856795897304],[-105.879835032035,29.696595417071929],[-105.877055392019,29.696223434321841],[-105.87529211368759,29.696249176182132],[-105.8741498232669,29.695853229365692],[-105.87300754158403,29.69545727249141],[-105.87136497657617,29.695233636242698],[-105.86898420112068,29.6958459398389],[-105.8674832935272,29.696362893226564],[-105.86358235591601,29.696584572662243],[-105.85914978262267,29.695493478127563],[-105.85486059765799,29.695225385472682],[-105.84881681075949,29.69539502846909],[-105.84179299389719,29.696898806997346],[-105.83852515845996,29.697275713814289],[-105.83564375025075,29.698059628052199],[-105.83151992188205,29.699686426123122],[-105.82915420922473,29.701040499089384],[-105.82492908687955,29.701828195298454],[-105.82388284146002,29.70202322317542],[-105.82165635942704,29.701570786313201],[-105.81661476174203,29.703941749183816],[-105.81577051262333,29.705769180286953],[-105.81505730783998,29.707842319249472],[-105.81337376673756,29.71174465017598],[-105.81206972676519,29.715724124722847],[-105.81086606668491,29.718464337351051],[-105.80967083891034,29.721617029158953],[-105.80848912471529,29.725429695459948],[-105.80814342315823,29.727002482632066],[-105.80808365628384,29.730221679042415],[-105.80686954157953,29.732466866956027],[-105.80552937362201,29.734713817141976],[-105.80394392232132,29.737294287480378],[-105.80186452731853,29.740376804521301],[-105.80015796165588,29.743206494025344],[-105.79867627362786,29.744712661229467],[-105.79595466485915,29.747226431354928],[-105.79260282736291,29.749748950574212],[-105.78974649006865,29.751851865930607],[-105.78650523439163,29.75362999245834],[-105.78523323379875,29.753070045880541],[-105.78334120578886,29.753013836688439],[-105.78234140851578,29.753440339199532],[-105.78355316906728,29.758531021180534],[-105.78249702851927,29.779680034743137],[-105.7726815887365,29.800712802706713],[-105.7628621276598,29.82174484861839],[-105.76591126745249,29.825489891947274],[-105.77056793405917,29.829195342209012],[-105.78160380071071,29.834359060013604],[-105.78664399886388,29.842408426880144],[-105.78852802270195,29.852519855111801],[-105.79135771196205,29.864282288451577],[-105.79324250134373,29.874599939957896],[-105.79417998422954,29.885948938755689],[-105.79511970546288,29.894821836255431],[-105.79669130780206,29.90328222458913],[-105.79731300393163,29.915662738237167],[-105.80456602125851,29.927838607660437],[-105.81529657589844,29.93671319672141],[-105.82255506461927,29.945586582019711],[-105.82381091673383,29.960236582900617],[-105.83138736115021,29.970141107042849],[-105.83928209946649,29.977569118091576],[-105.8468622411096,29.984377652957154],[-105.85507571233406,29.989122284318146],[-105.86297390594157,29.994691787690954],[-105.87118895509661,30.000673372766816],[-105.87782499064777,30.007273959522639],[-105.88446183513489,30.013255190355611],[-105.89286496965472,30.018169891142062],[-105.90279453923316,30.023976012828047],[-105.90414786732006,30.03340079394928],[-105.90550148113596,30.042825586685545],[-105.90691332504247,30.052653696822187],[-105.90154045835905,30.058227548269048],[-105.89901248783579,30.06318077967186],[-105.89553592495987,30.069166075002592],[-105.89016173896721,30.075771129282124],[-105.88700364559116,30.078150289403315],[-105.8664440455492,30.09476194916191],[-105.85885225952272,30.102604322611818],[-105.85220847614939,30.109414468562154],[-105.84682969000619,30.114160834203624],[-105.83828654763818,30.119526200690537],[-105.83227339108149,30.125303676270502],[-105.82657620861679,30.130461901551708],[-105.82087934642179,30.133762909120964],[-105.81454948174135,30.136650937819471],[-105.80821886172197,30.140157661214182],[-105.79903933879338,30.144282437547716],[-105.79049196410995,30.148406775907436],[-105.78194386906374,30.152530566860012],[-105.77465982938941,30.157892339643219],[-105.77022379450484,30.163048705185666],[-105.76357315139261,30.166759507742544],[-105.75344349467555,30.167579357433183],[-105.74457795411544,30.169843581384026],[-105.73729387482727,30.172727330130012],[-105.73127557118782,30.175611632405264],[-105.72398856186064,30.179938984218222],[-105.71796817026464,30.18364801896595],[-105.71289741706309,30.187151292531937],[-105.70687280455287,30.192923157710766],[-105.70148456304163,30.196425705613247],[-105.69513566191263,30.199347708094738],[-105.69387952080105,30.199925775800992],[-105.69133175050449,30.208176473572923],[-105.67992501802419,30.211878053566526],[-105.68055250596274,30.214973766708567],[-105.67801076464642,30.219303882379243],[-105.67103980835616,30.221152713475401],[-105.66438740912312,30.221969907314929],[-105.65677510943424,30.227324862759655],[-105.64915333931822,30.236599717820098],[-105.64533289925521,30.245260479905149],[-105.65227381490729,30.258268952515877],[-105.65384503448573,30.264254698969609],[-105.65667994382409,30.272099061161313],[-105.66109290803141,30.283246664685958],[-105.6667546808571,30.304299519967245],[-105.66167468075177,30.308419863037397],[-105.6534158930108,30.316456157193141],[-105.64547279369475,30.324492376385408],[-105.63499625416013,30.330667478479224],[-105.62801710851647,30.332307783213057],[-105.61660245424351,30.332496390551473],[-105.60867701942216,30.33207083327817],[-105.59884985361626,30.331435182056779],[-105.58267873115246,30.331818834209962],[-105.56682825268767,30.330963122355765],[-105.56207493241222,30.330128302017521],[-105.55911351512299,30.325616960879209],[-105.53915663858261,30.325514243846836],[-105.53192683802565,30.328515087014171],[-105.52692470170041,30.332100448450383],[-105.52129638741962,30.336107964104208],[-105.51785055272165,30.338224480810236],[-105.49670774258696,30.325234876223668],[-105.47557048718728,30.312241767038614],[-105.47576217540245,30.322970490092985],[-105.47592441864064,30.332048626023237],[-105.47131765234577,30.340166203285243],[-105.45998194337497,30.344049827204685],[-105.44924973465142,30.346272545605949],[-105.44263822586215,30.348640164297855],[-105.44373329822804,30.356879056698439],[-105.44735199202538,30.364461593522048],[-105.44061627681569,30.359814178111044],[-105.43459037057022,30.359489891810558],[-105.42399911857161,30.36996344574677],[-105.41713992644529,30.376460854497918],[-105.40677674304804,30.381976677804751],[-105.40078843670497,30.383920398738493],[-105.38810372275545,30.38348328993699],[-105.37476452756491,30.381816001675883],[-105.36110202650966,30.379739162954756],[-105.34780483145792,30.380545016948911],[-105.33424485247497,30.384655136604337],[-105.32383561851573,30.387688505933859],[-105.31501014505243,30.39069928953197],[-105.30996008595346,30.392006816592872],[-105.29689807547692,30.387851313200493],[-105.28508486488603,30.38243940578953],[-105.27552353333573,30.379059916270513],[-105.26595635602575,30.375267064077189],[-105.25417859439554,30.371915625543391],[-105.24398570606084,30.368542221149646],[-105.23133213609947,30.369946847242158],[-105.218443268454,30.376718968684241],[-105.21257072490619,30.386494645204493],[-105.20825338330475,30.394392609180557],[-105.20011978109021,30.401514064355545],[-105.19100012347587,30.406377538123323],[-105.18155030700142,30.410419084246616],[-105.17082573500362,30.414063308740452],[-105.16231314448305,30.417266122135519],[-105.15380904365344,30.421087375342285],[-105.14532526850994,30.426352394645608],[-105.13810271184904,30.431188502732677],[-105.1324200616268,30.432909687102516],[-105.12157913160129,30.428709265326127],[-105.11171648711691,30.426353349720177],[-105.0999842363177,30.42628935701001],[-105.09050277938869,30.428467322579042],[-105.08134078800371,30.430847146786828],[-105.0703017195235,30.435105903527003],[-105.06338338133638,30.439315119366704],[-105.05742127801263,30.443925448157838],[-105.05117794405824,30.451221548599705],[-105.0465583428628,30.461387498657619],[-105.04446668570635,30.470904711750869],[-105.04488423072308,30.478328985527884],[-105.0436879526785,30.483708418240553],[-105.034155415821,30.482580962918384],[-105.02495402313117,30.482480823163723],[-105.01576901361858,30.483618032604227],[-105.00658379134805,30.484754594977439],[-104.99327466831872,30.485937032740601],[-104.98773155171888,30.486618452714414],[-104.98218835797896,30.487299636962788],[-104.97237324161441,30.488853548122371],[-104.96350686276629,30.490189884836269],[-104.95682177469122,30.488406234351487],[-104.95482231056783,30.480792768638437],[-104.95313253896029,30.472556784418064],[-104.949236017639,30.465376726796951],[-104.93586743726466,30.461601275891525],[-104.92222071812354,30.460922887201527],[-104.91400553225547,30.463487075907683],[-104.90321042911209,30.462569903939556],[-104.88572143260309,30.458832862886272],[-104.87459784926152,30.456884956602252],[-104.87112652378134,30.458365400613818],[-104.86716566013939,30.472232446717328],[-104.87297169120006,30.480426940944206],[-104.87120904133241,30.492414060591802],[-104.87476906272373,30.498361685690714],[-104.87768279447893,30.503284122742318],[-104.87747515317416,30.512572469364418],[-104.87817069145372,30.517724242326207],[-104.88454392111694,30.519927896766642],[-104.88873551079932,30.525455833409104],[-104.88591628130776,30.528580680030885],[-104.88376098772731,30.534174856088892],[-104.89336844095402,30.541296973680844],[-104.89308809933331,30.544395301783567],[-104.89445660813445,30.552635300024008],[-104.8999199375107,30.558149516089472],[-104.90065675701629,30.566602455778938],[-104.90552868297254,30.575630768720281],[-104.90783874857885,30.58282884852742],[-104.91488468546376,30.587706587254804],[-104.92065098661682,30.591772207942675],[-104.92360531101886,30.599582192740531],[-104.9278127102058,30.605934137568088],[-104.93541716139678,30.604407671218496],[-104.94436653921591,30.608850534008401],[-104.95230933632897,30.608970269859292],[-104.95871109382189,30.612820915975274],[-104.96698236557746,30.61376158639694],[-104.97720989662311,30.618600800777177],[-104.98331692514633,30.624104400248918],[-104.98404016005858,30.630906157304107],[-104.98731044827707,30.638092115721882],[-104.98771901535871,30.645103725455105],[-104.98945216344194,30.656227637907346],[-104.99145792540898,30.663840369255606],[-104.99665018979751,30.672036265307078],[-105.0024249135099,30.676098213234607],[-105.00410341734687,30.682889014170719],[-105.01207959738801,30.685068366175614],[-105.02099325258408,30.685998349975854],[-105.02798335857601,30.685711729310501],[-105.03628372289542,30.688298587919203],[-105.04522307166104,30.691083840638871],[-105.04934420474257,30.690210366599111],[-105.05181410301084,30.684816190124153],[-105.05691102524675,30.685581926641628],[-105.06077054856716,30.688838328511334],[-105.06523201730784,30.689611213688778],[-105.06406548667401,30.697260234777055],[-105.06954656306669,30.70276719891741],[-105.07752584146266,30.704942522651756],[-105.08291029777868,30.703433885664111],[-105.08202268386428,30.708190719644563],[-105.08558907370376,30.71310075252298],[-105.08978885218016,30.717796740852751],[-105.09554405865538,30.719997598415738],[-105.1009698886632,30.72137674325063],[-105.1045377241997,30.726286242581185],[-105.10713140917127,30.729762939350206],[-105.10942487813277,30.734481376745517],[-105.11548775067982,30.735852192276113],[-105.11337345727335,30.743719533034451],[-105.11659223722758,30.746363004013443],[-105.11914847153763,30.7471572618756],[-105.12206130740535,30.75062976517669],[-105.12557784221937,30.751824868237161],[-105.14026000510066,30.755152209645459],[-105.15173504627552,30.756660657753656],[-105.15934471475452,30.754914784252247],[-105.16293199347461,30.760854241069428],[-105.15859112189942,30.768543864601796],[-105.16121529942652,30.773876327830376],[-105.16731195952171,30.777307900632785],[-105.17275123024373,30.779302976785726],[-105.17581892606951,30.771628984964916],[-105.18511287085317,30.776051066852652],[-105.18874599613639,30.784878242905272],[-105.19452613692032,30.788312576098015],[-105.19745541644356,30.792608621690288],[-105.20377546923665,30.789638526250162],[-105.2078301207664,30.784221025301157],[-105.21419354151639,30.784138874105579],[-105.22069024631003,30.792721742299104],[-105.21534728273498,30.797124530284094],[-105.21769198964176,30.804729416795936],[-105.2230924973714,30.804040240808451],[-105.23198389129365,30.802686184211368],[-105.24155333229561,30.804005266373593],[-105.25360728028623,30.801369965012029],[-105.26183544764594,30.798371760559444],[-105.26673302917787,30.806148167630958],[-105.27156244332619,30.80959176406914],[-105.27795383465995,30.811156992035198],[-105.28219365641112,30.817497130380755],[-105.2854095547611,30.819517403516123],[-105.29085693657157,30.821713798699552],[-105.29158334695452,30.827275657841781],[-105.29478643006554,30.8284704374807],[-105.30171895251779,30.824042763099456],[-105.30478783910364,30.816984763260262],[-105.30979606570578,30.811757417770512],[-105.31367248432745,30.815212478759847],[-105.31719032339416,30.816196034204594],[-105.32043062204839,30.819659623323652],[-105.32019365492316,30.824615502001322],[-105.32184958742171,30.828513545613411],[-105.32535099631873,30.828465312538587],[-105.33175472888846,30.830646804256308],[-105.33406840161517,30.835773742594704],[-105.34014074746287,30.837133977144916],[-105.34241378254328,30.839785022875233],[-105.35004716664824,30.839265824760705],[-105.35645563190305,30.841652392916917],[-105.35841433181683,30.84451392839398],[-105.36389959383136,30.848770321105263],[-105.3690285145245,30.850761568385874],[-105.37538909533238,30.850258853391953],[-105.38176017007598,30.850374753101921],[-105.38914298786291,30.853777643130083],[-105.39329267596405,30.854337397286351],[-105.40093046684686,30.854021502341652],[-105.40164209432795,30.85834481607105],[-105.39822147804455,30.863140203048289],[-105.39732666632663,30.866661140076289],[-105.39742979260558,30.872644063542996],[-105.39815208554496,30.877586306913528],[-105.4045821355145,30.881001983390654],[-105.40441368111978,30.88967145767873],[-105.40954202534499,30.891454753872722],[-105.41371500534083,30.893251673467962],[-105.41734470886415,30.900421643682975],[-105.43049920066706,30.905595610481292],[-105.43693590651674,30.909215941646124],[-105.44430321764555,30.911377769290866],[-105.44629893061798,30.916094642640886],[-105.45046263890454,30.917271441817494],[-105.45526364277291,30.918438684613648],[-105.45505185006395,30.924426190401906],[-105.46383369188281,30.926867793177504],[-105.46914523964519,30.92834420423895],[-105.46946141588995,30.928933043776265],[-105.47211334437496,30.933871618903904],[-105.47981692030578,30.93685184064763],[-105.48691741218117,30.941697888139885],[-105.49051305529066,30.946596370147919],[-105.49918942284819,30.950386215909475],[-105.49997052228136,30.958215970753027],[-105.50680043558999,30.965541297550192],[-105.51769137571493,30.968264472245306],[-105.52355934240809,30.975190880714671],[-105.52713122743614,30.978644199500263],[-105.53165207201479,30.981670118167045],[-105.53901541789125,30.98320754819532],[-105.54800413911973,30.986370225213275],[-105.554131823558,30.989989508955286],[-105.56252710476444,30.995430322534439],[-105.56579013937339,30.999300103952191],[-105.56714022616605,31.003199751329774],[-105.56692352282451,31.008568400263549],[-105.57020293849703,31.013263231473307],[-105.57669556164552,31.019145631877134],[-105.58000749639933,31.025490542880341],[-105.58052050404262,31.035593877799666],[-105.58325083165978,31.04483682320804],[-105.58626496252525,31.052218023369807],[-105.59150099131425,31.058944916159557],[-105.59574856686639,31.0640364455186],[-105.59972557478625,31.071608386630459],[-105.60463647817363,31.077927192568207],[-105.61113161848328,31.083601428154658],[-105.61728815510588,31.088248994574741],[-105.62374821747069,31.092065968144755],[-105.6301884281099,31.094851169121316],[-105.63659222525943,31.095779453809104],[-105.64367141122349,31.098553637495588],[-105.64830854028412,31.106938746711606],[-105.65421518230093,31.114890259538523],[-105.66385437115186,31.117827877506581],[-105.6699657328884,31.119997418451462],[-105.67768199939258,31.122552899613719],[-105.69020865796651,31.12605992033691],[-105.6988922102591,31.129010775882666],[-105.70728246231943,31.13320407054994],[-105.71148424104399,31.135609930243366],[-105.7179853588662,31.141072299065165],[-105.72515158285179,31.147761231411241],[-105.73232741225262,31.154862302648809],[-105.73879221780544,31.15846705322684],[-105.75066095267921,31.160741239325041],[-105.76541778947987,31.16358379111557],[-105.77088676961714,31.165346866439755],[-105.77516623054572,31.171257283469089],[-105.77790628420412,31.179876736305545],[-105.77999470245109,31.187888338739093],[-105.78512097316799,31.192286527853469],[-105.78683163565603,31.193754087864995],[-105.79363835921741,31.198175538221069],[-105.80017515936773,31.204871196385643],[-105.80770278210944,31.212993622832713],[-105.81798483239363,31.229909170806746],[-105.81862213405778,31.230406440056075],[-105.81951367977825,31.231275982608139],[-105.82097847853458,31.232683863098092],[-105.82238004087198,31.233926420381991],[-105.82371722461984,31.235292607470797],[-105.82511870044536,31.236576411876793],[-105.82639234965994,31.237859822895967],[-105.82811228603742,31.239474763201631],[-105.82938601485212,31.24075814259448],[-105.83091488377048,31.242207368000884],[-105.83244348295837,31.243739130553397],[-105.83371732793628,31.245022464142707],[-105.83505545852371,31.246223411623664],[-105.83671160086139,31.247879324366217],[-105.83811250564447,31.249410648109723],[-105.84040430656542,31.252100292711699],[-105.84199593224437,31.253962342348895],[-105.84422370494273,31.256734288971241],[-105.84581472446928,31.258802678866552],[-105.84708819723858,31.260292261639481],[-105.84817046863776,31.261616186736592],[-105.84976240974618,31.263478130945401],[-105.85122726056754,31.265133312520533],[-105.85237151001161,31.267035269692386],[-105.85300447946013,31.26885326032474],[-105.85344754331881,31.27013410783589],[-105.8543356345792,31.272159179972203],[-105.85535537127507,31.273152638115942],[-105.85784378299635,31.274810509044411],[-105.85892768949698,31.275762831883604],[-105.86886465795214,31.287553477379209],[-105.86950120108024,31.288463258728999],[-105.87052113277004,31.289497865099261],[-105.87211763417785,31.290286281944503],[-105.8731401318081,31.290577864786236],[-105.87448205522284,31.290994091153099],[-105.87646311548495,31.291577045929731],[-105.8781261469494,31.291622548051485],[-105.87934181493146,31.291543064320066],[-105.88126153639571,31.29134150371976],[-105.88292551375638,31.291097998332813],[-105.88522902191799,31.290897335397318],[-105.88746855199649,31.290696474211863],[-105.8892600365847,31.290577035449925],[-105.89124507596566,31.290210333046563],[-105.89661428691153,31.291502894648751],[-105.89782386886139,31.293363290844503],[-105.90347840184458,31.306007672620343],[-105.90411502397387,31.307041103656513],[-105.90488062355662,31.307744606299625],[-105.90622004328941,31.309109878542465],[-105.9078779119512,31.310971200784515],[-105.90845063384172,31.312004460374229],[-105.90947248186752,31.31262596629713],[-105.91094308237344,31.31295953843394],[-105.91145493993697,31.31296070129148],[-105.91292640724564,31.31300530846341],[-105.91471851545856,31.312802952114517],[-105.91759830832331,31.312602991186161],[-105.91964542967438,31.312401173260763],[-105.9216933161031,31.31224056159418],[-105.92668398888128,31.312210111137038],[-105.92873116336064,31.312297052056707],[-105.93090596107837,31.312508063395125],[-105.93244003983092,31.313047910754477],[-105.93429303151946,31.313959904979736],[-105.93569738937794,31.315159881838138],[-105.9365267102353,31.31606970921051],[-105.93742049509699,31.317144732576722],[-105.93812243673656,31.317847898434088],[-105.93901457092808,31.319211890095588],[-105.94226222048373,31.325121188812506],[-105.94296061537108,31.326856294500484],[-105.94372410116769,31.328880385261169],[-105.9442966739863,31.330161135353102],[-105.94505940839868,31.332143977940653],[-105.94569623061423,31.333342294532148],[-105.94760754566471,31.336648282075831],[-105.94843546971302,31.338218456856051],[-105.94887857065422,31.340118085023331],[-105.94874748658097,31.341314867696386],[-105.94861671904283,31.342387818396155],[-105.9482925934206,31.343625538825691],[-105.94784105547406,31.344986795440128],[-105.94732610025274,31.346471714455781],[-105.94687399952682,31.348039352761138],[-105.9464857839321,31.349648394447065],[-105.94629065225384,31.350845045886974],[-105.94628941054025,31.350968916728078],[-105.94628722475723,31.351001973817599],[-105.94622449803506,31.351670458162818],[-105.94641502052372,31.35224871791921],[-105.94698831431288,31.353323062891867],[-105.94775461104912,31.354026291984535],[-105.94915741396017,31.356134192312375],[-105.95030507525854,31.35791135903666],[-105.95126189556753,31.359234094752331],[-105.95336599687175,31.362540342829057],[-105.95547292919508,31.364773353515403],[-105.95675223799516,31.365188565830703],[-105.95841549003087,31.365315487501022],[-105.96865763803994,31.36554091843141],[-105.97064255960116,31.365792129768263],[-105.97262470317848,31.366827594526455],[-105.98382437434194,31.375929803137165],[-105.9950262026461,31.385030975926185],[-105.99611266263031,31.385801219054137],[-106.00400787090756,31.391397868784129],[-106.02269049830306,31.38663708634558],[-106.02411396936429,31.38627422116296],[-106.02831503847382,31.387844252311883],[-106.03417799374411,31.389451289480682],[-106.03605343982973,31.389964959017352],[-106.0456768567736,31.390604314820777],[-106.05366966599752,31.390036574305718],[-106.06135233361937,31.389887068552746],[-106.06971564333585,31.391374549835152],[-106.07679872855812,31.392886596492364],[-106.0848831291227,31.396029308128636],[-106.08882560459017,31.400078592009795],[-106.09776849814499,31.408537253022505],[-106.10293031190184,31.413418636769848],[-106.10875539390251,31.415779097465972],[-106.11938883776989,31.418250031202621],[-106.12498752454492,31.423620480386901],[-106.12996103628056,31.42392700055122],[-106.14246631297129,31.430264011443384],[-106.15119468710024,31.434885028162444],[-106.15869472972253,31.439538741758366],[-106.16327853304067,31.443366501497831],[-106.16520237407802,31.448181641946036],[-106.16920235493346,31.452485826362704],[-106.17409809197184,31.455642642204786],[-106.18015060329679,31.458549244124846],[-106.18465557285957,31.459959321931425],[-106.18851653329017,31.460787800423844],[-106.19276217727369,31.461698474932319],[-106.19816616606832,31.462690925402317],[-106.20370375356963,31.465097800644017],[-106.2070561102549,31.467672897510397],[-106.21092774779103,31.471578275312066],[-106.21441181386999,31.474901682193686],[-106.21576520676932,31.476976142194239],[-106.21711866050046,31.479050586607567],[-106.21777413604319,31.480055196102711],[-106.21945936841742,31.483713310979887],[-106.22059980000103,31.490981861576021],[-106.22090785787212,31.492945052042021],[-106.22259284763767,31.496436666069819],[-106.22286356378338,31.499763405250739],[-106.22261707984322,31.502925546780606],[-106.22468541495074,31.505750724108843],[-106.22830022422337,31.509156713049929],[-106.23088543719358,31.512397564384521],[-106.23295872148059,31.516304503833869],[-106.23464872741458,31.520877385523271],[-106.23568695623611,31.523205147990648],[-106.23698928861896,31.527279402791514],[-106.23700013370389,31.527333419829787],[-106.23790762365597,31.531853263924237],[-106.23920921945145,31.535677936085367],[-106.24077031913758,31.540001317889846],[-106.24451927478988,31.544321431273751],[-106.2476228312109,31.548060255350041],[-106.25136584432543,31.550716677597784],[-106.25678059713839,31.552954552343436],[-106.26052133092102,31.554945233262856],[-106.26555143263643,31.557432864509991],[-106.26993460266786,31.559047896918869],[-106.27431791830051,31.560662773709719],[-106.27574404925411,31.56307270026026],[-106.27717025525808,31.565482608960931],[-106.27721066405049,31.566639392077231],[-106.27731717251756,31.569724913203682],[-106.27850043963272,31.575462500592931],[-106.28081126481919,31.582355088129741],[-106.28457243848165,31.588587244044245],[-106.28839826821138,31.592969127368249],[-106.29406793113573,31.598689930499752],[-106.29802963096506,31.602915598656413],[-106.29977814664088,31.605380595169951],[-106.30034431460132,31.606266374848794],[-106.30091049456897,31.607152152499189],[-106.30158515184779,31.608251243145094],[-106.30192248707755,31.60880078599406],[-106.30225982637066,31.609350328700543],[-106.30263876985843,31.610046155992023],[-106.30274842675097,31.610585635743515],[-106.30266219726379,31.610631101329655],[-106.30268677063071,31.610752288303399],[-106.30279291541434,31.612692287506807],[-106.30279075117274,31.614430247491899],[-106.30275121200215,31.61537862730118],[-106.30269378905103,31.616936586330066],[-106.30284105592364,31.618041056286302],[-106.302702315001,31.619441848105243],[-106.3027446773134,31.619833079074237],[-106.30285367611995,31.620839687068486],[-106.3030725251724,31.621401721320066],[-106.30443863823439,31.623800080494213],[-106.30463581859844,31.624146520292069],[-106.30628199566222,31.627036632988041],[-106.30643158115829,31.627299234672112],[-106.30704753331793,31.628380574411654],[-106.3074750845947,31.628940527908636],[-106.30874045903651,31.630597722402893],[-106.31134388517745,31.633776039047628],[-106.31220071374347,31.634749948494214],[-106.31236699466605,31.634938947685121],[-106.31306021902849,31.63576718127424],[-106.3149682607517,31.638252876984264],[-106.31805744227583,31.642170866746547],[-106.32605839522762,31.651951309805906],[-106.3264125775779,31.652737596832388],[-106.32938269188101,31.657942981831066],[-106.33095218503007,31.660228867525092],[-106.33138063145644,31.660677554925201],[-106.33221123564776,31.661547384545504],[-106.3338294959962,31.66242673060647],[-106.33401902664187,31.662763305288312],[-106.33427513815047,31.662992040592396],[-106.33460695842589,31.663134155012536],[-106.33469999282596,31.6639702665566],[-106.33483686951142,31.66459424169301],[-106.33503076619935,31.665235469281029],[-106.33526166008031,31.665695746744575],[-106.335522220939,31.666105852219165],[-106.33575311952656,31.666566128605492],[-106.33606220989921,31.66695787454789],[-106.33610663491922,31.667295965077816],[-106.33621734817093,31.667655932310335],[-106.33647415635957,31.668082080226675],[-106.33657765914474,31.668859674867221],[-106.33670222644763,31.669173734683739],[-106.33691670337679,31.669499378101186],[-106.33725413540415,31.670026245947842],[-106.33757692187685,31.670451699698855],[-106.33781010683234,31.671069939978459],[-106.33802227603934,31.67160171573925],[-106.33934090404863,31.67475541690882],[-106.34037007368497,31.67658409106555],[-106.34078260496108,31.677742128942555],[-106.34151830783259,31.679348173454034],[-106.34220304420333,31.681078886534067],[-106.34246602067341,31.681612274694256],[-106.34312743171729,31.682953778038371]]]},"properties":{"OBJECTID":2,"DISTRITO":2,"ENTIDAD":8,"D":"uno","Shape_Length":880338.5262337483,"Shape_Area":25350579362.967525}},{"type":"Feature","id":3,"geometry":{"type":"Polygon","coordinates":[[[-108.20610550556771,31.781976926957416],[-108.20577166408303,31.747795439731714],[-108.20641668342168,31.681764209336258],[-108.20706502364409,31.615732459739515],[-108.20618747817016,31.563550462627592],[-108.20573716686869,31.506418226737004],[-108.2052905747359,31.449285522348088],[-108.20484769563265,31.392152350164181],[-108.2044085234525,31.335018710890488],[-108.22482414490631,31.335023442531597],[-108.24523946747441,31.335024919369932],[-108.2656544878557,31.33502314150002],[-108.28606920274935,31.335018109018218],[-108.30648360885472,31.335009822022716],[-108.32689770287141,31.334998280613565],[-108.34731148149925,31.334983484892614],[-108.3677249414383,31.334965434963593],[-108.38813807938888,31.334944130932023],[-108.40855089205154,31.334919572905267],[-108.42896337612706,31.334891760992566],[-108.44937552831648,31.334860695304947],[-108.46978734532114,31.334826375955306],[-108.49019882384253,31.334788803058338],[-108.51060996058253,31.334747976730611],[-108.53102075224315,31.334703897090499],[-108.55182686026383,31.334655610316595],[-108.56788325297734,31.334559775010177],[-108.58393940725131,31.334461927956752],[-108.5999953214815,31.334362069230497],[-108.61605099406385,31.334260198906275],[-108.63210642339439,31.334156317059662],[-108.64816160786924,31.334050423766936],[-108.6642165458847,31.333942519105058],[-108.68027123583715,31.333832603151716],[-108.69632567612315,31.33372067598529],[-108.71237986513935,31.333606737684846],[-108.72843380128252,31.33349078833016],[-108.74448748294959,31.333372828001711],[-108.76054090853761,31.333252856780682],[-108.77659407644373,31.333130874748942],[-108.7926469850653,31.333006881989071],[-108.80869963279974,31.332880878584344],[-108.80768775619575,31.330799286216202],[-108.80754539896614,31.328226813185491],[-108.8002967346292,31.324396957025446],[-108.79556285011564,31.325694702770139],[-108.79369945863951,31.326138867637663],[-108.78810560238148,31.325850750099459],[-108.78451756520229,31.326143931497416],[-108.78121068943805,31.326867604462777],[-108.77675725056594,31.32866121746488],[-108.7709741769839,31.326918599480074],[-108.76981099954207,31.326568059102264],[-108.76310531288759,31.32454695311587],[-108.75379929857793,31.321741391350255],[-108.75264211241118,31.321392466666477],[-108.75241186167317,31.321323038332597],[-108.75055903811469,31.32056143438022],[-108.74846814647321,31.319701926209664],[-108.74713619929157,31.319114633229532],[-108.74432593099574,31.31787543704398],[-108.74329973713853,31.317422910736134],[-108.74325509662684,31.317403225229125],[-108.74329753156393,31.317251111196089],[-108.7439646134453,31.314859773857222],[-108.74439141965621,31.313329693748457],[-108.74454209112974,31.312789529949228],[-108.74468072642721,31.312292511790474],[-108.74594847833316,31.307747237192036],[-108.74606040166873,31.307345930595016],[-108.7468346031944,31.304569906034491],[-108.74731312515257,31.302853996521694],[-108.74742746054659,31.302443994183122],[-108.74862919843228,31.298134369417507],[-108.74884562614962,31.297358176793832],[-108.75012632204108,31.292764812110594],[-108.75023761761516,31.292365612655257],[-108.7503266721739,31.29204618346936],[-108.75160629039,31.287456084554581],[-108.75170185294421,31.287113272651826],[-108.75176414198714,31.286889823631594],[-108.75241512821813,31.284554450411147],[-108.75252442620042,31.284162338874204],[-108.75354031290684,31.283525981326051],[-108.75407262435206,31.283192531595756],[-108.7569507355863,31.281389548961197],[-108.75784085532376,31.280831908208835],[-108.75818429674139,31.280616746678593],[-108.7632420261458,31.277447911814551],[-108.7674291797149,31.274824200593034],[-108.76874927847415,31.273996953146749],[-108.76944029591513,31.273563911930768],[-108.77406460331875,31.270665781456945],[-108.77474921043262,31.27023669716403],[-108.78006523246901,31.266904558790486],[-108.78051552685086,31.266622287993179],[-108.78151849961782,31.265993554288059],[-108.78413702824967,31.26435199670631],[-108.78465252155046,31.264028820055891],[-108.78518360079622,31.26369586791845],[-108.78552955557936,31.263478973728656],[-108.79155389682312,31.259701738823111],[-108.79408034174028,31.258117489557634],[-108.79494066369573,31.257577986622],[-108.79963510240712,31.254633912169318],[-108.80004569336398,31.254376396252042],[-108.80050123554538,31.254090684775495],[-108.80502048122906,31.251256069551118],[-108.8057753829488,31.250782537868027],[-108.81073707854952,31.247669951018835],[-108.80961399152419,31.241512871438079],[-108.80944721712586,31.240598507841483],[-108.8085041997891,31.235428019489323],[-108.80706025438842,31.227510058473765],[-108.80496262621222,31.216005610205162],[-108.80285921104539,31.204467060673302],[-108.80133416126102,31.196099731225544],[-108.80733107335413,31.197084529278651],[-108.80995034189482,31.198344628170272],[-108.81050481405806,31.198611366803419],[-108.81534019080544,31.200241744129073],[-108.82020086596538,31.200303132770106],[-108.82455649961938,31.199945057768335],[-108.82893182683058,31.198348289677266],[-108.83224854217129,31.197442409447326],[-108.83240116126936,31.197400722346082],[-108.83854372030552,31.198620457809469],[-108.84349681535829,31.199603766852153],[-108.85038284033017,31.203227400878923],[-108.85072960369892,31.203409861760672],[-108.85118787432098,31.203577809462217],[-108.85632708028409,31.205461087628475],[-108.85922419591478,31.208387320622169],[-108.86442681541348,31.21117662987762],[-108.8654356263219,31.21237316383635],[-108.86794480568122,31.215349099967955],[-108.88372041482924,31.22132254337447],[-108.89949784008854,31.227293876891419],[-108.90520958138002,31.230418060886091],[-108.91318900548744,31.235964058266365],[-108.91865942523158,31.23817632989384],[-108.92126366944197,31.239487300892119],[-108.92386798757285,31.240798222502811],[-108.92911252592053,31.2410252722782],[-108.93172511153823,31.246093912330082],[-108.93653093846751,31.250031994465505],[-108.93796244442362,31.252774190648655],[-108.93939402948121,31.25551637327731],[-108.94347042032385,31.256885428230689],[-108.94780415095867,31.258174765060534],[-108.94985944106706,31.25770313370311],[-108.9501275708103,31.256880360763287],[-108.94949849782236,31.256129750902048],[-108.94977147811673,31.25497667921584],[-108.95043328624091,31.253497768322223],[-108.94967259872917,31.252993396946664],[-108.9479061948047,31.251238491547621],[-108.94717227048127,31.248917463459609],[-108.94656879506856,31.246432771893023],[-108.94647727281635,31.243954039731339],[-108.94613465765002,31.241142028301482],[-108.94608590808035,31.237654286999451],[-108.94607230998014,31.236681498990496],[-108.94610024515917,31.23478317386493],[-108.94610508453817,31.234454250882496],[-108.94611240867916,31.233956529168019],[-108.94438429536471,31.231356790182396],[-108.94373335246429,31.230377484159675],[-108.94133253265306,31.228284745702144],[-108.93996767287209,31.225378187840459],[-108.94053070234531,31.221916030319207],[-108.94055141252925,31.220513156616349],[-108.94057580399152,31.218860764299833],[-108.94126304639288,31.215647817010804],[-108.94193441280173,31.213508336082057],[-108.92126758595879,31.209301281411452],[-108.92713824996339,31.200721500163787],[-108.93349147856195,31.191434300839394],[-108.94050535408427,31.181178752977946],[-108.94323675956925,31.177184205513193],[-108.9392916158308,31.175816769332801],[-108.93868869986612,31.173332044124283],[-108.93449534530559,31.171466031846723],[-108.9340143497779,31.16939566285108],[-108.93582662616043,31.167930270550809],[-108.93376993930879,31.15997760249769],[-108.93125662602277,31.156974917860712],[-108.92705800134441,31.155521572374735],[-108.9249187610876,31.153183887466216],[-108.9234201249696,31.15077113460281],[-108.92062704380635,31.149416743191736],[-108.91989196882713,31.14726073857079],[-108.92030754197754,31.145118327743329],[-108.92135000504534,31.143809208285024],[-108.92175076329444,31.142657687423014],[-108.91985036261985,31.141478996493646],[-108.91921485343887,31.141223718107447],[-108.91718050543747,31.140456352748906],[-108.9160571169776,31.138626087850643],[-108.91607440454817,31.137470043523745],[-108.9154364618235,31.137379897373176],[-108.91186573925789,31.136759416412442],[-108.91110492745879,31.136337432938678],[-108.90934006615103,31.134664669767492],[-108.9082144106417,31.132999493709825],[-108.90733202836395,31.132163097291844],[-108.90556606487893,31.130572862192761],[-108.90663298370178,31.12915621673493],[-108.90788345939049,31.126047915766083],[-108.91009936854637,31.123551821886728],[-108.91037640628049,31.119005061953903],[-108.91292758394547,31.118158910061599],[-108.91350092816108,31.111130971468164],[-108.90996317098117,31.109092761867164],[-108.90961419354716,31.105996869916698],[-108.90861009918126,31.101253462729719],[-108.90984472139421,31.096492699821098],[-108.90787174859966,31.090723910464714],[-108.90273603216437,31.08869777549765],[-108.89539263366288,31.089993507815944],[-108.89055798770956,31.08589879459851],[-108.88478330654566,31.083876743874484],[-108.88251492682377,31.080588591185254],[-108.87578332681376,31.078779875430904],[-108.87291485569382,31.079834183854029],[-108.86712242151897,31.075745603083554],[-108.86290165398333,31.06854642140307],[-108.86126652267274,31.064426810726424],[-108.86125556586592,31.063187397333987],[-108.88646277680742,31.057628644219129],[-108.89528031330482,31.040729682136213],[-108.90409499386475,31.023830342592699],[-108.91290682211176,31.006930626819017],[-108.9217158016673,30.990030536044909],[-108.91978792280632,30.984644965245828],[-108.91680941098691,30.976777518512826],[-108.91543158333523,30.974207610649948],[-108.91429678447005,30.972713232704528],[-108.91136714466063,30.971289812424992],[-108.90359137692455,30.968017168837637],[-108.90172221084447,30.963791652981467],[-108.90151560300355,30.959824882006959],[-108.90078724967232,30.956598197814543],[-108.90094741974642,30.954038251736101],[-108.90035446141559,30.95023416384965],[-108.90011377365296,30.948993388535708],[-108.89530614951192,30.944170152527878],[-108.89113736088446,30.9395162228417],[-108.88763026612145,30.933214329476144],[-108.88757005219946,30.927844104158346],[-108.88690604083911,30.919578405013851],[-108.88787652096613,30.913719356627691],[-108.88970571184632,30.9108400630641],[-108.89024882339585,30.888042445481336],[-108.88257184149575,30.887660898538147],[-108.87885825626034,30.887718631653129],[-108.87589911478651,30.888855308970609],[-108.8731822482907,30.891067518374054],[-108.86995527040011,30.893110979050391],[-108.86547333961666,30.893163103319104],[-108.86139038554013,30.892061235832276],[-108.85806819221023,30.891542760505274],[-108.85590143579968,30.890784334087876],[-108.85362382596622,30.888703315044818],[-108.85018344568886,30.887440319604725],[-108.84782644452407,30.886556528949658],[-108.84546948291302,30.885672692414474],[-108.84216274100973,30.883997363476713],[-108.83680364540925,30.882637975462274],[-108.83284299565224,30.882031763462141],[-108.82980498621541,30.88092350863932],[-108.82914823536593,30.880683817389059],[-108.82921823750945,30.880475000942248],[-108.83141362127108,30.873925738442324],[-108.83930034857559,30.818005221779764],[-108.84718149638881,30.762084614397953],[-108.84686279360695,30.76208684514566],[-108.82182760802021,30.760193675080544],[-108.79679286929893,30.758295574944228],[-108.8005640166639,30.751452820051057],[-108.80210890632951,30.745244587341762],[-108.80267994308973,30.736770220867829],[-108.80007133762578,30.729143308893292],[-108.79398904634593,30.725464554092451],[-108.79234200006556,30.718450898520942],[-108.79294418132332,30.713901724190567],[-108.79481414467881,30.70851783974696],[-108.79603573260248,30.701691986545843],[-108.79692596443977,30.693215492458108],[-108.79688299633347,30.687637534437407],[-108.79617776090225,30.678758278294112],[-108.79614286169218,30.674213264358269],[-108.79833053138179,30.668827301710394],[-108.80276589917592,30.665905762487164],[-108.80911615673837,30.663591212963595],[-108.81831684151906,30.659397926630447],[-108.82305638598615,30.654820948408279],[-108.82876535364048,30.652096643593783],[-108.83320561143691,30.650000538351748],[-108.84242396428569,30.648284732164544],[-108.85163513223181,30.645741970507821],[-108.85796729912833,30.641566004683977],[-108.86524859784637,30.636763316360291],[-108.86776031350551,30.632613787802605],[-108.86708580592168,30.628073537299883],[-108.86576801809012,30.622711435533319],[-108.86414076640625,30.618384437671182],[-108.85775240184969,30.615536804310057],[-108.85104954942602,30.613104188339051],[-108.84753745371415,30.611682251350441],[-108.84242775493969,30.60944476951434],[-108.83540248261269,30.606393693497115],[-108.82904675731393,30.607469657233217],[-108.82423792572897,30.602956791899796],[-108.82418913115728,30.596759146142603],[-108.82226067322695,30.594292841837202],[-108.81587497241755,30.591442899437322],[-108.8110627899534,30.586309644807042],[-108.78778141472446,30.578816394260624],[-108.76450323112986,30.571318659809812],[-108.75845189790167,30.570323053026627],[-108.75114583068269,30.571814163301998],[-108.74638294657176,30.57308284579133],[-108.73841718074874,30.571271454657818],[-108.73013923276802,30.57028786718136],[-108.72152088802923,30.565999874682703],[-108.713892088234,30.566870948140757],[-108.70913704750335,30.56937794809938],[-108.69291193804253,30.569264145491498],[-108.68812823999195,30.567431525266038],[-108.68078148089612,30.562720269103682],[-108.67313546307457,30.560902930480971],[-108.66740335351834,30.559901198391422],[-108.66357859806247,30.55868224602526],[-108.64382180270145,30.552898962442569],[-108.62406707161323,30.547112479643115],[-108.62817315943276,30.542132257367847],[-108.63227883930516,30.537151936873116],[-108.63669001191423,30.530103615846283],[-108.63888687266062,30.525133044841965],[-108.6375907071443,30.521007164117698],[-108.63438089566043,30.515858002436929],[-108.63022835404075,30.512573265914789],[-108.62513172799021,30.510946250461618],[-108.61907559335388,30.508290692401836],[-108.61364522183024,30.50377198017841],[-108.60758752551563,30.500702562038374],[-108.60502829395431,30.497822282641511],[-108.60245340459358,30.492049091227624],[-108.60114020860229,30.484409921810549],[-108.60079426516795,30.479245659991726],[-108.60138953100967,30.471803781195675],[-108.60452940314588,30.464762741612137],[-108.61210515571837,30.455426767841534],[-108.6178283928039,30.456018232704583],[-108.62163462028334,30.454759362912963],[-108.62704358676565,30.455971900899961],[-108.63499598149158,30.457377826715589],[-108.64355873186912,30.454440811340373],[-108.65276130398266,30.452326430825806],[-108.66608467032485,30.444988763501012],[-108.65530398063203,30.426343865434877],[-108.64452769174012,30.407697697818456],[-108.63375579835278,30.389050262634605],[-108.62298829517809,30.370401561864814],[-108.62061179070975,30.368860360010586],[-108.61658523764227,30.36711839172246],[-108.61164431008771,30.366185013948243],[-108.60757569676929,30.365932619511838],[-108.60361084489591,30.366510504204992],[-108.59793214529853,30.369122043876867],[-108.59587890581467,30.369657789910963],[-108.5929322169311,30.370257156858358],[-108.58708140888744,30.369965874689974],[-108.58277241366541,30.369210626542198],[-108.58023369383532,30.36890748811884],[-108.57387864291825,30.368439114181008],[-108.57032166294201,30.368113788400493],[-108.56615214344083,30.366946924262873],[-108.56137260744092,30.364855704591108],[-108.56013086144903,30.363752132876904],[-108.55624258228536,30.361680071729449],[-108.55040691349032,30.360890587810029],[-108.54826479833601,30.360098568880701],[-108.54473711350515,30.35877938893282],[-108.54209562749513,30.357645107343743],[-108.53972079345097,30.356102515767443],[-108.53757887967667,30.355310331108146],[-108.53394597966563,30.353243214679242],[-108.53181142587508,30.352202649833984],[-108.52907927605558,30.349823873644812],[-108.52769632278945,30.349213813016007],[-108.52567950565708,30.348507002840776],[-108.52099028530891,30.34774140573095],[-108.51640412984645,30.34780607904559],[-108.51491589552225,30.346448218371869],[-108.51281087413288,30.344414205970267],[-108.51079914210278,30.343541651357498],[-108.50969036800538,30.342274926017858],[-108.50664854041177,30.34179364210032],[-108.50407186428261,30.342813272053668],[-108.49988511235964,30.346612932378189],[-108.49770552272254,30.346931779268736],[-108.49760670737476,30.348998740043356],[-108.49585053510123,30.350666980404529],[-108.49384018994634,30.352337419181929],[-108.49288217291736,30.353453449332402],[-108.49133840827719,30.355251775337855],[-108.4912294405211,30.355645740840597],[-108.49049057757297,30.358316991192286],[-108.49067163080979,30.362282333311803],[-108.49084821334543,30.365917133764036],[-108.4883392903569,30.36833565492293],[-108.48440433377607,30.368700393782579],[-108.47981830353305,30.367913612810749],[-108.47598700975084,30.36654165996713],[-108.47278564199313,30.364750961915028],[-108.46870261781714,30.363546229015853],[-108.46374560225826,30.363505834571829],[-108.45816526844351,30.364379633018547],[-108.45308984524431,30.365001008387882],[-108.44902443037005,30.365117837362892],[-108.44494377931353,30.364077613933699],[-108.44137151016437,30.363033021113498],[-108.43691193621589,30.362160985540029],[-108.43156934928756,30.361791969453144],[-108.4280079917071,30.361573381490601],[-108.42291745126072,30.361036636159668],[-108.41807152475236,30.359753859211704],[-108.41513499946741,30.358703332361515],[-108.41487873028782,30.358540118021132],[-108.40642509648484,30.358465759111635],[-108.3953049972819,30.358367111246441],[-108.39500909007737,30.355063482571882],[-108.39319361471152,30.35218519791281],[-108.39225209050801,30.348060189703542],[-108.39236146040234,30.346654271750715],[-108.39005047265913,30.344771660553626],[-108.38621903271257,30.343231616540375],[-108.38416234856193,30.341346879129716],[-108.38142488088806,30.345996851450323],[-108.37816552293863,30.349576414716758],[-108.37667567402062,30.352398210849113],[-108.37456269600061,30.356216676781681],[-108.37217900517138,30.358714813965225],[-108.37170449998041,30.361445996695792],[-108.37072675371653,30.364594354797475],[-108.36832948548093,30.366018080934516],[-108.36951421871065,30.36931490673178],[-108.37082818937152,30.372776009074226],[-108.36845938585758,30.376513756515727],[-108.36465855621812,30.377535095423923],[-108.36149316524839,30.378551418665541],[-108.35783348060323,30.380728599430103],[-108.35554953347967,30.381791591024673],[-108.35404145597215,30.382493444841902],[-108.35050654169757,30.384504177337377],[-108.34950676615115,30.385916905992435],[-108.3506720095266,30.387643684689262],[-108.35195532150718,30.388625678364853],[-108.35196239605318,30.389204187441333],[-108.34652035289831,30.391229435894946],[-108.34422107715632,30.390337771223113],[-108.34320008131611,30.390014922987628],[-108.33950352308761,30.389216431233372],[-108.332887204381,30.38877042533942],[-108.33225656515764,30.389188429641347],[-108.32809123426102,30.391699253355487],[-108.32390198527229,30.39222645491035],[-108.31970284038962,30.391927061341505],[-108.31818517047566,30.392599541554937],[-108.31564848246346,30.393114230914119],[-108.31170648787564,30.393060643639313],[-108.308914505061,30.393494428404054],[-108.30230854208681,30.39395600251331],[-108.29965521147039,30.395380440675336],[-108.29252991867031,30.394936096442585],[-108.28717592375324,30.393734770138948],[-108.28398900672784,30.393013683121701],[-108.28143683733425,30.392205336449884],[-108.27761339474299,30.391405964724321],[-108.27379189510373,30.390771774056663],[-108.26930278951831,30.387331844220689],[-108.2644513570451,30.385547405880448],[-108.26012443802479,30.385164296498463],[-108.25462371521212,30.382144127920906],[-108.25167493085794,30.379932726427668],[-108.24849326266479,30.379623974204939],[-108.24606327369162,30.378318105818813],[-108.24526746217758,30.375347865076812],[-108.23467892208539,30.389265115420166],[-108.22408748010393,30.403181697612272],[-108.22101960303843,30.40171433211027],[-108.2194784960419,30.400319394398647],[-108.2174351329724,30.399506385212771],[-108.2138687228491,30.39895139821515],[-108.20789900613708,30.399569347992941],[-108.2057747909636,30.403054991725433],[-108.20353125790993,30.407285328588134],[-108.20116303751097,30.411764431297897],[-108.19928738283669,30.414752414404326],[-108.19639599504661,30.417912293398203],[-108.19182738745337,30.418851127014918],[-108.18560100739076,30.419387136876001],[-108.18256791282698,30.421225078030584],[-108.17890920341166,30.424058867986165],[-108.17435477927958,30.426402269498116],[-108.17018256125407,30.428825781586792],[-108.16512662424552,30.43191600021834],[-108.16272017162527,30.432922981927938],[-108.16004733154271,30.432774311968863],[-108.16031793255357,30.434343206689249],[-108.16072769551938,30.437068500947856],[-108.16022997966277,30.438146205692831],[-108.15835088496448,30.440968399984961],[-108.15850706821651,30.443777937538929],[-108.15942741228501,30.446665381021432],[-108.15779918062597,30.449155366017482],[-108.15490375250111,30.452149162744721],[-108.15366804056718,30.455711283230361],[-108.15180032974774,30.459690610996891],[-108.14840139532222,30.463266035293785],[-108.1465130851349,30.465261535383345],[-108.14324858984007,30.469579985185696],[-108.14173760198709,30.47115980689567],[-108.14151756830741,30.474550316914854],[-108.1418124478905,30.478516319941221],[-108.14183684875783,30.480913383787506],[-108.14186883345857,30.484054363080912],[-108.14190756691616,30.487856600109271],[-108.14219749612782,30.491326647029258],[-108.14223036901683,30.494550278470481],[-108.14238632072519,30.497359842204766],[-108.14383205123808,30.501814736268557],[-108.14475183115313,30.504619596609523],[-108.14647360023389,30.511139294410629],[-108.14726965987059,30.51427553425124],[-108.15150380186569,30.529789692422245],[-108.16029972590142,30.542960452154869],[-108.16315399159672,30.547984758229568],[-108.16546965395968,30.55020193757251],[-108.16923595378154,30.557121473039345],[-108.17363265222514,30.563375539655926],[-108.17545086860804,30.566670264702687],[-108.17549826976783,30.57113358871862],[-108.17258613615982,30.572805479729158],[-108.16549903591071,30.577231698383375],[-108.16005869913758,30.580820570418894],[-108.15372016110028,30.583836248448712],[-108.15030366320163,30.586089473779236],[-108.14396444986218,30.589104717569679],[-108.14028676827955,30.590780692699088],[-108.13228720793754,30.593474995715901],[-108.12823278082882,30.595731587446963],[-108.1204897572938,30.598671634983592],[-108.1150273839384,30.600357680285367],[-108.11033511597751,30.602617569904094],[-108.10921716454958,30.605517420149837],[-108.10567384688706,30.60801832016416],[-108.10105933220653,30.605317644965019],[-108.10218408055407,30.603079117691976],[-108.09796112699098,30.601285305554033],[-108.09119070652568,30.599588807731973],[-108.0876301560524,30.600353384202933],[-108.08382272099439,30.601945928499919],[-108.07797232129774,30.60313670537796],[-108.07580685193311,30.60323169388219],[-108.07445046878051,30.607951289672766],[-108.07346834570144,30.611842106630505],[-108.07351764011538,30.616967043770984],[-108.07329217203888,30.620026918616631],[-108.07219280092134,30.624993037217699],[-108.05662955603613,30.639028213521197],[-108.0459019845987,30.648699223590974],[-108.02396775342667,30.658822913235081],[-108.02342973726786,30.659071162480473],[-108.02735225297384,30.669491045127035],[-108.00700972938895,30.676884556363024],[-107.98666386875583,30.684275073056472],[-107.96631467247865,30.691662592325073],[-107.94596214196503,30.699047111287268],[-107.94666372952672,30.704511941937181],[-107.94781199310624,30.706850295395952],[-107.94653702118413,30.709651632992877],[-107.94679206901941,30.715085697272198],[-107.95049000777837,30.718950414941595],[-107.95291297269165,30.721664116306542],[-107.95138291051595,30.723807154705277],[-107.95495352488101,30.724460665377904],[-107.95903443069656,30.726266053185416],[-107.96260593875122,30.731036275877958],[-107.96375394048222,30.732269588430555],[-107.96355232609284,30.734078334722575],[-107.96298997428137,30.738446160855091],[-107.96413858584148,30.742067277070181],[-107.96197093201634,30.74503481507185],[-107.96554273443202,30.74717006564682],[-107.96630880830503,30.750380055146042],[-107.96350323658648,30.753183951825331],[-107.96465167019886,30.754993602500054],[-107.96541787990476,30.75853294382533],[-107.96694939766765,30.761412357751059],[-107.96618518655616,30.766106841428041],[-107.96835463979721,30.768573522880335],[-107.97052340210419,30.768405351437142],[-107.97447887799318,30.770127971965856],[-107.97575549741484,30.772431307398492],[-107.97907314143623,30.773743143001781],[-107.97996696172663,30.775553048958486],[-107.98022281016377,30.777199359080633],[-107.97754541148947,30.782226462969273],[-107.97280942450804,30.783444754538873],[-107.96784190410884,30.784722391887229],[-107.95380693416594,30.791166634470596],[-107.95032664818962,30.792999782062505],[-107.94832003785592,30.794056638486996],[-107.94686829246609,30.794495895289128],[-107.94257751940243,30.795794046427343],[-107.93785573294475,30.79621237256919],[-107.93653128596975,30.795823135412029],[-107.93107997206059,30.794220888261272],[-107.93032653759666,30.793999417116755],[-107.92700889476635,30.791368897977819],[-107.9261670877391,30.791105016597921],[-107.92177713188937,30.789728784132123],[-107.91816334507197,30.785987394737084],[-107.91756701291195,30.785369965358147],[-107.91578152322032,30.781502126922174],[-107.90685033806324,30.779289378809572],[-107.90657723275343,30.779256344435321],[-107.90212947788845,30.778718263244965],[-107.89740865927676,30.7781469719081],[-107.8903912013572,30.777495497232124],[-107.88466865271613,30.777772667411874],[-107.88171441087862,30.7779156573765],[-107.87750279057471,30.779319374679719],[-107.87124718358969,30.783853771395581],[-107.86473709693769,30.78665889950458],[-107.85911977311112,30.789627722150069],[-107.85350253100965,30.792102258359893],[-107.84546392212783,30.790708035926947],[-107.84466312286141,30.790422918309748],[-107.84061623718028,30.788981951457561],[-107.83347022456127,30.788574530915398],[-107.82798228496218,30.788989292116902],[-107.82032488677767,30.789322524052714],[-107.81872894970087,30.789899688492287],[-107.81713299116986,30.790476835302673],[-107.81189701530364,30.793196499441798],[-107.80589803741569,30.793692900800117],[-107.80206801928732,30.794600051929777],[-107.79555909239545,30.79460207228723],[-107.79325353687922,30.793122862774524],[-107.78994492596581,30.793697733502107],[-107.78705060634704,30.795108308022922],[-107.78419727592431,30.796498803587191],[-107.78062134540041,30.797899373129621],[-107.77398068056051,30.800123735690956],[-107.76823185075145,30.80308884129937],[-107.76681962487518,30.807700441991646],[-107.7670705437603,30.810170867094516],[-107.76596186693523,30.810005850767659],[-107.74882193310349,30.80745342772828],[-107.74798541343644,30.80718336410418],[-107.74473986275014,30.806135497434617],[-107.74154955827353,30.805723391503559],[-107.73823555662402,30.803417144693512],[-107.73313387641835,30.801522219166404],[-107.73020152365477,30.799956968749822],[-107.72650271617673,30.798720860897554],[-107.72536272776102,30.794767758843076],[-107.72153840299016,30.792707954010865],[-107.71759323559367,30.78776570741341],[-107.71735260900874,30.781424609515216],[-107.71774418711387,30.777636593971273],[-107.71494330876781,30.77483571061147],[-107.70922144261267,30.774324145865567],[-107.70754370356612,30.774174097412899],[-107.70129200823429,30.773759640336053],[-107.69516794810818,30.7733449417976],[-107.69006840319943,30.771530520310286],[-107.68726316683322,30.770746614624031],[-107.6844579717185,30.769962644506037],[-107.68012712503968,30.769623198190899],[-107.67386921467468,30.769132449353833],[-107.67310860984954,30.769206293422133],[-107.66965718090439,30.769541323854195],[-107.66494576044165,30.766079068799577],[-107.66227023123632,30.764677040728341],[-107.65920885995342,30.764345253208806],[-107.65499937692076,30.763930100804213],[-107.6524496603957,30.763186796588862],[-107.65208219296942,30.758080509647893],[-107.65176923596074,30.754022570609418],[-107.65171379433002,30.753303633483156],[-107.64968670276593,30.748607673909458],[-107.64547108460357,30.750415746822892],[-107.63982245197327,30.750485453146315],[-107.62684355751077,30.750644685916104],[-107.62756319726451,30.74514818340953],[-107.62828277994687,30.739651676515848],[-107.62972177014466,30.728658653270227],[-107.6282023327354,30.725239293463463],[-107.62668300967188,30.721819908975817],[-107.6270770212239,30.718361367289983],[-107.62664326359732,30.714531339893238],[-107.62620955184875,30.71070130614596],[-107.62048525531591,30.712005747343284],[-107.60740244294445,30.714985968564893],[-107.60245395542599,30.716517458485537],[-107.5891891369473,30.720621592931696],[-107.58428920540334,30.722949306179103],[-107.58331160752763,30.723413687375853],[-107.57922631154609,30.72439621683856],[-107.57730867668623,30.725546484760581],[-107.57462346691671,30.72727211715657],[-107.5705331228266,30.729489762646296],[-107.56619229716264,30.730471521066587],[-107.5614686904746,30.731452542530512],[-107.55673804444857,30.73416293568372],[-107.55020037987244,30.741976516559845],[-107.54687496975373,30.744030012052249],[-107.53858698017147,30.745749783195635],[-107.52959607515622,30.746501951390584],[-107.51853271516067,30.747426630960188],[-107.49190225083798,30.749648494294991],[-107.46527016762083,30.751864949618795],[-107.45648410051733,30.756380495789113],[-107.4487174793248,30.763347615231432],[-107.44304336161233,30.765322752229263],[-107.43063050293362,30.765171817512659],[-107.41982947215398,30.765810549639298],[-107.41473050922367,30.765504850740474],[-107.40529372444327,30.769618328421149],[-107.40412038154561,30.771069975340396],[-107.39851430694479,30.778005034245318],[-107.39142648649488,30.786810088745135],[-107.38680109637957,30.794008722924833],[-107.3859225422266,30.795375910788625],[-107.38453722542066,30.803238045663189],[-107.36861896887788,30.809234996727618],[-107.35269862292684,30.815230086944538],[-107.342231212222,30.804362991925416],[-107.3317661858822,30.793494913652982],[-107.32130354245083,30.782625853208167],[-107.31084328047167,30.771755811671575],[-107.30005830854095,30.775065693019879],[-107.29710504348679,30.775211800441699],[-107.29311568035722,30.775409060622422],[-107.27827014258374,30.767149014926044],[-107.26342707723379,30.758887132334831],[-107.25959537235528,30.771125694314179],[-107.25281292046101,30.779917520009658],[-107.24911335869707,30.784731664086376],[-107.24773732138081,30.793417112417728],[-107.24406762914394,30.79946746475521],[-107.24157488365707,30.802104808137258],[-107.23910442824604,30.804718387247501],[-107.23440519454151,30.80706143212096],[-107.23092832880548,30.808794824301756],[-107.22467085664162,30.813245806738411],[-107.21265048123762,30.803377180857783],[-107.20599893394026,30.804742553144859],[-107.19159591287924,30.80151482430232],[-107.17612528251701,30.793564165046103],[-107.17493064518624,30.799025920546342],[-107.16751925813121,30.832897904812395],[-107.16523764860973,30.834023552675173],[-107.16295598404876,30.835149161735469],[-107.15839248986887,30.837400266132018],[-107.15724810411827,30.839483501834298],[-107.15610367002949,30.841566729130861],[-107.15381466098907,30.845733158427024],[-107.14941697687159,30.848290067700379],[-107.14932961537711,30.848340858994554],[-107.14501905411645,30.85084683744568],[-107.14301838001089,30.850420629209104],[-107.14101772177798,30.849994388279676],[-107.13701645304059,30.849141812856828],[-107.13246709512103,30.845310062759015],[-107.12708736943274,30.845075688049857],[-107.12170765606065,30.844841087530998],[-107.11094826762879,30.844371212674151],[-107.08942964038381,30.843428764304903],[-107.08260428542633,30.845714561088396],[-107.07577858794487,30.848000011714316],[-107.06212616671257,30.852569874078473],[-107.0578121267872,30.854013524563239],[-107.05349795123342,30.855457037551417],[-107.03431299259569,30.861874046729586],[-107.02002610332156,30.861559465728707],[-107.01556728618883,30.862804971354535],[-107.01614931011829,30.866064596737814],[-107.01673138085636,30.86932421621913],[-107.01644232422841,30.875095386205423],[-107.01636751916944,30.876588859370862],[-107.01427524458516,30.881132295328321],[-107.01218278297972,30.885675703972151],[-107.01085330038931,30.889433677910024],[-107.00952372170896,30.893191641558509],[-107.00653213895448,30.895342563048573],[-107.0035404210841,30.897493419554966],[-107.00214307320957,30.899765592434985],[-107.00074566256976,30.902037752309049],[-106.99731370894428,30.906913177045936],[-106.99120318509281,30.911957543039943],[-106.98560451145329,30.917991478977697],[-106.98332158890553,30.923855500997615],[-106.98122202957171,30.926252277455959],[-106.97912236690682,30.928649023451392],[-106.98359685705033,30.932770139909607],[-106.98732817132363,30.935455283441275],[-106.98909204121512,30.936724513510228],[-106.99305599313615,30.940433274773657],[-106.99906479129571,30.945376971166564],[-107.00264892473564,30.949993986222903],[-107.00496556616022,30.95791471183092],[-107.0081738993733,30.965008484318336],[-107.00907903742723,30.969629551979498],[-107.01263238762333,30.976483759773814],[-107.01305544074559,30.977299727617176],[-107.01753917236417,30.983483085882106],[-107.03418834747643,30.998013515033229],[-107.03419407213198,31.008462779493012],[-107.03431712394404,31.023698646794148],[-107.03417647290038,31.03160873900875],[-107.02363018744084,31.030677326221149],[-107.00636092433041,31.028157739943119],[-106.98880770890837,31.028525744288814],[-106.9754524823408,31.032978248848053],[-106.96958938009929,31.036640344776931],[-106.96372582252521,31.040302191124145],[-106.95008887637289,31.048260768736249],[-106.9412107267561,31.053701342733167],[-106.92789157516431,31.061861128302041],[-106.91646539395934,31.068147153065162],[-106.90567640267611,31.074426781301536],[-106.89619528252632,31.083581913064648],[-106.90396934963019,31.12208330632301],[-106.88165307593749,31.127203684812187],[-106.8593342088822,31.13232028702264],[-106.83957288404601,31.136846923056812],[-106.81751054447362,31.144542458891063],[-106.83142105667646,31.152478713498155],[-106.83602789547317,31.156027087833127],[-106.84089657120546,31.165930848572181],[-106.84717001025055,31.172367230375166],[-106.8554907936259,31.178636872779801],[-106.86099933298215,31.18581556454037],[-106.86650930964707,31.193489263703004],[-106.87061216829488,31.200668312405227],[-106.87202662498767,31.206280598179486],[-106.87446537952925,31.212222355525061],[-106.87575509969244,31.219980876643184],[-106.8787045233894,31.224518870399596],[-106.88050563956716,31.231451476074689],[-106.88448054383468,31.236648920409618],[-106.88717680848639,31.242507280340437],[-106.88987369145376,31.248530980976081],[-106.89077589704829,31.252657863562845],[-106.89359822575723,31.256617710074249],[-106.89744602970728,31.261236953244225],[-106.90398531645523,31.267339395907406],[-106.90494272746014,31.269959336967439],[-106.9148965414274,31.278891620520945],[-106.91735850629927,31.281516675134785],[-106.91981734632618,31.283894148755437],[-106.92537420815989,31.288644885078369],[-106.92835106890341,31.291513980521774],[-106.9313544743527,31.2963631896131],[-106.93254510692793,31.299408619269773],[-106.93411805945648,31.302369063608559],[-106.93492110606802,31.305086892460292],[-106.93762553965661,31.306637255276396],[-106.93893877786905,31.309269245115331],[-106.94011046230128,31.310870701902118],[-106.94128218732673,31.312472145984874],[-106.94423808143833,31.313690668144538],[-106.94822644504896,31.31564500371449],[-106.95106924511028,31.317936784617427],[-106.95352205810875,31.319735972165557],[-106.95648166102343,31.321201396335141],[-106.95765438655012,31.322844251846043],[-106.96129376900403,31.327275874938664],[-106.96239426156066,31.328299980721773],[-106.96349477700943,31.329324075936523],[-106.96427801940604,31.330515139191675],[-106.96466964928373,31.331110669075301],[-106.96506128319088,31.331706197522426],[-106.95014799228133,31.336761544883043],[-106.93523302384844,31.34181521972512],[-106.92031637854869,31.346867220999226],[-106.90539805703958,31.351917547656186],[-106.89047805997951,31.356966198647125],[-106.87555638802796,31.362013172923422],[-106.86063304184522,31.367058469436721],[-106.84570802209268,31.372102087138941],[-106.83078132943265,31.377144024982307],[-106.81585296452842,31.382184281919262],[-106.80092292804419,31.3872228569026],[-106.78599122064522,31.392259748885309],[-106.77105784299766,31.397294956820708],[-106.75612279576869,31.402328479662398],[-106.74118607962644,31.407360316364208],[-106.72624769523998,31.4123904658803],[-106.70613435343773,31.419159607198548],[-106.69356679613351,31.428377625005371],[-106.66960451940375,31.430775354440932],[-106.64564081252992,31.433168641671671],[-106.62563664923569,31.443333591768884],[-106.60562807065969,31.453495547533091],[-106.58561507655561,31.463654505200225],[-106.56559766668073,31.473810461006206],[-106.54557214263302,31.483965196005101],[-106.5255422007456,31.494116920501355],[-106.51545765982797,31.496532082437415],[-106.51354639047469,31.496989713223805],[-106.51164299980083,31.497469110572816],[-106.4919778150785,31.502163620738472],[-106.472310546136,31.5068551652457],[-106.44919209908115,31.512258981175695],[-106.44403923326804,31.513610119495588],[-106.44810163672639,31.52320618739887],[-106.45227193620796,31.533054819882686],[-106.45798930845029,31.546553250274368],[-106.46196199792816,31.555929988547277],[-106.46497936105003,31.563050455622552],[-106.46046532397324,31.569714592381981],[-106.45820804033863,31.573046564587905],[-106.45595059931945,31.576378500099445],[-106.45348512600242,31.580017181281413],[-106.4528779238294,31.580913274168338],[-106.45143855002877,31.583037386323518],[-106.45066431147254,31.584179900231611],[-106.44972266109798,31.585569416834506],[-106.44968625564823,31.585623134634798],[-106.44964985017148,31.585676853327474],[-106.44792037292306,31.588228769921844],[-106.44549816710639,31.590395562512903],[-106.44638882070866,31.591107502490377],[-106.44710920969401,31.591683330444436],[-106.44748187992593,31.591351052100638],[-106.44802906644226,31.591850150688586],[-106.44761122379514,31.592224075936421],[-106.44615324227297,31.593528784009692],[-106.44476942860162,31.596869690759753],[-106.44410085208949,31.598483730772482],[-106.44470610935662,31.598918793161989],[-106.44502037888221,31.599255905766331],[-106.44535445181445,31.599806298904429],[-106.44554837788495,31.600011330214734],[-106.44584835159657,31.600135096072872],[-106.44601854311748,31.600287804224244],[-106.44622697607143,31.600363153731511],[-106.44635423140272,31.600477047243771],[-106.44747154995905,31.601477022705037],[-106.44761359324428,31.601604146295795],[-106.44813781901557,31.602091759132716],[-106.44918864724006,31.603069171954886],[-106.45130044113311,31.605033337730852],[-106.45162162670259,31.606345255606371],[-106.45219562989638,31.606224987249554],[-106.4523127536921,31.606298589739403],[-106.45250115237113,31.606419280629581],[-106.45246626167832,31.606848661107637],[-106.45245535706266,31.606982856948939],[-106.45240545526245,31.607061147165386],[-106.45210294531698,31.607535742353576],[-106.45220217210199,31.60815703979458],[-106.45265621933916,31.61085910439348],[-106.45270741020268,31.611163733953099],[-106.45272580927984,31.611273226923768],[-106.45324015524916,31.613927117581042],[-106.4533777222514,31.614760791455254],[-106.45373811788053,31.617004536778623],[-106.45372795789572,31.617821277500038],[-106.45371779906729,31.618638017210891],[-106.45350067351778,31.619460384913985],[-106.45322533751764,31.620497483937136],[-106.45187809434988,31.625584117860821],[-106.452496033888,31.626188004184598],[-106.45404476425,31.627174898801968],[-106.45483147104098,31.627500482875647],[-106.45423461391997,31.630024254842251],[-106.45144836999488,31.641532981646186],[-106.45080077825727,31.64470759210657],[-106.4506058411082,31.644977499071853],[-106.44988993398546,31.648117687120063],[-106.44962294542511,31.649421743823503],[-106.44930552229768,31.650753360775131],[-106.44895158148252,31.652233294412977],[-106.44850105696949,31.653775962912167],[-106.44845287406825,31.653940948232783],[-106.44800074832392,31.655978336509826],[-106.44736620211268,31.655952770316205],[-106.44715525308986,31.655944269992396],[-106.44679818252123,31.655929880080972],[-106.44669725422668,31.656648783876491],[-106.44641076955402,31.659599371258885],[-106.44638514891737,31.659863235352898],[-106.44636532159133,31.66004542261852],[-106.44634534268744,31.660430410793271],[-106.44623033531016,31.662646514616178],[-106.44621025927368,31.663033173530035],[-106.44606937158615,31.66574650366066],[-106.44599187792254,31.667394580998682],[-106.44596822558358,31.667902852400328],[-106.44595466362865,31.66811232546387],[-106.44591429628144,31.668735857944625],[-106.4458530236129,31.668980672865668],[-106.44582303277055,31.669333558256618],[-106.44576393383019,31.670668591195362],[-106.44650128361175,31.670698314801907],[-106.44727702136491,31.670746765512686],[-106.44803092262188,31.670793739049195],[-106.44864136276433,31.670826933049632],[-106.44934472500032,31.670865177464911],[-106.45009841766465,31.670906153885319],[-106.4511061311099,31.670960934454527],[-106.45101969357603,31.671533205920191],[-106.45230958222599,31.671588410538629],[-106.45418042310277,31.67166845520206],[-106.45584215992925,31.67173953032766],[-106.45852815797063,31.672073762950749],[-106.4599109655407,31.67224580948778],[-106.4598547986167,31.672849693444558],[-106.45981175515932,31.673312470240614],[-106.46011509276293,31.673326153745357],[-106.46008752951664,31.674826130426787],[-106.46007842325906,31.675035487353487],[-106.46005881156889,31.675486394032173],[-106.46003698415518,31.6759882276559],[-106.46001626339563,31.676464598673963],[-106.45998350049476,31.676914028405939],[-106.45997395315065,31.677045003685443],[-106.46016680440592,31.677051523098928],[-106.46076282386568,31.677095747618178],[-106.46130285839645,31.677124383841612],[-106.46125858368305,31.678500088181558],[-106.46118093712457,31.679981534655976],[-106.46132873970323,31.679983671681505],[-106.46175955753455,31.679989899454739],[-106.46215848384092,31.679995665040657],[-106.46294538473066,31.67982513839527],[-106.46347242569357,31.681726621975923],[-106.46365875921832,31.68231778807171],[-106.46392083867381,31.683149250070613],[-106.46406663692149,31.683611797363454],[-106.46480922248945,31.683461712761982],[-106.4650701454789,31.684302619375469],[-106.46538925298898,31.685331021585462],[-106.46546648157421,31.685579905670355],[-106.46674023961918,31.685632736198322],[-106.46953862341269,31.68574875644293],[-106.47013100015273,31.685773308729679],[-106.47058367420802,31.685792068429727],[-106.47079304061636,31.685800744451662],[-106.47102057799087,31.685810173077385],[-106.47145578123747,31.685828206536812],[-106.47154368131646,31.685832591381399],[-106.47195618238007,31.685849116065736],[-106.47208579051937,31.68585430824864],[-106.47273257858807,31.685881102549718],[-106.47333718401539,31.685906145489582],[-106.47356535168363,31.685916113458447],[-106.47379385412751,31.686096184483215],[-106.47434661678864,31.686531781461341],[-106.47528119893794,31.687268252489726],[-106.47572349240099,31.687616782875363],[-106.47574526017534,31.687633935928389],[-106.47620407747702,31.68799548176321],[-106.47708975058616,31.688707011872292],[-106.47718838222603,31.688782079843691],[-106.47803738877246,31.689468303713515],[-106.47869019801304,31.689992730024873],[-106.47897055391174,31.690217946722626],[-106.47990028177874,31.690961054307135],[-106.4807661440086,31.691653097488203],[-106.48079234262114,31.691741920585677],[-106.48097543873496,31.692362669722549],[-106.48098742148476,31.692403295061609],[-106.48115570401768,31.692973815259972],[-106.48117563425943,31.693041382064514],[-106.48154290162692,31.694286479716702],[-106.48160660954547,31.694502455494327],[-106.48179556295541,31.695143024187431],[-106.4818693465196,31.695393152138617],[-106.48194125274162,31.695636527164293],[-106.48206875503115,31.696068073883101],[-106.4820799326038,31.696105904747167],[-106.48223765810752,31.69655291717126],[-106.48225050367404,31.696815064434432],[-106.48237291335595,31.696812666284632],[-106.48245339175612,31.696992698576878],[-106.48233719464997,31.697142280554893],[-106.48238862801171,31.697326577314101],[-106.48258314540273,31.69801982476287],[-106.48279662815099,31.698731237596697],[-106.48294796491697,31.699235546150017],[-106.48333142206629,31.700513337515488],[-106.4834080794791,31.700768781969327],[-106.48357231498707,31.701378018180282],[-106.48372322769153,31.701937831308676],[-106.48376746905055,31.702101941072563],[-106.48383614765592,31.702356700414885],[-106.48395563564218,31.702799933177165],[-106.48412799338658,31.70343927118078],[-106.48420141655262,31.703711620732285],[-106.48430035367072,31.704078608816822],[-106.48441187796813,31.704469989706958],[-106.48449891756378,31.704775441319182],[-106.48473583894514,31.705606872665253],[-106.48488584032799,31.706133263094689],[-106.4849520169313,31.70636549223552],[-106.48510468441432,31.706901227534157],[-106.48524655770166,31.707399080727395],[-106.48534620224093,31.707748742058815],[-106.48543330879545,31.708054407587955],[-106.48548139083647,31.708223130119546],[-106.48564701301019,31.708804301374379],[-106.48571449809398,31.709041106325291],[-106.48559326544139,31.709101773532939],[-106.48494673638892,31.709425306688704],[-106.4844055653231,31.709696112511732],[-106.48398946599008,31.709904329458809],[-106.48341325911944,31.710192660585992],[-106.48324974450604,31.710274481693716],[-106.48303327641594,31.710382799482179],[-106.48289381994809,31.710452581571904],[-106.48290099170666,31.710594077882682],[-106.48292225334731,31.7110135595561],[-106.48295939050317,31.711746268300239],[-106.48298381171783,31.712228088768136],[-106.48299369960968,31.7124231806431],[-106.48299536096847,31.712455950337894],[-106.48301613321807,31.712865760882522],[-106.48303256599469,31.713296289570042],[-106.4830561149394,31.713913216417627],[-106.48309609699778,31.714960671758426],[-106.48311831058632,31.715473835334429],[-106.48314271782012,31.71603765520949],[-106.48318574664334,31.717031652313008],[-106.48320883618111,31.717511724234619],[-106.48323124000719,31.717977543027605],[-106.48325364415483,31.71844336177686],[-106.48334328674157,31.718618074563235],[-106.48309795558502,31.718639919122658],[-106.48264610377414,31.718914035089409],[-106.48217022800233,31.719200438312299],[-106.4819711369141,31.719323498254418],[-106.48156951752952,31.719567133146342],[-106.48057426722434,31.720170874363191],[-106.48018452731509,31.72040729555588],[-106.47975804171008,31.720666003333633],[-106.47934282712167,31.720917871896777],[-106.47923270409889,31.720984672063832],[-106.47893238193716,31.72106397019197],[-106.47915854767818,31.721651389060582],[-106.47941545279254,31.722318636092879],[-106.47954138757814,31.722645714644734],[-106.47966520540183,31.722967296854641],[-106.47991461375508,31.72361505079261],[-106.48014599836483,31.724215986841621],[-106.48040668041281,31.72488101437024],[-106.48065599301671,31.725517023351646],[-106.48090625969111,31.726155459871922],[-106.48114800441918,31.726772146330752],[-106.48139380860601,31.727408338607731],[-106.48163961525979,31.728044530258728],[-106.48188694560359,31.728684653821084],[-106.48211521790381,31.729275445147767],[-106.48213929483019,31.729337758032091],[-106.48240816248153,31.730001527850046],[-106.48268322104821,31.730684366247523],[-106.48271365331304,31.730759706916974],[-106.48264629638751,31.7309892571901],[-106.4827368443656,31.731529775870101],[-106.48285630676206,31.732012806475574],[-106.4831341531107,31.733136218320301],[-106.4832414049398,31.733617743283652],[-106.48285587888597,31.733713618301284],[-106.4819209333296,31.733924754217195],[-106.48198213370463,31.734298777822225],[-106.48200834720858,31.734590648712523],[-106.48220755420132,31.734981841199978],[-106.48251538570482,31.736044636934384],[-106.48243517802879,31.736491736693552],[-106.4823096980395,31.736659328545979],[-106.48228971169364,31.736741455738809],[-106.4824311210123,31.737152312431334],[-106.48269315715325,31.737783182461339],[-106.48293040366397,31.738305652912494],[-106.48325844106282,31.739002057356501],[-106.48342749079684,31.739582011886291],[-106.48365835300065,31.740374017785776],[-106.48429811278615,31.742568720964261],[-106.48440399212609,31.742890708760726],[-106.48420045640471,31.743974328538147],[-106.48357764792406,31.743933767381559],[-106.4831207092943,31.743904007126137],[-106.48264254570572,31.743872862158113],[-106.48209438455781,31.743837155959341],[-106.48152790648668,31.743760466805416],[-106.48173846875517,31.744641143861521],[-106.4817471500796,31.744677457240456],[-106.48193719292264,31.745472296669845],[-106.48199627560518,31.745719402273188],[-106.48216162410611,31.746410943283024],[-106.48218220059425,31.746497003346917],[-106.48227148508221,31.746870412354163],[-106.482379038388,31.747432824803528],[-106.48241373192434,31.747601381880894],[-106.48252419466181,31.748289203694259],[-106.48485026380939,31.747733506540051],[-106.48691778776772,31.747699029583938],[-106.48853036242785,31.748037784117304],[-106.49063235360839,31.749018596724831],[-106.49220634425951,31.749974464672],[-106.49346991692087,31.75110682454482],[-106.49553720826246,31.752671444378013],[-106.49766875161271,31.754315585541406],[-106.50033282240297,31.75582716512238],[-106.50267376199047,31.757625839731862],[-106.50657912063322,31.760691855094791],[-106.50980969066592,31.761173339403538],[-106.51064222150796,31.76345310669878],[-106.51139778706185,31.766029706564492],[-106.51124239949779,31.767901000550385],[-106.51255140964557,31.769922450689609],[-106.51444584915326,31.771312424656426],[-106.5151818144578,31.771595778342476],[-106.51565768127236,31.771655028634406],[-106.51691772505973,31.771640502693263],[-106.5170857022954,31.771647326642583],[-106.51725367854949,31.771654153989672],[-106.51799450674896,31.772098159852682],[-106.51921513252056,31.772864474580082],[-106.51972877714384,31.773199658785146],[-106.5200248919372,31.773392875276695],[-106.52042988340338,31.773657144441842],[-106.52083480132185,31.773921359919459],[-106.52179707831115,31.774750696439938],[-106.52216095017127,31.775064296548805],[-106.52307983780136,31.775870049846194],[-106.52332784704552,31.776094489613691],[-106.52351350751735,31.776229869275188],[-106.52369916846801,31.776365245038601],[-106.52558777108611,31.777742312830217],[-106.52972957607643,31.77962356813568],[-106.55075711187163,31.784802066297384],[-106.55741962062126,31.786442002977925],[-106.56298884143153,31.787812518071512],[-106.5850108471421,31.786685046552275],[-106.60069299926442,31.785409253317816],[-106.61637463387544,31.784131541774681],[-106.63326113249529,31.783988442188605],[-106.65014747566102,31.783843103890685],[-106.66703366149544,31.78369552694598],[-106.68391968812151,31.783545711420402],[-106.70080555366222,31.783393657380714],[-106.71769125624074,31.783239364894566],[-106.7345767939803,31.783082834030449],[-106.75146216500423,31.78292406485771],[-106.76834736743601,31.782763057446591],[-106.78523239939918,31.782599811868149],[-106.80211725901744,31.782434328194334],[-106.81900194441455,31.782266606497949],[-106.83588645371444,31.782096646852654],[-106.8527707850411,31.781924449332976],[-106.86965493651866,31.781750014014307],[-106.88653890627138,31.781573340972859],[-106.91560782941021,31.781740240906512],[-106.94467649693318,31.781900496348655],[-106.97374489925481,31.782054107338858],[-107.0028130267898,31.782201073924323],[-107.03188086995316,31.782341396159797],[-107.06094841916023,31.782475074107627],[-107.09001566482669,31.782602107837764],[-107.1190825973686,31.782722497427716],[-107.14219375094403,31.782831141609268],[-107.16530470448399,31.782935585084797],[-107.18273908736228,31.783011595857719],[-107.20017335159213,31.783085216074802],[-107.21760749510553,31.783156445755598],[-107.23504151583455,31.783225284920647],[-107.25247541171134,31.783291733591483],[-107.26990918066811,31.783355791790612],[-107.28734282063705,31.783417459541536],[-107.30477632955049,31.783476736868707],[-107.3222097053408,31.783533623797592],[-107.33964294594037,31.783588120354629],[-107.35707604928173,31.783640226567226],[-107.37450901329741,31.783689942463777],[-107.39194183592004,31.783737268073676],[-107.40937451508229,31.783782203427272],[-107.42680704871695,31.783824748555912],[-107.44423943475684,31.783864903491924],[-107.46633960083382,31.783907506476215],[-107.48843951983416,31.783946268043763],[-107.51053918754627,31.783981188269397],[-107.53263859975881,31.784012267230501],[-107.55473775226061,31.784039505006984],[-107.57683664084072,31.78406290168126],[-107.59893526128843,31.784082457338304],[-107.62103360939325,31.784098172065626],[-107.63272718435975,31.784204971092493],[-107.6394032526408,31.784265462299032],[-107.65300695245558,31.783786914948312],[-107.66829862634985,31.783769225455909],[-107.68359015609146,31.783749697222955],[-107.69888154028568,31.78372833028661],[-107.71417277753783,31.783705124684563],[-107.72946386645329,31.783680080455138],[-107.74475480563754,31.783653197637193],[-107.76004559369609,31.783624476270194],[-107.77533622923453,31.783593916394178],[-107.79165492697862,31.783559258084548],[-107.80797344771176,31.783522505784575],[-107.82429178973909,31.783483659545123],[-107.84060995136598,31.783442719417796],[-107.85692793089773,31.78339968545497],[-107.87324572663984,31.783354557709774],[-107.88956333689787,31.783307336236053],[-107.90588075997746,31.783258021088439],[-107.92308652839937,31.783203754155348],[-107.94029208483302,31.783147159449388],[-107.95749742729228,31.78308823703733],[-107.97470255379113,31.783026986986862],[-107.9919074623437,31.782963409366584],[-108.00911215096423,31.782897504246062],[-108.02631661766702,31.782829271695771],[-108.04352086046663,31.782758711787103],[-108.068918956768,31.782650290004149],[-108.09431655437044,31.782536796272584],[-108.11971364688712,31.782418230833269],[-108.14511022793187,31.782294593931457],[-108.15537548907717,31.782243179818323],[-108.16707775448096,31.782183557807855],[-108.17972324918786,31.782117919046275],[-108.20610550556771,31.781976926957416]]]},"properties":{"OBJECTID":3,"DISTRITO":3,"ENTIDAD":8,"D":"uno","Shape_Length":860029.81083202502,"Shape_Area":21728909334.579224}},{"type":"Feature","id":4,"geometry":{"type":"Polygon","coordinates":[[[-106.45603533849666,31.764197820254534],[-106.46084871326995,31.763845664744416],[-106.46401607553074,31.762793741671203],[-106.46617262298292,31.761073480060631],[-106.46944587891052,31.757610160682169],[-106.47253512037874,31.751979985793749],[-106.47349010766816,31.750826860784034],[-106.47538741379131,31.750581407050738],[-106.47843283764674,31.74983723844722],[-106.47996820472943,31.749524245534609],[-106.48252419466181,31.748289203694259],[-106.48241373192434,31.747601381880894],[-106.482379038388,31.747432824803528],[-106.48227148508221,31.746870412354163],[-106.48218220059425,31.746497003346917],[-106.48216162410611,31.746410943283024],[-106.48199627560518,31.745719402273188],[-106.48193719292264,31.745472296669845],[-106.4817471500796,31.744677457240456],[-106.48173846875517,31.744641143861521],[-106.48152790648668,31.743760466805416],[-106.48209438455781,31.743837155959341],[-106.48264254570572,31.743872862158113],[-106.4831207092943,31.743904007126137],[-106.48357764792406,31.743933767381559],[-106.48420045640471,31.743974328538147],[-106.48440399212609,31.742890708760726],[-106.48429811278615,31.742568720964261],[-106.48365835300065,31.740374017785776],[-106.48342749079684,31.739582011886291],[-106.48325844106282,31.739002057356501],[-106.48293040366397,31.738305652912494],[-106.48269315715325,31.737783182461339],[-106.4824311210123,31.737152312431334],[-106.48228971169364,31.736741455738809],[-106.4823096980395,31.736659328545979],[-106.48243517802879,31.736491736693552],[-106.48251538570482,31.736044636934384],[-106.48220755420132,31.734981841199978],[-106.48200834720858,31.734590648712523],[-106.48198213370463,31.734298777822225],[-106.4819209333296,31.733924754217195],[-106.48285587888597,31.733713618301284],[-106.4832414049398,31.733617743283652],[-106.4831341531107,31.733136218320301],[-106.48285630676206,31.732012806475574],[-106.4827368443656,31.731529775870101],[-106.48264629638751,31.7309892571901],[-106.48271365331304,31.730759706916974],[-106.48268322104821,31.730684366247523],[-106.48240816248153,31.730001527850046],[-106.48213929483019,31.729337758032091],[-106.48211521790381,31.729275445147767],[-106.48188694560359,31.728684653821084],[-106.48163961525979,31.728044530258728],[-106.48139380860601,31.727408338607731],[-106.48114800441918,31.726772146330752],[-106.48090625969111,31.726155459871922],[-106.48065599301671,31.725517023351646],[-106.48040668041281,31.72488101437024],[-106.48014599836483,31.724215986841621],[-106.47991461375508,31.72361505079261],[-106.47966520540183,31.722967296854641],[-106.47954138757814,31.722645714644734],[-106.47941545279254,31.722318636092879],[-106.47915854767818,31.721651389060582],[-106.47893238193716,31.72106397019197],[-106.47923270409889,31.720984672063832],[-106.47934282712167,31.720917871896777],[-106.47975804171008,31.720666003333633],[-106.48018452731509,31.72040729555588],[-106.48057426722434,31.720170874363191],[-106.48156951752952,31.719567133146342],[-106.48197113692845,31.719323499156328],[-106.48217022800233,31.719200438312299],[-106.48264610377414,31.718914035089409],[-106.48309795558502,31.718639919122658],[-106.48334328674157,31.718618074563235],[-106.48325364415483,31.71844336177686],[-106.48323124000719,31.717977543027605],[-106.48320883618111,31.717511724234619],[-106.48318574664334,31.717031652313008],[-106.48314271782012,31.71603765520949],[-106.48311831058632,31.715473835334429],[-106.48309609699778,31.714960671758426],[-106.4830561149394,31.713913216417627],[-106.48303256599469,31.713296289570042],[-106.48301613321807,31.712865760882522],[-106.48299536096847,31.712455950337894],[-106.48299369960968,31.7124231806431],[-106.48298381171783,31.712228088768136],[-106.48295939050317,31.711746268300239],[-106.48292225334731,31.7110135595561],[-106.48290099170666,31.710594077882682],[-106.48289381994809,31.710452581571904],[-106.48303327641594,31.710382799482179],[-106.48324974450604,31.710274481693716],[-106.48341325911944,31.710192660585992],[-106.48398946599008,31.709904329458809],[-106.4844055653231,31.709696112511732],[-106.48494673638892,31.709425306688704],[-106.48559326544139,31.709101773532939],[-106.48571449809398,31.709041106325291],[-106.48564701301019,31.708804301374379],[-106.48548139083647,31.708223130119546],[-106.48543330879545,31.708054407587955],[-106.48534620224093,31.707748742058815],[-106.48524655770166,31.707399080727395],[-106.48510468441432,31.706901227534157],[-106.4849520169313,31.70636549223552],[-106.48488584032799,31.706133263094689],[-106.48473583894514,31.705606872665253],[-106.48449891756378,31.704775441319182],[-106.48441187796813,31.704469989706958],[-106.48430035367072,31.704078608816822],[-106.48420141655262,31.703711620732285],[-106.48412799338658,31.70343927118078],[-106.48395563564218,31.702799933177165],[-106.48383614765592,31.702356700414885],[-106.48376746905055,31.702101941072563],[-106.48372322769153,31.701937831308676],[-106.48357231498707,31.701378018180282],[-106.4834080794791,31.700768781969327],[-106.48333142206629,31.700513337515488],[-106.48294796491697,31.699235546150017],[-106.48279662815099,31.698731237596697],[-106.48258314540273,31.69801982476287],[-106.48238862801171,31.697326577314101],[-106.48233719464997,31.697142280554893],[-106.48245339175612,31.696992698576878],[-106.48237291335595,31.696812666284632],[-106.48225050367404,31.696815064434432],[-106.48223765810752,31.69655291717126],[-106.4820799326038,31.696105904747167],[-106.48206875503115,31.696068073883101],[-106.48194125274162,31.695636527164293],[-106.4818693465196,31.695393152138617],[-106.48179556295541,31.695143024187431],[-106.48160660954547,31.694502455494327],[-106.48154290162692,31.694286479716702],[-106.48117563425943,31.693041382064514],[-106.48115570401768,31.692973815259972],[-106.48098742148476,31.692403295061609],[-106.48097543873496,31.692362669722549],[-106.48079234262114,31.691741920585677],[-106.4807661440086,31.691653097488203],[-106.47990028177874,31.690961054307135],[-106.47897055391174,31.690217946722626],[-106.47869019801304,31.689992730024873],[-106.47803738877246,31.689468303713515],[-106.47718838222603,31.688782079843691],[-106.47708975058616,31.688707011872292],[-106.47620407747702,31.68799548176321],[-106.47574526017534,31.687633935928389],[-106.47572349240099,31.687616782875363],[-106.47528119893794,31.687268252489726],[-106.47434661678864,31.686531781461341],[-106.47379385412751,31.686096184483215],[-106.47356535168363,31.685916113458447],[-106.47333718401539,31.685906145489582],[-106.47273257858807,31.685881102549718],[-106.47208579051937,31.68585430824864],[-106.47195618238007,31.685849116065736],[-106.47154368131646,31.685832591381399],[-106.47145578123747,31.685828206536812],[-106.47102057799087,31.685810173077385],[-106.47079304061636,31.685800744451662],[-106.47058367420802,31.685792068429727],[-106.47013100015273,31.685773308729679],[-106.46953862341269,31.68574875644293],[-106.46674023961918,31.685632736198322],[-106.46546648157421,31.685579905670355],[-106.46538925298898,31.685331021585462],[-106.4650701454789,31.684302619375469],[-106.46480922248945,31.683461712761982],[-106.46406663692149,31.683611797363454],[-106.46392083867381,31.683149250070613],[-106.46365875921832,31.68231778807171],[-106.46347242569357,31.681726621975923],[-106.46294538473066,31.67982513839527],[-106.46215848384092,31.679995665040657],[-106.46175955753455,31.679989899454739],[-106.46132873970323,31.679983671681505],[-106.46118093712457,31.679981534655976],[-106.46125858368305,31.678500088181558],[-106.46130285839645,31.677124383841612],[-106.46076282386568,31.677095747618178],[-106.46016680440592,31.677051523098928],[-106.45997395315065,31.677045003685443],[-106.45998350049476,31.676914028405939],[-106.46001626339563,31.676464598673963],[-106.46003698415518,31.6759882276559],[-106.46005881156889,31.675486394032173],[-106.46007842325906,31.675035487353487],[-106.46008752951664,31.674826130426787],[-106.46011509276293,31.673326153745357],[-106.45981175515932,31.673312470240614],[-106.4598547986167,31.672849693444558],[-106.4599109655407,31.67224580948778],[-106.45852815797063,31.672073762950749],[-106.45584215992925,31.67173953032766],[-106.45418042310277,31.67166845520206],[-106.45230958222599,31.671588410538629],[-106.45101969357603,31.671533205920191],[-106.4511061311099,31.670960934454527],[-106.45009841766465,31.670906153885319],[-106.44934472500032,31.670865177464911],[-106.44864136276433,31.670826933049632],[-106.44803092262188,31.670793739049195],[-106.44727702136491,31.670746765512686],[-106.44650128361175,31.670698314801907],[-106.44576393383019,31.670668591195362],[-106.44582303277055,31.669333558256618],[-106.4458530236129,31.668980672865668],[-106.44591429628144,31.668735857944625],[-106.44595466362865,31.66811232546387],[-106.44596822558358,31.667902852400328],[-106.44575887785562,31.667888888868816],[-106.44536580498226,31.66786266953946],[-106.44489551482314,31.66782941484631],[-106.44459716459009,31.667808317734963],[-106.44424034925301,31.667783085325524],[-106.44380814672836,31.667752520303537],[-106.44342269520851,31.667725259702284],[-106.44321569826448,31.667710620382106],[-106.44300870030327,31.667695979834004],[-106.44286039663967,31.6676854905601],[-106.44241202663048,31.667653777548164],[-106.44183515286551,31.66761297247087],[-106.44125827949949,31.667572164769137],[-106.44073882011905,31.667519244913997],[-106.44042693452222,31.667491776797721],[-106.43843486362609,31.667332631026394],[-106.43756253808601,31.667262931481869],[-106.43620036446391,31.667154080941256],[-106.43384391494006,31.666965741957668],[-106.43362945580874,31.666948599889825],[-106.43206345960034,31.66680859667666],[-106.43159901300561,31.666769211036989],[-106.43017296902759,31.666648269418165],[-106.43006448304031,31.666315305538717],[-106.42878089255818,31.666281725655285],[-106.42772466155051,31.666254083839224],[-106.4273270567285,31.666243675938823],[-106.42704572520726,31.666233594594825],[-106.42682962670301,31.666220606333905],[-106.42701906700391,31.665300391009616],[-106.42666341023354,31.665290199172986],[-106.42555512129125,31.665251160289476],[-106.42446431721535,31.665212728432682],[-106.42332231232409,31.66517248228773],[-106.42114294173163,31.66509438682434],[-106.42006708184618,31.665055820280283],[-106.41894477816412,31.665015579888504],[-106.41827981910008,31.664991732751275],[-106.4168937464453,31.665038455184998],[-106.41640960859982,31.665046643593367],[-106.41428631541278,31.665082534261281],[-106.41072557928794,31.665170134991698],[-106.40968211998536,31.665168146704755],[-106.40864667206164,31.665174456420196],[-106.40764293514432,31.665190662103864],[-106.40661341854214,31.665207275819558],[-106.40558390231109,31.66522388212681],[-106.40447258531604,31.665241077516161],[-106.40348749848717,31.665256318110881],[-106.40245456419207,31.665272290860965],[-106.40140559201791,31.665258485071785],[-106.40036553610824,31.665263756991521],[-106.39958439481693,31.665316463913268],[-106.39935221332865,31.665318475730881],[-106.39839079836568,31.665304198987162],[-106.3979155529654,31.665253192161263],[-106.39744761511623,31.665145254500864],[-106.3969575546196,31.665009168901442],[-106.39644880260106,31.66471096430649],[-106.39603232452866,31.664418704159022],[-106.3951879083251,31.663792565280044],[-106.39453011965495,31.663317427179855],[-106.39361258298472,31.662652564211946],[-106.39309808312618,31.662192176881899],[-106.39278936322833,31.661852350749811],[-106.3924749465174,31.661494035918665],[-106.39215531837119,31.661149689435845],[-106.39183698990423,31.660802655867791],[-106.39145671151162,31.660480193002513],[-106.39136365617257,31.660403427890007],[-106.39072244564549,31.659964128531819],[-106.38980831954173,31.659385089472163],[-106.38927590403375,31.659205060937271],[-106.38813709083182,31.658939503196084],[-106.3869839944019,31.658696963418631],[-106.3866902822391,31.658635227163963],[-106.38672360154514,31.658292012630927],[-106.38702281523358,31.656102014207999],[-106.38509841121585,31.655568994792485],[-106.38530958391566,31.654915225893099],[-106.3862696013839,31.65518493834189],[-106.38593051332414,31.65435818965333],[-106.38551237552106,31.654248922585825],[-106.38394561300798,31.653839669902087],[-106.38390815449451,31.653829883176648],[-106.38387069704294,31.653820096428522],[-106.38209071109019,31.653355073745772],[-106.38115485296825,31.65311056774145],[-106.38022488267868,31.652867591440003],[-106.37926139564223,31.652615850160739],[-106.37828281561887,31.652360156289959],[-106.37732854376004,31.652110804941806],[-106.37637427674662,31.651861446301428],[-106.37540766287272,31.651623158830713],[-106.37444105367182,31.651384863887689],[-106.37350124325361,31.651153167052911],[-106.37250631918323,31.650908617159487],[-106.37151224465404,31.650664266780982],[-106.37057048229313,31.650432766608471],[-106.36959961710667,31.650186605644556],[-106.36865035251304,31.649945912317012],[-106.36766023214071,31.649694852257166],[-106.36655387127065,31.649414305813661],[-106.36556667562465,31.649163967469789],[-106.36463381285398,31.6489250060886],[-106.3646109740319,31.64891915560322],[-106.36365951446365,31.648675421503281],[-106.36269609412881,31.648428615332204],[-106.36168201685236,31.648167862411167],[-106.36072333615706,31.647923213381674],[-106.35974317579016,31.647649147767204],[-106.35885426697803,31.647400589120132],[-106.35757411646732,31.647160558986219],[-106.35648601273193,31.646925558291059],[-106.35637079370046,31.64728599139201],[-106.35622763139897,31.647730816670208],[-106.35609689789899,31.648136785448926],[-106.35607379118429,31.648211066802133],[-106.35600793558922,31.648423414881751],[-106.35590225121683,31.648763916807003],[-106.35580792513092,31.649067823588791],[-106.35579209913871,31.649118814271418],[-106.35531929082595,31.650642109636891],[-106.35467451813675,31.652719367371994],[-106.35426497790425,31.654038729355477],[-106.35384201493603,31.655401297602769],[-106.35371065552762,31.655824461210933],[-106.35309132528995,31.657621593432509],[-106.35278032324283,31.658524011069062],[-106.35234838507884,31.659825553690339],[-106.35171132832484,31.661927896657058],[-106.35062736531876,31.665504856093278],[-106.3505997633836,31.665583501525095],[-106.35054897902327,31.66572819625981],[-106.35047626511104,31.665935369966494],[-106.35031247261772,31.666402042164453],[-106.35009032258955,31.66661799512395],[-106.34949973469951,31.66733816038651],[-106.34882645596139,31.667901691499491],[-106.3497813869871,31.667736938900809],[-106.34983958481298,31.6677427137558],[-106.34989778369967,31.667748488572894],[-106.34965772509042,31.668549245210521],[-106.3494616661221,31.669203198454479],[-106.34926880357374,31.669846485246442],[-106.34906197319991,31.670536348594045],[-106.34899748598555,31.670751438002384],[-106.34849370792043,31.672364799443727],[-106.34720321019164,31.676497404961331],[-106.34588448840861,31.680588822673759],[-106.34523170289181,31.681484944635613],[-106.34468490121466,31.681981036548933],[-106.34458436231984,31.682422558238258],[-106.34312743171729,31.682953778038371],[-106.34475150767909,31.686672052300459],[-106.34579981716027,31.688895454728769],[-106.34629230395537,31.690097766722928],[-106.34684752634729,31.691073711558179],[-106.34743600212788,31.692523278489428],[-106.34799679875256,31.693882853083394],[-106.34863679353305,31.695241587093047],[-106.34900388519888,31.695982522919081],[-106.34946434273486,31.696790180175189],[-106.35066924661263,31.697962361030143],[-106.35206804988547,31.69885034688118],[-106.35292168916713,31.699461973528795],[-106.35408232443289,31.700307322440725],[-106.3558678661969,31.701461998834091],[-106.3590791170751,31.703526839421176],[-106.35995792305718,31.704047868361798],[-106.36065179975319,31.704559579312743],[-106.36201169547613,31.705481721300483],[-106.36282404866756,31.705969584382633],[-106.36345179865707,31.706470701772577],[-106.36442486315589,31.707114826134219],[-106.36586418979395,31.708047360617318],[-106.36628637117001,31.708327910027162],[-106.36670855506766,31.708608457954924],[-106.3670128977986,31.708811022449765],[-106.36731724080028,31.709013587087604],[-106.36876916131223,31.709900811893494],[-106.3698350212066,31.710566467697429],[-106.37042390647193,31.711113106374832],[-106.3712903110268,31.711679327994624],[-106.37218528447296,31.712391940910674],[-106.37253372820548,31.712841653055456],[-106.3730062735473,31.713426821950197],[-106.37333525946757,31.713787577185315],[-106.37362730897507,31.714204067350753],[-106.3738379790275,31.714589152912261],[-106.37399287880585,31.71485033247837],[-106.37407315104917,31.715172264748048],[-106.37419226865543,31.715567559542588],[-106.37425622544042,31.715880444402536],[-106.37436818206423,31.716155920130124],[-106.37447562987808,31.716491392816256],[-106.37449691363992,31.716837016708812],[-106.37459330362228,31.717154163141831],[-106.37471768421892,31.717540177375415],[-106.37485188930512,31.717903401166186],[-106.37497054847775,31.718224546019211],[-106.37502487900974,31.718615927892902],[-106.37519289106191,31.719033750836296],[-106.37530143596516,31.719442992931324],[-106.3754234386107,31.719667633751804],[-106.37543285024931,31.719939603170584],[-106.37546855097729,31.720165176044301],[-106.37562550720494,31.720564672221684],[-106.37579291381158,31.720940998488775],[-106.3757550055727,31.721296483837378],[-106.37593470034537,31.721774127796127],[-106.3760052875634,31.722169944098166],[-106.37617256254531,31.722537048013294],[-106.37630570102992,31.722784625309572],[-106.37646150706146,31.723105738890304],[-106.3764875826988,31.72340980803763],[-106.37657791002171,31.723680904177272],[-106.37665410169997,31.724090494059872],[-106.37673767345562,31.724269434677556],[-106.37677850114588,31.724476505368262],[-106.37684192738419,31.724752502479586],[-106.37696441949595,31.725009417029884],[-106.37711715684542,31.725487349158001],[-106.37717081984057,31.725832622976455],[-106.37730505721893,31.726153968295499],[-106.3773781852026,31.726356078091101],[-106.37739408883999,31.72670175981186],[-106.37741935045131,31.726950500545168],[-106.37764358496328,31.727519887341384],[-106.37778069230521,31.728034878798425],[-106.37808878668244,31.728437348621604],[-106.3784184614813,31.728839584222115],[-106.37870607602962,31.729316055953007],[-106.37906361921168,31.730142234223973],[-106.37918106604623,31.730290851131731],[-106.37929851327426,31.730439468819156],[-106.37956948435641,31.730782350275916],[-106.3803810111247,31.731658945836074],[-106.38169023388633,31.7326223679603],[-106.38235386446706,31.732984079906384],[-106.38301750013997,31.733345789130819],[-106.38384490380867,31.733834834174488],[-106.3841513001054,31.734080976190846],[-106.38441281601837,31.734289801586065],[-106.38523666711653,31.734539084920112],[-106.38586740641762,31.734864245018954],[-106.3866065961882,31.735225113256615],[-106.38725974964065,31.735605358074636],[-106.38781648748454,31.736032763951378],[-106.38819722346082,31.736236127730052],[-106.388577962143,31.736439491207417],[-106.38934871834118,31.736744661569087],[-106.39006635651748,31.737105744097835],[-106.39034009813201,31.737370216503376],[-106.3908094392992,31.73772477962293],[-106.39142791210092,31.737948596045968],[-106.39255683037685,31.738388176367707],[-106.39445737882608,31.739188212097108],[-106.3953951448681,31.739832757395927],[-106.39616871733263,31.74032230922624],[-106.39644186290562,31.740545272537503],[-106.39671501082769,31.740768234304337],[-106.39780331734285,31.741374220510551],[-106.39874886955651,31.74181575590011],[-106.39958624682015,31.742240027192704],[-106.40080574225962,31.742955217763186],[-106.40154644105812,31.74340820681229],[-106.40276374107187,31.7439758390334],[-106.4043190472712,31.744770301791249],[-106.40542958813388,31.745412865953909],[-106.40604925999226,31.745710376912921],[-106.40657432919924,31.746174938194645],[-106.40755708540475,31.746929565502111],[-106.40827459114971,31.747272097634312],[-106.40888265593999,31.747514387251638],[-106.41010888734357,31.747952731608994],[-106.41075436924919,31.748119137771631],[-106.41142296785199,31.748518934092584],[-106.41182478683969,31.748653095820636],[-106.41215967053074,31.74905510369145],[-106.41224853439324,31.749125613193041],[-106.41233739945935,31.749196123518189],[-106.41251512785634,31.74933714218799],[-106.41309196443306,31.749653538754028],[-106.41377909882443,31.750125493389742],[-106.41469187659501,31.750530379463537],[-106.41551791116572,31.750908555485402],[-106.41621760433017,31.751140568036298],[-106.41647295626005,31.751253012044806],[-106.41672354594084,31.751407010165753],[-106.41702893641549,31.751615734393162],[-106.41735976231601,31.751722726441773],[-106.41772540464112,31.751797169658385],[-106.41883499324712,31.752204327321298],[-106.41943127000762,31.75237752597425],[-106.41988052565627,31.752464745755383],[-106.42069852432502,31.752667746492126],[-106.42095914175466,31.752770900496511],[-106.42150686288339,31.752944630872239],[-106.42204749924092,31.753007766637538],[-106.42276080071893,31.753068971798715],[-106.42358441802013,31.753285725483277],[-106.4282365611042,31.753729214324618],[-106.43415586305986,31.754800208411897],[-106.43757725458474,31.756334984862615],[-106.44672992544434,31.762265859483787],[-106.45109151077763,31.76317149394966],[-106.45603533849666,31.764197820254534]]]},"properties":{"OBJECTID":4,"DISTRITO":4,"ENTIDAD":8,"D":"uno","Shape_Length":44916.812554582051,"Shape_Area":107310422.60760185}}]
}